"txNomeParlamentar";"cpf";"ideCadastro";"nuCarteiraParlamentar";"nuLegislatura";"sgUF";"sgPartido";"codLegislatura";"numSubCota";"txtDescricao";"numEspecificacaoSubCota";"txtDescricaoEspecificacao";"txtFornecedor";"txtCNPJCPF";"txtNumero";"indTipoDocumento";"datEmissao";"vlrDocumento";"vlrGlosa";"vlrLiquido";"numMes";"numAno";"numParcela";"txtPassageiro";"txtTrecho";"numLote";"numRessarcimento";"datPagamentoRestituicao";"vlrRestituicao";"nuDeputadoId";"ideDocumento";"urlDocumento"
"Giovani Cherini";"31050778049";"160673";"502";"2023";"RS";"PL";"57";"3";"COMBUSTÍVEIS E LUBRIFICANTES.";"1";"Veículos Automotores";"VIA MAIS REDE DE POSTOS S.A.";"092.738.850/0017-7";"406366";"4";"2026-06-12T00:00:00";"150";"0";"150";"6";"2026";"0";"";"";"2247162";"";"";"";"2281";"8120880";"https://www.camara.leg.br/cota-parlamentar/nota-fiscal-eletronica?ideDocumentoFiscal=8120880"
"Helena Lima";"44710623287";"220537";"4";"2023";"RR";"PSD";"57";"3";"COMBUSTÍVEIS E LUBRIFICANTES.";"1";"Veículos Automotores";"RR COMERCIO DE COMBUSTIVEIS LTDA  92";"134.522.540/0019-2";"21733";"4";"2026-02-12T00:00:00";"375.3";"0";"375.3";"2";"2026";"0";"";"";"2210502";"";"";"";"3557";"8053075";"https://www.camara.leg.br/cota-parlamentar/nota-fiscal-eletronica?ideDocumentoFiscal=8053075"
"Luiz Nishimori";"08781460910";"162332";"459";"2023";"PR";"PSD";"57";"120";"LOCAÇÃO OU FRETAMENTO DE VEÍCULOS AUTOMOTORES";"0";"";"PANTANAL-VEICULOS LTDA";"073.193.230/0019-1";"29191";"1";"2026-07-10T00:00:00";"4900";"0";"4900";"6";"2026";"0";"";"";"2251851";"";"";"";"2424";"8130681";"https://www.camara.leg.br/cota-parlamentar/documentos/publ/2424/2026/8130681.pdf"
"Fred Costa";"02505101620";"204494";"244";"2023";"MG";"PRD";"57";"3";"COMBUSTÍVEIS E LUBRIFICANTES.";"1";"Veículos Automotores";"AUTO POSTO ORIGINAL BRASILIA DERIVADOS DE PETROLEO LTDA";"091.039.750/0011-0";"892924";"4";"2026-07-08T00:00:00";"100";"0";"100";"7";"2026";"0";"";"";"2251643";"";"";"";"3387";"8130262";"https://www.camara.leg.br/cota-parlamentar/nota-fiscal-eletronica?ideDocumentoFiscal=8130262"
"Lincoln Portela";"10254730191";"74585";"243";"2023";"MG";"PL";"57";"8";"SERVIÇO DE SEGURANÇA PRESTADO POR EMPRESA ESPECIALIZADA.";"0";"";"EMIVE PATRULHA 24 HORAS";"020.597.530/0010-6";"118526";"0";"2026-02-18T00:00:00";"406.76";"0";"406.76";"2";"2026";"0";"";"";"2217309";"";"";"";"1355";"8065196";"https://www.camara.leg.br/cota-parlamentar/documentos/publ/1355/2026/8065196.pdf"
"Newton Cardoso Jr";"01266637699";"178896";"247";"2023";"MG";"MDB";"57";"1";"MANUTENÇÃO DE ESCRITÓRIO DE APOIO À ATIVIDADE PARLAMENTAR";"0";"";"AM EMPREENDIMENTOS IMOBILIÁRIOS LTDA";"143.747.410/0014-7";"000425";"1";"2026-01-01T00:00:00";"6200";"0";"6200";"1";"2026";"0";"";"";"2218750";"";"";"";"2925";"8067779";"https://www.camara.leg.br/cota-parlamentar/documentos/publ/2925/2026/8067779.pdf"
"Lindbergh Farias";"69049351468";"74858";"309";"2023";"RJ";"PT";"57";"3";"COMBUSTÍVEIS E LUBRIFICANTES.";"1";"Veículos Automotores";"AUTO POSTO STRADA LTDA";"598.230.120/0016-9";"46125";"4";"2026-04-14T00:00:00";"341.76";"0";"341.76";"4";"2026";"0";"";"";"2227834";"";"";"";"1107";"8084516";"https://www.camara.leg.br/cota-parlamentar/nota-fiscal-eletronica?ideDocumentoFiscal=8084516"
"Ivan Valente";"37655582815";"73531";"525";"2023";"SP";"PSOL";"57";"3";"COMBUSTÍVEIS E LUBRIFICANTES.";"1";"Veículos Automotores";"AUTO POSTO OBJETIVO LTDA";"029.129.200/0010-1";"18264";"0";"2026-02-19T00:00:00";"209.22";"0";"209.22";"2";"2026";"0";"";"";"2221100";"";"";"";"1049";"8072266";"https://www.camara.leg.br/cota-parlamentar/documentos/publ/1049/2026/8072266.pdf"
"Coronel Assis";"68902417115";"220594";"405";"2023";"MT";"PL";"57";"3";"COMBUSTÍVEIS E LUBRIFICANTES.";"1";"Veículos Automotores";"POINT COMERCIO DE COMBUSTIVEIS LTDA";"621.129.210/0010-1";"92907";"0";"2026-06-30T00:00:00";"324.88";"0";"324.88";"6";"2026";"0";"";"";"2257674";"";"";"";"3544";"8142669";"https://www.camara.leg.br/cota-parlamentar/documentos/publ/3544/2026/8142669.pdf"
"Meire Serafim";"57923990263";"220591";"56";"2023";"AC";"UNIÃO";"57";"3";"COMBUSTÍVEIS E LUBRIFICANTES.";"1";"Veículos Automotores";"REDE BONS AMIGOS GETULIO VARGAS COM DE PETR. LTDA";"445.265.550/0014-7";"311982";"4";"2026-03-30T18:56:53";"100";"0";"100";"3";"2026";"0";"";"";"2226674";"";"";"";"3666";"8082306";"https://www.camara.leg.br/cota-parlamentar/nota-fiscal-eletronica?ideDocumentoFiscal=8082306"
"Lincoln Portela";"10254730191";"74585";"243";"2023";"MG";"PL";"57";"3";"COMBUSTÍVEIS E LUBRIFICANTES.";"1";"Veículos Automotores";"AUTO POSTO DAS ALTURAS LTDA";"258.653.120/0019-9";"40967";"0";"2026-05-12T00:00:00";"200";"0";"200";"5";"2026";"0";"";"";"2247721";"";"";"";"1355";"8122329";"https://www.camara.leg.br/cota-parlamentar/documentos/publ/1355/2026/8122329.pdf"
"Bacelar";"10626409500";"69871";"184";"2023";"BA";"PV";"57";"3";"COMBUSTÍVEIS E LUBRIFICANTES.";"1";"Veículos Automotores";"EN COMBUSTIVEL LTDA";"559.865.600/0015-9";"67691";"4";"2026-08-08T00:00:00";"536.18";"0";"536.18";"8";"2026";"0";"";"";"2259584";"";"";"";"2985";"8146438";"https://www.camara.leg.br/cota-parlamentar/nota-fiscal-eletronica?ideDocumentoFiscal=8146438"
"Padre João";"72425610600";"160556";"259";"2023";"MG";"PT";"57";"3";"COMBUSTÍVEIS E LUBRIFICANTES.";"1";"Veículos Automotores";"PIO XII COMBUSTIVEIS LTDA";"263.241.360/0014-0";"708599";"0";"2026-04-13T00:00:00";"342.74";"0";"342.74";"4";"2026";"0";"";"";"2227573";"";"";"";"2305";"8083262";"https://www.camara.leg.br/cota-parlamentar/documentos/publ/2305/2026/8083262.pdf"
"Juninho do Pneu";"07845799700";"204457";"308";"2023";"RJ";"PSDB";"57";"3";"COMBUSTÍVEIS E LUBRIFICANTES.";"1";"Veículos Automotores";"POSTO DE GASOLINA QUINTELLA LTDA";"272.783.810/0012-1";"1020";"4";"2026-03-16T00:00:00";"477.6";"0";"477.6";"3";"2026";"0";"";"";"2218357";"";"";"";"3391";"8067062";"https://www.camara.leg.br/cota-parlamentar/nota-fiscal-eletronica?ideDocumentoFiscal=8067062"
"Adilson Barroso";"05585378805";"221328";"519";"2023";"SP";"PL";"57";"3";"COMBUSTÍVEIS E LUBRIFICANTES.";"1";"Veículos Automotores";"auto posto bombonato ltda";"966.403.620/0011-6";"144673";"0";"2026-03-26T00:00:00";"150";"0";"150";"3";"2026";"0";"";"";"2222082";"";"";"";"3712";"8074052";"https://www.camara.leg.br/cota-parlamentar/documentos/publ/3712/2026/8074052.pdf"
"Jonas Donizette";"09696450826";"160548";"362";"2023";"SP";"PSB";"57";"120";"LOCAÇÃO OU FRETAMENTO DE VEÍCULOS AUTOMOTORES";"0";"";"GERMÂNICA LOCADORA DE VEÍCULOS LTDA";"140.093.700/0010-2";"13872";"1";"2026-02-09T00:00:00";"5443";"0";"5443";"1";"2026";"0";"";"";"2208505";"";"";"";"2251";"8048892";"https://www.camara.leg.br/cota-parlamentar/documentos/publ/2251/2026/8048892.pdf"
"Lucas Redecker";"71471278115";"204404";"501";"2023";"RS";"PSD";"57";"3";"COMBUSTÍVEIS E LUBRIFICANTES.";"1";"Veículos Automotores";"POSTO DE COMBUSTIVEIS 208 SUL LTDA";"204.739.430/0014-9";"383";"4";"2026-04-06T00:00:00";"305.51";"0";"305.51";"4";"2026";"0";"";"";"2223607";"";"";"";"3325";"8076834";"https://www.camara.leg.br/cota-parlamentar/nota-fiscal-eletronica?ideDocumentoFiscal=8076834"
"Luiz Couto";"02043033468";"74041";"130";"2023";"PB";"PT";"57";"1";"MANUTENÇÃO DE ESCRITÓRIO DE APOIO À ATIVIDADE PARLAMENTAR";"0";"";"Energisa Paraíba Distribuidora de Energia S.A.";"090.951.830/0014-0";"77866786";"0";"2026-05-04T00:00:00";"893.08";"0";"893.08";"5";"2026";"0";"";"";"2234273";"";"";"";"1590";"8096571";"https://www.camara.leg.br/cota-parlamentar/documentos/publ/1590/2026/8096571.pdf"
"Delegada Adriana Accorsi";"78283035134";"220565";"419";"2023";"GO";"PT";"57";"3";"COMBUSTÍVEIS E LUBRIFICANTES.";"1";"Veículos Automotores";"POSTO T- SETE LTDA";"011.357.140/0017-0";"15092";"4";"2026-03-16T00:00:00";"213.21";"0";"213.21";"3";"2026";"0";"";"";"2232451";"";"";"";"3578";"8093251";"https://www.camara.leg.br/cota-parlamentar/nota-fiscal-eletronica?ideDocumentoFiscal=8093251"
"Albuquerque";"44203071291";"220538";"1";"2023";"RR";"REPUBLICANOS";"57";"120";"LOCAÇÃO OU FRETAMENTO DE VEÍCULOS AUTOMOTORES";"0";"";"PARIMA RENT A CAR";"069.837.350/0016-9";"169";"0";"2026-04-08T00:00:00";"10000";"0";"10000";"3";"2026";"0";"";"";"2225338";"";"";"";"3558";"8079399";"https://www.camara.leg.br/cota-parlamentar/documentos/publ/3558/2026/8079399.pdf"
"Renata Abreu";"30669688800";"178989";"330";"2023";"SP";"PODE";"57";"3";"COMBUSTÍVEIS E LUBRIFICANTES.";"1";"Veículos Automotores";"AUTO POSTO SP 12 LTDA";"141.794.080/0018-7";"29797";"0";"2026-02-01T00:00:00";"200";"0";"200";"2";"2026";"0";"";"";"2208829";"";"";"";"3081";"8050077";"https://www.camara.leg.br/cota-parlamentar/documentos/publ/3081/2026/8050077.pdf"
"Mauricio Marcon";"01117026078";"220550";"511";"2023";"RS";"PL";"57";"3";"COMBUSTÍVEIS E LUBRIFICANTES.";"1";"Veículos Automotores";"SIM REDE - CAXIAS FORQUETA";"074.737.350/0077-7";"1660488";"4";"2026-07-14T09:51:20";"281.54";"0";"281.54";"7";"2026";"0";"";"";"2253264";"";"";"";"3512";"8133440";"https://www.camara.leg.br/cota-parlamentar/nota-fiscal-eletronica?ideDocumentoFiscal=8133440"
"Wilson Santiago";"16159977415";"74044";"138";"2023";"PB";"REPUBLICANOS";"57";"3";"COMBUSTÍVEIS E LUBRIFICANTES.";"1";"Veículos Automotores";"MOTOGAS IND.DE COMPRESSAO E COM.DE GAS NATURAL LTD";"014.203.270/0026-6";"120336";"4";"2026-03-02T10:16:32";"280.07";"0";"280.07";"3";"2026";"0";"";"";"2218397";"";"";"";"1704";"8067158";"https://www.camara.leg.br/cota-parlamentar/nota-fiscal-eletronica?ideDocumentoFiscal=8067158"
"Dimas Fabiano";"03694339639";"160599";"231";"2023";"MG";"PP";"57";"122";"SERVIÇO DE TÁXI, PEDÁGIO E ESTACIONAMENTO";"0";"";"Concessionária Rota das Bandeiras";"106.479.790/0014-8";"02825";"1";"2026-02-02T00:00:00";"10.6";"0";"10.6";"2";"2026";"0";"";"";"2216096";"";"";"";"2356";"8062401";"https://www.camara.leg.br/cota-parlamentar/documentos/publ/2356/2026/8062401.pdf"
"Luiz Fernando Faria";"30736250620";"141487";"238";"2023";"MG";"UNIÃO";"57";"1";"MANUTENÇÃO DE ESCRITÓRIO DE APOIO À ATIVIDADE PARLAMENTAR";"0";"";"CONDOMINIO PARQUE AVENIDA";"244.615.420/0012-0";"9319555";"1";"2026-03-17T00:00:00";"606.15";"0";"606.15";"4";"2026";"0";"";"";"2229664";"";"";"";"1879";"8087919";"https://www.camara.leg.br/cota-parlamentar/documentos/publ/1879/2026/8087919.pdf"
"Fernando Rodolfo";"04445225495";"204427";"147";"2023";"PE";"PRD";"57";"3";"COMBUSTÍVEIS E LUBRIFICANTES.";"1";"Veículos Automotores";"POSTO ESPINHEIRO LTDA";"090.441.750/0017-5";"12587";"4";"2026-07-10T00:00:00";"200";"0";"200";"7";"2026";"0";"";"";"2253437";"";"";"";"3243";"8133869";"https://www.camara.leg.br/cota-parlamentar/nota-fiscal-eletronica?ideDocumentoFiscal=8133869"
"Rosana Valle";"10851776884";"204525";"388";"2023";"SP";"PL";"57";"3";"COMBUSTÍVEIS E LUBRIFICANTES.";"1";"Veículos Automotores";"AUTO POSTO SANTOUR LTDA";"004.965.270/0015-9";"319838";"0";"2026-05-29T00:00:00";"49.94";"0";"49.94";"5";"2026";"0";"";"";"2240737";"";"";"";"3281";"8108712";"https://www.camara.leg.br/cota-parlamentar/documentos/publ/3281/2026/8108712.pdf"
"Delegado Paulo Bilynskyj";"06537203945";"220654";"353";"2023";"SP";"PL";"57";"13";"FORNECIMENTO DE ALIMENTAÇÃO DO PARLAMENTAR";"0";"";"SERVICO NACIONAL DE APREND. COMERCIAL";"334.691.720/0164-4";"3112";"4";"2026-04-07T00:00:00";"102.23";"0";"102.23";"4";"2026";"0";"";"";"2224194";"";"";"";"3620";"8077786";"https://www.camara.leg.br/cota-parlamentar/nota-fiscal-eletronica?ideDocumentoFiscal=8077786"
"Guilherme Derrite";"31200606825";"204531";"344";"2023";"SP";"PP";"57";"3";"COMBUSTÍVEIS E LUBRIFICANTES.";"1";"Veículos Automotores";"POSTO FAZENDINHA COM. DE COMBUSTIVEIS LTDA";"043.031.120/0017-2";"54785";"0";"2026-05-26T00:00:00";"335.03";"0";"335.03";"5";"2026";"0";"";"";"2239050";"";"";"";"3390";"8105556";"https://www.camara.leg.br/cota-parlamentar/documentos/publ/3390/2026/8105556.pdf"
"Pastor Henrique Vieira";"12281169707";"220615";"320";"2023";"RJ";"PSOL";"57";"120";"LOCAÇÃO OU FRETAMENTO DE VEÍCULOS AUTOMOTORES";"0";"";"SERVCAR SOLUÇÕES AUTOMOTIVAS LTDA ME";"183.252.640/0018-0";"2482025";"1";"2025-12-20T00:00:00";"3000";"0";"3000";"1";"2026";"0";"";"";"2208134";"";"";"";"3602";"8035393";"https://www.camara.leg.br/cota-parlamentar/documentos/publ/3602/2025/8035393.pdf"
"Ricardo Guidi";"95128140997";"204362";"485";"2023";"SC";"PL";"57";"14";"HOSPEDAGEM ,EXCETO DO PARLAMENTAR NO DISTRITO FEDERAL.";"0";"";"WK ADMINISTRADORA HOTELEIRA LTDA";"225.552.750/0020-5";"44687";"0";"2026-08-06T00:00:00";"570.93";"0";"570.93";"8";"2026";"0";"";"";"2258815";"";"";"";"3346";"8144698";"https://www.camara.leg.br/cota-parlamentar/documentos/publ/3346/2026/8144698.pdf"
"Reimont";"48751626691";"220606";"321";"2023";"RJ";"PT";"57";"122";"SERVIÇO DE TÁXI, PEDÁGIO E ESTACIONAMENTO";"0";"";"SINPETAXI";"000.317.080/0010-0";"S/Nº";"1";"2026-02-24T00:00:00";"97";"0";"97";"2";"2026";"0";"";"";"2214667";"";"";"";"3663";"8060306";"https://www.camara.leg.br/cota-parlamentar/documentos/publ/3663/2026/8060306.pdf"
"Geraldo Mendes";"05025019958";"220702";"456";"2023";"PR";"UNIÃO";"57";"3";"COMBUSTÍVEIS E LUBRIFICANTES.";"1";"Veículos Automotores";"PETRO KENNEDY COMERCIO E TRANSPORTE DE COMBUSTIVEIS LTDA";"151.196.790/0010-0";"2202258";"4";"2026-06-18T10:51:24";"336.69";"0";"336.69";"6";"2026";"0";"";"";"2246502";"";"";"";"3628";"8119459";"https://www.camara.leg.br/cota-parlamentar/nota-fiscal-eletronica?ideDocumentoFiscal=8119459"
"Geovania de Sá";"81095910949";"178966";"523";"2023";"SC";"REPUBLICANOS";"57";"3";"COMBUSTÍVEIS E LUBRIFICANTES.";"1";"Veículos Automotores";"SBB COMERCIO DE COMBUSTIVEL LTDA";"089.116.010/0016-8";"1252808";"4";"2026-04-21T20:12:43";"336.34";"0";"336.34";"4";"2026";"0";"";"";"2230518";"";"";"";"2987";"8089391";"https://www.camara.leg.br/cota-parlamentar/nota-fiscal-eletronica?ideDocumentoFiscal=8089391"
"Messias Donato";"04365812726";"220530";"283";"2023";"ES";"UNIÃO";"57";"3";"COMBUSTÍVEIS E LUBRIFICANTES.";"1";"Veículos Automotores";"RGM COMERCIO DE PETROLEO LTDA";"347.652.280/0019-4";"481758";"4";"2026-04-10T00:00:00";"340.8";"0";"340.8";"4";"2026";"0";"";"";"2228529";"";"";"";"3631";"8085758";"https://www.camara.leg.br/cota-parlamentar/nota-fiscal-eletronica?ideDocumentoFiscal=8085758"
"José Medeiros";"42442540134";"204472";"404";"2023";"MT";"PL";"57";"1";"MANUTENÇÃO DE ESCRITÓRIO DE APOIO À ATIVIDADE PARLAMENTAR";"0";"";"3T HOLDING DE PARTICIPAÇÕES LTDA-EPP";"209.687.990/0011-1";"sn";"1";"2026-03-05T00:00:00";"8149.06";"0";"8149.06";"2";"2026";"0";"";"";"2215282";"";"";"";"3411";"8061670";"https://www.camara.leg.br/cota-parlamentar/documentos/publ/3411/2026/8061670.pdf"
"Rosana Valle";"10851776884";"204525";"388";"2023";"SP";"PL";"57";"1";"MANUTENÇÃO DE ESCRITÓRIO DE APOIO À ATIVIDADE PARLAMENTAR";"0";"";"COMPANHIA PIRATININGA DE FORCA E LUZ";"041.722.130/0015-1";"20125792";"0";"2026-07-24T00:00:00";"122.84";"0";"122.84";"7";"2026";"0";"";"";"2257161";"";"";"";"3281";"8141713";"https://www.camara.leg.br/cota-parlamentar/documentos/publ/3281/2026/8141713.pdf"
"Castro Neto";"42866367391";"220699";"111";"2023";"PI";"MDB";"57";"3";"COMBUSTÍVEIS E LUBRIFICANTES.";"1";"Veículos Automotores";"FCN.X CARVALHO COMBUSTIVEL LTDA";"096.412.080/0016-4";"93077";"4";"2026-02-13T00:00:00";"400";"0";"400";"2";"2026";"0";"";"";"2211784";"";"";"";"3560";"8055527";"https://www.camara.leg.br/cota-parlamentar/nota-fiscal-eletronica?ideDocumentoFiscal=8055527"
"Luiz Carlos Busato";"05698960020";"141485";"500";"2023";"RS";"UNIÃO";"57";"13";"FORNECIMENTO DE ALIMENTAÇÃO DO PARLAMENTAR";"0";"";"CJ FREITAS PROD NATURAIS LTDA";"168.059.770/0011-6";"38653";"4";"2026-05-01T00:00:00";"72.49";"0";"72.49";"5";"2026";"0";"";"";"2237845";"";"";"";"1793";"8103147";"https://www.camara.leg.br/cota-parlamentar/nota-fiscal-eletronica?ideDocumentoFiscal=8103147"
"Delegado Marcelo Freitas";"03572972612";"204512";"227";"2023";"MG";"UNIÃO";"57";"3";"COMBUSTÍVEIS E LUBRIFICANTES.";"1";"Veículos Automotores";"POSTO CHIMBA LTDA";"043.090.860/0019-0";"7509";"0";"2026-08-16T00:00:00";"132.19";"0";"132.19";"8";"2026";"0";"";"";"2261554";"";"";"";"3289";"8150182";"https://www.camara.leg.br/cota-parlamentar/documentos/publ/3289/2026/8150182.pdf"
"Geovania de Sá";"81095910949";"178966";"523";"2023";"SC";"REPUBLICANOS";"57";"14";"HOSPEDAGEM ,EXCETO DO PARLAMENTAR NO DISTRITO FEDERAL.";"0";"";"VIA CATARINA HOTELARIA E PARTICIPAÇÕES LTDA";"406.330.950/0010-3";"98680";"0";"2026-03-21T00:00:00";"678.61";"0";"678.61";"3";"2026";"0";"";"";"2221883";"";"";"";"2987";"8071452";"https://www.camara.leg.br/cota-parlamentar/documentos/publ/2987/2026/8071452.pdf"
"Osmar Terra";"19971478072";"73692";"497";"2023";"RS";"PL";"57";"14";"HOSPEDAGEM ,EXCETO DO PARLAMENTAR NO DISTRITO FEDERAL.";"0";"";"HOTEL JARDIM EUROPA LTDA";"892.722.070/0012-9";"2389";"0";"2026-05-15T00:00:00";"178";"0";"178";"5";"2026";"0";"";"";"2237010";"";"";"";"1514";"8101153";"https://www.camara.leg.br/cota-parlamentar/documentos/publ/1514/2026/8101153.pdf"
"Helio Lopes";"00891743723";"204444";"303";"2023";"RJ";"PL";"57";"5";"DIVULGAÇÃO DA ATIVIDADE PARLAMENTAR.";"0";"";"MIDIA EDUCAÇÃO E COMUNICAÇÃO LTDA";"499.859.150/0019-2";"189";"0";"2026-02-12T00:00:00";"600";"0";"600";"1";"2026";"0";"";"";"2207270";"";"";"";"3344";"8047420";"https://www.camara.leg.br/cota-parlamentar/documentos/publ/3344/2026/8047420.pdf"
"Erika Kokay";"22441107100";"160575";"407";"2023";"DF";"PT";"57";"10";"TELEFONIA";"0";"";"CELULAR FUNCIONAL";"000.000.000/0000-1";"8156346";"0";"";"83.66";"0";"83.66";"6";"2026";"0";"";"";"0";"0";"";"";"2403";"0";""
"Denise Pessôa";"81193157072";"220553";"509";"2023";"RS";"PT";"57";"3";"COMBUSTÍVEIS E LUBRIFICANTES.";"1";"Veículos Automotores";"JANISCH RAIMUNDI E CIA LTDA";"935.442.780/0010-0";"39152";"4";"2026-02-09T00:00:00";"50";"0";"50";"2";"2026";"0";"";"";"2214338";"";"";"";"3677";"8060051";"https://www.camara.leg.br/cota-parlamentar/nota-fiscal-eletronica?ideDocumentoFiscal=8060051"
"Talíria Petrone";"11138295752";"204464";"323";"2023";"RJ";"PSOL";"57";"122";"SERVIÇO DE TÁXI, PEDÁGIO E ESTACIONAMENTO";"0";"";"UBER DO BRASIL TECNOLOGIA LTDA.";"178.956.460/0018-7";"kk00000000";"1";"2026-03-08T00:00:00";"23.95";"0";"23.95";"3";"2026";"0";"";"";"2215952";"";"";"";"3385";"8062848";"https://www.camara.leg.br/cota-parlamentar/documentos/publ/3385/2026/8062848.pdf"
"Ossesio Silva";"39806464753";"204422";"558";"2023";"PE";"REPUBLICANOS";"57";"1";"MANUTENÇÃO DE ESCRITÓRIO DE APOIO À ATIVIDADE PARLAMENTAR";"0";"";"Umbelina Maria Corrêa Cavalcanti Durães";"194.222.884/87  -";"02";"1";"2026-02-25T00:00:00";"4071.93";"0";"4071.93";"2";"2026";"0";"";"";"2212040";"";"";"";"3407";"8055636";"https://www.camara.leg.br/cota-parlamentar/documentos/publ/3407/2026/8055636.pdf"
"Antonio Brito";"51488868549";"160553";"189";"2023";"BA";"PSD";"57";"1";"MANUTENÇÃO DE ESCRITÓRIO DE APOIO À ATIVIDADE PARLAMENTAR";"0";"";"CONDOMÍNIO EMPRESARIAL THOMÉ DE SOUZA";"112.729.770/0018-4";"1617";"1";"2026-02-10T00:00:00";"1488.74";"135.34";"1353.4";"2";"2026";"0";"";"";"2215754";"";"";"";"2407";"8062447";"https://www.camara.leg.br/cota-parlamentar/documentos/publ/2407/2026/8062447.pdf"
"Marcelo Queiroz";"11004696728";"160161";"313";"2023";"RJ";"PSDB";"57";"13";"FORNECIMENTO DE ALIMENTAÇÃO DO PARLAMENTAR";"0";"";"BPMC RESTAURANTE";"533.807.060/0019-2";"79867";"4";"2026-06-09T00:00:00";"93.39";"8.49";"84.9";"6";"2026";"0";"";"";"2243626";"";"";"";"3698";"8113983";"https://www.camara.leg.br/cota-parlamentar/nota-fiscal-eletronica?ideDocumentoFiscal=8113983"
"Paulo Abi-Ackel";"30825628172";"141516";"263";"2023";"MG";"PSDB";"57";"3";"COMBUSTÍVEIS E LUBRIFICANTES.";"1";"Veículos Automotores";"POSTO PONTEIO LTDA";"121.183.790/0011-8";"1050184";"0";"2026-07-10T00:00:00";"338.09";"0";"338.09";"7";"2026";"0";"";"";"2253910";"";"";"";"1904";"8134816";"https://www.camara.leg.br/cota-parlamentar/documentos/publ/1904/2026/8134816.pdf"
"Denise Pessôa";"81193157072";"220553";"509";"2023";"RS";"PT";"57";"3";"COMBUSTÍVEIS E LUBRIFICANTES.";"1";"Veículos Automotores";"ABASTECEDORA GUADALUPE LTDA";"292.991.220/0010-2";"1129329";"4";"2026-02-24T00:00:00";"100";"0";"100";"2";"2026";"0";"";"";"2212254";"";"";"";"3677";"8056329";"https://www.camara.leg.br/cota-parlamentar/nota-fiscal-eletronica?ideDocumentoFiscal=8056329"
"Gilson Daniel";"07454479707";"220529";"278";"2023";"ES";"PODE";"57";"1";"MANUTENÇÃO DE ESCRITÓRIO DE APOIO À ATIVIDADE PARLAMENTAR";"0";"";"Emmanuel Roberto Vieira de Moraes";"674.764.657/68  -";"S/n";"1";"2026-02-01T00:00:00";"2650";"0";"2650";"2";"2026";"0";"";"";"2208819";"";"";"";"3616";"8050062";"https://www.camara.leg.br/cota-parlamentar/documentos/publ/3616/2026/8050062.pdf"
"Denise Pessôa";"81193157072";"220553";"509";"2023";"RS";"PT";"57";"122";"SERVIÇO DE TÁXI, PEDÁGIO E ESTACIONAMENTO";"0";"";"UBER DO BRASIL TECNOLOGIA LTDA.";"178.956.460/0018-7";"s-n-";"1";"2026-01-22T00:00:00";"11.96";"0";"11.96";"1";"2026";"0";"";"";"2212251";"";"";"";"3677";"8056263";"https://www.camara.leg.br/cota-parlamentar/documentos/publ/3677/2026/8056263.pdf"
"Fernando Monteiro";"83146270463";"92699";"146";"2023";"PE";"PSD";"57";"10";"TELEFONIA";"0";"";"TELEFÔNICA BRASIL S/A - VIVO";"025.581.570/0016-2";"0001357133150";"0";"2026-03-11T00:00:00";"123.45";"2.45";"121";"2";"2026";"0";"";"";"2229249";"";"";"";"3090";"8087115";""
"Fernanda Pessoa";"27316939320";"220656";"99";"2023";"CE";"PSD";"57";"3";"COMBUSTÍVEIS E LUBRIFICANTES.";"1";"Veículos Automotores";"SOBRAL   PALACIO PETROLEO LTDA";"072.406.410/0237-8";"171613";"0";"2026-05-28T00:00:00";"320.06";"0";"320.06";"5";"2026";"0";"";"";"2246036";"";"";"";"3577";"8118672";"https://www.camara.leg.br/cota-parlamentar/documentos/publ/3577/2026/8118672.pdf"
"Gervásio Maia";"88623327420";"204394";"133";"2023";"PB";"PCdoB";"57";"3";"COMBUSTÍVEIS E LUBRIFICANTES.";"1";"Veículos Automotores";"RBC COMERCIO DE COMBUSTIVEIS LTDA";"126.250.350/0010-3";"1644166";"4";"2026-04-11T15:21:36";"513.29";"0";"513.29";"4";"2026";"0";"";"";"2225758";"";"";"";"3401";"8080645";"https://www.camara.leg.br/cota-parlamentar/nota-fiscal-eletronica?ideDocumentoFiscal=8080645"
"Fernando Monteiro";"83146270463";"92699";"146";"2023";"PE";"PSD";"57";"14";"HOSPEDAGEM ,EXCETO DO PARLAMENTAR NO DISTRITO FEDERAL.";"0";"";"JOSE ROBERIO DE SIQUEIRA HOTEIS LTDA";"533.423.780/0013-0";"5891";"0";"2026-07-14T00:00:00";"499";"0";"499";"6";"2026";"0";"";"";"2252819";"";"";"";"3090";"8132517";"https://www.camara.leg.br/cota-parlamentar/documentos/publ/3090/2026/8132517.pdf"
"Carol Dartora";"04310202993";"220704";"444";"2023";"PR";"PT";"57";"14";"HOSPEDAGEM ,EXCETO DO PARLAMENTAR NO DISTRITO FEDERAL.";"0";"";"Kuster Hotel LTDA";"093.952.550/0017-5";"034432";"0";"2026-05-07T00:00:00";"765";"0";"765";"5";"2026";"0";"";"";"2240502";"";"";"";"3632";"8106518";"https://www.camara.leg.br/cota-parlamentar/documentos/publ/3632/2026/8106518.pdf"
"Pompeo de Mattos";"28346890087";"73486";"516";"2023";"RS";"PDT";"57";"3";"COMBUSTÍVEIS E LUBRIFICANTES.";"1";"Veículos Automotores";"Auto Posto Boa Viagem - Santo Antonio";"024.632.950/0024-9";"334104";"4";"2026-08-10T00:00:00";"200";"0";"200";"8";"2026";"0";"";"";"2262024";"";"";"";"1458";"8149275";"https://www.camara.leg.br/cota-parlamentar/nota-fiscal-eletronica?ideDocumentoFiscal=8149275"
"Bruno Farias";"05759623648";"210989";"226";"2023";"MG";"REPUBLICANOS";"57";"1";"MANUTENÇÃO DE ESCRITÓRIO DE APOIO À ATIVIDADE PARLAMENTAR";"0";"";"CLARO NEXTEL TELECOMUNICAÇÕES S.A";"669.702.290/0210-0";"0036626433";"0";"2026-04-08T00:00:00";"207.59";"4.36";"203.23";"3";"2026";"0";"";"";"2232184";"";"";"";"3624";"8092818";"https://www.camara.leg.br/cota-parlamentar/documentos/publ/3624/2026/8092818.pdf"
"Domingos Sávio";"22275150668";"160758";"233";"2023";"MG";"PL";"57";"13";"FORNECIMENTO DE ALIMENTAÇÃO DO PARLAMENTAR";"0";"";"COMERCIAL SENHORA DO BRASIL LTDA";"133.805.700/0010-4";"8803";"0";"2026-07-27T00:00:00";"53.95";"0";"53.95";"7";"2026";"0";"";"";"2261053";"";"";"";"2235";"8149352";"https://www.camara.leg.br/cota-parlamentar/documentos/publ/2235/2026/8149352.pdf"
"Bibo Nunes";"27236056049";"204388";"489";"2023";"RS";"PL";"57";"3";"COMBUSTÍVEIS E LUBRIFICANTES.";"1";"Veículos Automotores";"ABAST FAGUNDES LTDA";"005.770.650/0036-6";"533235";"4";"2026-05-20T13:58:11";"200";"0";"200";"5";"2026";"0";"";"";"2237333";"";"";"";"3273";"8102236";"https://www.camara.leg.br/cota-parlamentar/nota-fiscal-eletronica?ideDocumentoFiscal=8102236"
"Bia Kicis";"38567792134";"204374";"409";"2023";"DF";"PL";"57";"3";"COMBUSTÍVEIS E LUBRIFICANTES.";"1";"Veículos Automotores";"AUTO POSTO 306 NORTE LTDA";"223.988.180/0014-7";"514635";"4";"2026-02-24T00:00:00";"229.7";"0";"229.7";"2";"2026";"0";"";"";"2212003";"";"";"";"3402";"8055914";"https://www.camara.leg.br/cota-parlamentar/nota-fiscal-eletronica?ideDocumentoFiscal=8055914"
"Ricardo Ayres";"69196133104";"220543";"67";"2023";"TO";"REPUBLICANOS";"57";"10";"TELEFONIA";"0";"";"CELULAR FUNCIONAL";"000.000.000/0000-1";"8148598";"0";"";"223.46";"0";"223.46";"4";"2026";"0";"";"";"0";"0";"";"";"3708";"0";""
"Daniela Reinehr";"01932951997";"220557";"475";"2023";"SC";"PL";"57";"3";"COMBUSTÍVEIS E LUBRIFICANTES.";"1";"Veículos Automotores";"COMERCIO DE COMBUSTIVEIS MARTENDAL LTDA.";"835.319.130/0016-1";"952359";"4";"2026-06-25T00:00:00";"282.71";"0";"282.71";"6";"2026";"0";"";"";"2248178";"";"";"";"3517";"8123326";"https://www.camara.leg.br/cota-parlamentar/nota-fiscal-eletronica?ideDocumentoFiscal=8123326"
"Missionário José Olimpio";"79507646868";"160561";"614";"2023";"SP";"PL";"57";"3";"COMBUSTÍVEIS E LUBRIFICANTES.";"1";"Veículos Automotores";"AUTO POSTO CLASSE A DE ITU LTDA";"043.885.130/0017-2";"32765";"0";"2026-05-21T00:00:00";"230.33";"0";"230.33";"5";"2026";"0";"";"";"2238988";"";"";"";"2388";"8103538";"https://www.camara.leg.br/cota-parlamentar/documentos/publ/2388/2026/8103538.pdf"
"Carol Dartora";"04310202993";"220704";"444";"2023";"PR";"PT";"57";"3";"COMBUSTÍVEIS E LUBRIFICANTES.";"1";"Veículos Automotores";"AMOREIRA ATPR COMERCIO DE COMBUSTIVEIS LTDA";"352.123.790/0018-8";"158663";"4";"2026-04-01T17:14:22";"255.31";"0";"255.31";"4";"2026";"0";"";"";"2224209";"";"";"";"3632";"8077946";"https://www.camara.leg.br/cota-parlamentar/nota-fiscal-eletronica?ideDocumentoFiscal=8077946"
"Pompeo de Mattos";"28346890087";"73486";"516";"2023";"RS";"PDT";"57";"3";"COMBUSTÍVEIS E LUBRIFICANTES.";"1";"Veículos Automotores";"COML BUFFON COMB E TRANSP LTDA - POSTO 05";"934.892.430/0054-0";"2862244";"4";"2026-07-12T15:27:39";"200";"0";"200";"7";"2026";"0";"";"";"2255715";"";"";"";"1458";"8138535";"https://www.camara.leg.br/cota-parlamentar/nota-fiscal-eletronica?ideDocumentoFiscal=8138535"
"Marcos Soares";"05217856777";"178943";"315";"2023";"RJ";"PSDB";"57";"3";"COMBUSTÍVEIS E LUBRIFICANTES.";"1";"Veículos Automotores";"AUTO POSTO VALDEVEZ LTDA";"422.367.780/0014-4";"1539";"4";"2026-07-28T17:44:01";"131.75";"0";"131.75";"7";"2026";"0";"";"";"2257917";"";"";"";"2911";"8143172";"https://www.camara.leg.br/cota-parlamentar/nota-fiscal-eletronica?ideDocumentoFiscal=8143172"
"Dr. Victor Linhalis";"10204305756";"220528";"277";"2023";"ES";"PSB";"57";"5";"DIVULGAÇÃO DA ATIVIDADE PARLAMENTAR.";"0";"";"O ANJO PUBLICIDADE LTDA";"489.944.270/0018-9";"12";"0";"2026-02-09T00:00:00";"8500";"0";"8500";"1";"2026";"0";"";"";"2208213";"";"";"";"3611";"8048956";"https://www.camara.leg.br/cota-parlamentar/documentos/publ/3611/2026/8048956.pdf"
"Camila Jara";"02749531101";"220548";"436";"2023";"MS";"PT";"57";"3";"COMBUSTÍVEIS E LUBRIFICANTES.";"1";"Veículos Automotores";"ALLOY AUTO POSTO I LTDA";"118.373.160/0015-9";"1698712";"4";"2026-01-19T00:00:00";"230";"0";"230";"1";"2026";"0";"";"";"2203411";"";"";"";"3637";"8040719";"https://www.camara.leg.br/cota-parlamentar/nota-fiscal-eletronica?ideDocumentoFiscal=8040719"
"Tadeu Veneri";"18438660991";"220682";"463";"2023";"PR";"PT";"57";"120";"LOCAÇÃO OU FRETAMENTO DE VEÍCULOS AUTOMOTORES";"0";"";"PANTANAL VEÍCULOS LTDA";"073.193.230/0019-1";"28591";"1";"2026-03-05T00:00:00";"3400";"0";"3400";"3";"2026";"0";"";"";"2218585";"";"";"";"3693";"8067533";"https://www.camara.leg.br/cota-parlamentar/documentos/publ/3693/2026/8067533.pdf"
"Sargento Fahur";"53447468904";"204387";"464";"2023";"PR";"PL";"57";"3";"COMBUSTÍVEIS E LUBRIFICANTES.";"1";"Veículos Automotores";"PETROREIS COMERCIO COMB LTDA";"201.698.440/0017-8";"372328";"4";"2026-04-29T00:00:00";"425.3";"0";"425.3";"4";"2026";"0";"";"";"2237008";"";"";"";"3211";"8098910";"https://www.camara.leg.br/cota-parlamentar/nota-fiscal-eletronica?ideDocumentoFiscal=8098910"
"Coronel Meira";"56917589772";"220666";"144";"2023";"PE";"PL";"57";"122";"SERVIÇO DE TÁXI, PEDÁGIO E ESTACIONAMENTO";"0";"";"COOPERTAXI 202 NORTE";"080.461.630/0011-7";"S/N";"1";"2026-01-07T00:00:00";"499";"0";"499";"1";"2026";"0";"";"";"2204858";"";"";"";"3665";"8043285";"https://www.camara.leg.br/cota-parlamentar/documentos/publ/3665/2026/8043285.pdf"
"João Cury";"14820733826";"230957";"611";"2023";"SP";"MDB";"57";"1";"MANUTENÇÃO DE ESCRITÓRIO DE APOIO À ATIVIDADE PARLAMENTAR";"0";"";"MIX COMÉRCIO DE MÓVEIS E EQUIPAMENTOS ERIELI";"515.287.500/0017-1";"600";"0";"2026-04-09T00:00:00";"160";"0";"160";"3";"2026";"0";"";"";"2225272";"";"";"";"3790";"8079778";"https://www.camara.leg.br/cota-parlamentar/documentos/publ/3790/2026/8079778.pdf"
"Fernanda Melchionna";"00213461005";"204407";"496";"2023";"RS";"PSOL";"57";"3";"COMBUSTÍVEIS E LUBRIFICANTES.";"1";"Veículos Automotores";"CENTRO AUTOM MOINHOS DE VENTO COM DE VEIC LTDA";"107.594.000/0013-9";"434674";"4";"2026-08-25T00:00:00";"53.9";"0";"53.9";"8";"2026";"0";"";"";"2263956";"";"";"";"3384";"8154734";"https://www.camara.leg.br/cota-parlamentar/nota-fiscal-eletronica?ideDocumentoFiscal=8154734"
"Nilto Tatto";"03380916889";"178986";"382";"2023";"SP";"PT";"57";"3";"COMBUSTÍVEIS E LUBRIFICANTES.";"1";"Veículos Automotores";"AUTO POSTO ROTA SUL LTDA.";"023.876.210/0010-3";"875";"0";"2026-08-26T00:00:00";"240.26";"0";"240.26";"8";"2026";"0";"";"";"2264209";"";"";"";"3072";"8155205";"https://www.camara.leg.br/cota-parlamentar/documentos/publ/3072/2026/8155205.pdf"
"Leônidas Cristino";"12105961304";"74299";"536";"2023";"CE";"PDT";"57";"3";"COMBUSTÍVEIS E LUBRIFICANTES.";"1";"Veículos Automotores";"Posto 40 Com de Combustíveis Ltda";"198.017.250/0010-7";"4196";"0";"2026-02-18T00:00:00";"200";"0";"200";"2";"2026";"0";"";"";"2213276";"";"";"";"1083";"8057991";"https://www.camara.leg.br/cota-parlamentar/documentos/publ/1083/2026/8057991.pdf"
"Beto Preto";"57382050904";"220698";"442";"2023";"PR";"PSD";"57";"122";"SERVIÇO DE TÁXI, PEDÁGIO E ESTACIONAMENTO";"0";"";"TAXI LEGAL";"306.059.770/0010-1";"0677";"1";"2026-06-14T00:00:00";"116.03";"0";"116.03";"6";"2026";"0";"";"";"2244905";"";"";"";"3550";"8116407";"https://www.camara.leg.br/cota-parlamentar/documentos/publ/3550/2026/8116407.pdf"
"Guilherme Uchoa";"65280849472";"220664";"149";"2023";"PE";"PSD";"57";"3";"COMBUSTÍVEIS E LUBRIFICANTES.";"1";"Veículos Automotores";"INVESTGAS LOCACAO E INVESTIMENTOS LTDA";"076.174.610/0015-7";"18681";"4";"2026-08-24T18:55:02";"313.54";"0";"313.54";"8";"2026";"0";"";"";"2262708";"";"";"";"3691";"8152327";"https://www.camara.leg.br/cota-parlamentar/nota-fiscal-eletronica?ideDocumentoFiscal=8152327"
"Danrlei de Deus Hinterholz";"70157324087";"160552";"495";"2023";"RS";"PSD";"57";"3";"COMBUSTÍVEIS E LUBRIFICANTES.";"1";"Veículos Automotores";"AUTO POSTO AEROPORTO LTDA";"082.021.160/0011-5";"47789";"4";"2026-06-03T14:38:31";"200";"0";"200";"6";"2026";"0";"";"";"2242656";"";"";"";"2242";"8112024";"https://www.camara.leg.br/cota-parlamentar/nota-fiscal-eletronica?ideDocumentoFiscal=8112024"
"Danrlei de Deus Hinterholz";"70157324087";"160552";"495";"2023";"RS";"PSD";"57";"3";"COMBUSTÍVEIS E LUBRIFICANTES.";"1";"Veículos Automotores";"COML BUFFON COMB E TRANSP LTDA - POSTO 10";"934.892.430/0100-7";"2734751";"4";"2026-06-17T00:00:00";"333.3";"0";"333.3";"6";"2026";"0";"";"";"2251515";"";"";"";"2242";"8129954";"https://www.camara.leg.br/cota-parlamentar/nota-fiscal-eletronica?ideDocumentoFiscal=8129954"
"Lídice da Mata";"14672049515";"139285";"185";"2023";"BA";"PSB";"57";"13";"FORNECIMENTO DE ALIMENTAÇÃO DO PARLAMENTAR";"0";"";"FSS COMERCIO DE ALIMENTOS LTDA:11855503000";"118.555.030/0016-5";"9291";"4";"2026-04-17T00:00:00";"95.48";"8.68";"86.8";"4";"2026";"0";"";"";"2230021";"";"";"";"161";"8088724";"https://www.camara.leg.br/cota-parlamentar/nota-fiscal-eletronica?ideDocumentoFiscal=8088724"
"Delegado Paulo Bilynskyj";"06537203945";"220654";"353";"2023";"SP";"PL";"57";"3";"COMBUSTÍVEIS E LUBRIFICANTES.";"1";"Veículos Automotores";"J DOMINGOS COCENZO e CIA LTDA";"265.550.990/0018-1";"20002";"1";"2026-05-20T00:00:00";"217.15";"0";"217.15";"5";"2026";"0";"";"";"2240428";"";"";"";"3620";"8108161";"https://www.camara.leg.br/cota-parlamentar/documentos/publ/3620/2026/8108161.pdf"
"Fábio Teruel";"10104866837";"220653";"357";"2023";"SP";"MDB";"57";"3";"COMBUSTÍVEIS E LUBRIFICANTES.";"1";"Veículos Automotores";"POSTO DE SERVIÇOS RIMACRIS LT";"552.633.540/0011-0";"58432";"0";"2026-05-21T00:00:00";"326.86";"0";"326.86";"5";"2026";"0";"";"";"2237941";"";"";"";"3612";"8103311";"https://www.camara.leg.br/cota-parlamentar/documentos/publ/3612/2026/8103311.pdf"
"Carla Dickson";"02336272431";"213762";"610";"2023";"RN";"PL";"57";"5";"DIVULGAÇÃO DA ATIVIDADE PARLAMENTAR.";"0";"";"FUNDAÇÃO EURICO BERGSTEN";"033.644.820/0015-7";"69";"0";"2026-02-05T00:00:00";"3000";"0";"3000";"1";"2026";"0";"";"";"2208309";"";"";"";"3468";"8049134";"https://www.camara.leg.br/cota-parlamentar/documentos/publ/3468/2026/8049134.pdf"
"Vinicius Carvalho";"82286019720";"141555";"397";"2023";"SP";"PL";"57";"1";"MANUTENÇÃO DE ESCRITÓRIO DE APOIO À ATIVIDADE PARLAMENTAR";"0";"";"MCL CONSULTORIA IMOBILIARIA LTDA";"090.235.460/0013-2";"00026044940";"1";"2026-05-22T00:00:00";"2259.35";"0";"2259.35";"4";"2026";"0";"";"";"2240014";"";"";"";"1951";"8107378";"https://www.camara.leg.br/cota-parlamentar/documentos/publ/1951/2026/8107378.pdf"
"Rosangela Gomes";"82863989715";"178945";"325";"2023";"RJ";"REPUBLICANOS";"57";"13";"FORNECIMENTO DE ALIMENTAÇÃO DO PARLAMENTAR";"0";"";"RESTAURANTE PARRILLA BOMBONERA LTDA";"574.569.020/0015-4";"16822";"4";"2026-08-06T00:00:00";"173.03";"15.73";"157.3";"8";"2026";"0";"";"";"2258613";"";"";"";"3038";"8144370";"https://www.camara.leg.br/cota-parlamentar/nota-fiscal-eletronica?ideDocumentoFiscal=8144370"
"Luciano Ducci";"20732376068";"178931";"457";"2023";"PR";"PSB";"57";"3";"COMBUSTÍVEIS E LUBRIFICANTES.";"1";"Veículos Automotores";"TIC POSTO VII";"756.355.730/0078-6";"495120";"4";"2026-02-11T09:25:33";"230.07";"0";"230.07";"2";"2026";"0";"";"";"2211220";"";"";"";"2936";"8054262";"https://www.camara.leg.br/cota-parlamentar/nota-fiscal-eletronica?ideDocumentoFiscal=8054262"
"Lucas Redecker";"71471278115";"204404";"501";"2023";"RS";"PSD";"57";"122";"SERVIÇO DE TÁXI, PEDÁGIO E ESTACIONAMENTO";"0";"";"CONC. RODOVIAS INTEGRADAS DO SUL";"321.615.000/0010-0";"91852";"0";"2026-05-08T00:00:00";"5.5";"0";"5.5";"5";"2026";"0";"";"";"2235903";"";"";"";"3325";"8099428";"https://www.camara.leg.br/cota-parlamentar/documentos/publ/3325/2026/8099428.pdf"
"Maria Arraes";"10304815470";"220668";"157";"2023";"PE";"PSB";"57";"3";"COMBUSTÍVEIS E LUBRIFICANTES.";"1";"Veículos Automotores";"POSTO DA SERRA COMERCIAL LTDA";"109.685.310/0012-6";"319570";"4";"2026-01-27T10:25:21";"150";"0";"150";"1";"2026";"0";"";"";"2206079";"";"";"";"3610";"8045361";"https://www.camara.leg.br/cota-parlamentar/nota-fiscal-eletronica?ideDocumentoFiscal=8045361"
"Carlos Sampaio";"06197277808";"74262";"338";"2023";"SP";"PSD";"57";"1";"MANUTENÇÃO DE ESCRITÓRIO DE APOIO À ATIVIDADE PARLAMENTAR";"0";"";"OFF IMOVEIS NEGOCIOS IMOBILIARIOS";"192.099.580/0011-5";"07630242";"1";"2026-06-02T00:00:00";"8495.02";"3.85";"8491.17";"5";"2026";"0";"";"";"2243781";"";"";"";"1552";"8114306";"https://www.camara.leg.br/cota-parlamentar/documentos/publ/1552/2026/8114306.pdf"
"Antonio Brito";"51488868549";"160553";"189";"2023";"BA";"PSD";"57";"3";"COMBUSTÍVEIS E LUBRIFICANTES.";"1";"Veículos Automotores";"MODELO DERIVADOS DE PETROLEO LTDA";"494.977.930/0019-5";"45673";"4";"2026-05-08T00:00:00";"347.99";"0";"347.99";"5";"2026";"0";"";"";"2240171";"";"";"";"2407";"8107668";"https://www.camara.leg.br/cota-parlamentar/nota-fiscal-eletronica?ideDocumentoFiscal=8107668"
"Evair Vieira de Melo";"02261265794";"178871";"274";"2023";"ES";"REPUBLICANOS";"57";"11";"SERVIÇOS POSTAIS";"0";"";"EMPRESA BRASILEIRA DE CORREIOS E TELÉGRAFOS";"340.283.164/9974-4";"2950519927";"1";"2026-03-05T00:00:00";"73.6";"0";"73.6";"3";"2026";"0";"";"";"2216056";"";"";"";"2984";"8063097";"https://www.camara.leg.br/cota-parlamentar/documentos/publ/2984/2026/8063097.pdf"
"Eros Biondini";"84470666653";"160640";"242";"2023";"MG";"PL";"57";"3";"COMBUSTÍVEIS E LUBRIFICANTES.";"1";"Veículos Automotores";"JR COMERCIO E PRESTACAO DE SERVICOS LTDA";"179.685.530/0013-5";"27329";"0";"2026-02-16T00:00:00";"1009.1";"0";"1009.1";"2";"2026";"0";"";"";"2210426";"";"";"";"2385";"8052941";"https://www.camara.leg.br/cota-parlamentar/documentos/publ/2385/2026/8052941.pdf"
"Geovania de Sá";"81095910949";"178966";"523";"2023";"SC";"REPUBLICANOS";"57";"5";"DIVULGAÇÃO DA ATIVIDADE PARLAMENTAR.";"0";"";"MEG PRINT GRAFICA E EDITORA";"107.833.460/0016-7";"20";"0";"2026-04-29T00:00:00";"13900";"0";"13900";"4";"2026";"0";"";"";"2230985";"";"";"";"2987";"8090693";"https://www.camara.leg.br/cota-parlamentar/documentos/publ/2987/2026/8090693.pdf"
"Márcio Honaiser";"27848779300";"220687";"77";"2023";"MA";"SOLIDARIEDADE";"57";"3";"COMBUSTÍVEIS E LUBRIFICANTES.";"1";"Veículos Automotores";"AGUIAR PETROLEO E LOCACOES LTDA CRISTINA";"271.927.580/0080-0";"106249";"4";"2026-01-25T00:00:00";"273.56";"0";"273.56";"1";"2026";"0";"";"";"2212397";"";"";"";"3658";"8056608";"https://www.camara.leg.br/cota-parlamentar/nota-fiscal-eletronica?ideDocumentoFiscal=8056608"
"Luiz Carlos Busato";"05698960020";"141485";"500";"2023";"RS";"UNIÃO";"57";"13";"FORNECIMENTO DE ALIMENTAÇÃO DO PARLAMENTAR";"0";"";"REST CLUBE ESPANHOL LTDA";"028.951.120/0018-3";"2940";"4";"2026-07-27T00:00:00";"42.9";"0";"42.9";"7";"2026";"0";"";"";"2257444";"";"";"";"1793";"8142248";"https://www.camara.leg.br/cota-parlamentar/nota-fiscal-eletronica?ideDocumentoFiscal=8142248"
"Delegada Katarina";"69491348515";"220561";"174";"2023";"SE";"PSD";"57";"3";"COMBUSTÍVEIS E LUBRIFICANTES.";"1";"Veículos Automotores";"COMERCIAL MARIVAN LTDA";"131.792.470/0016-9";"603130";"4";"2026-07-10T15:24:34";"272.75";"0";"272.75";"7";"2026";"0";"";"";"2256938";"";"";"";"3543";"8140936";"https://www.camara.leg.br/cota-parlamentar/nota-fiscal-eletronica?ideDocumentoFiscal=8140936"
"Fabio Reis";"57126500378";"171623";"178";"2023";"SE";"PSD";"57";"3";"COMBUSTÍVEIS E LUBRIFICANTES.";"1";"Veículos Automotores";"AUTO POSTO ROCHA LTDA";"078.556.470/0014-4";"7409";"4";"2026-07-31T00:00:00";"5730.27";"0";"5730.27";"7";"2026";"0";"";"";"2256920";"";"";"";"2820";"8141242";"https://www.camara.leg.br/cota-parlamentar/nota-fiscal-eletronica?ideDocumentoFiscal=8141242"
"Leo Prates";"94328145568";"80815";"205";"2023";"BA";"REPUBLICANOS";"57";"3";"COMBUSTÍVEIS E LUBRIFICANTES.";"1";"Veículos Automotores";"AUTO SHOPPING DERIVADOS DE PETROLEO LTDA";"370.633.280/0105-8";"3659952";"4";"2026-02-10T18:56:25";"145.62";"0";"145.62";"2";"2026";"0";"";"";"2210960";"";"";"";"3685";"8053834";"https://www.camara.leg.br/cota-parlamentar/nota-fiscal-eletronica?ideDocumentoFiscal=8053834"
"Alexandre Guimarães";"01084614162";"220542";"61";"2023";"TO";"MDB";"57";"3";"COMBUSTÍVEIS E LUBRIFICANTES.";"1";"Veículos Automotores";"JACOB & SILVA LTDA";"043.957.920/0036-3";"4788";"4";"2026-06-21T00:00:00";"520.02";"0";"520.02";"6";"2026";"0";"";"";"2246562";"";"";"";"3584";"8119920";"https://www.camara.leg.br/cota-parlamentar/nota-fiscal-eletronica?ideDocumentoFiscal=8119920"
"Pompeo de Mattos";"28346890087";"73486";"516";"2023";"RS";"PDT";"57";"3";"COMBUSTÍVEIS E LUBRIFICANTES.";"1";"Veículos Automotores";"DUGATSCH COMERCIO DE COMBUSTIVEIS LTDA";"025.162.520/0036-5";"48213";"4";"2026-08-03T17:50:15";"295.17";"0";"295.17";"8";"2026";"0";"";"";"2258219";"";"";"";"1458";"8143647";"https://www.camara.leg.br/cota-parlamentar/nota-fiscal-eletronica?ideDocumentoFiscal=8143647"
"Domingos Sávio";"22275150668";"160758";"233";"2023";"MG";"PL";"57";"122";"SERVIÇO DE TÁXI, PEDÁGIO E ESTACIONAMENTO";"0";"";"UBER DO BRASIL TECNOLOGIA LTDA.";"178.956.460/0018-7";"S/N";"1";"2026-06-01T00:00:00";"23.42";"2.23";"21.19";"6";"2026";"0";"";"";"2242678";"";"";"";"2235";"8112083";"https://www.camara.leg.br/cota-parlamentar/documentos/publ/2235/2026/8112083.pdf"
"Luciano Ducci";"20732376068";"178931";"457";"2023";"PR";"PSB";"57";"120";"LOCAÇÃO OU FRETAMENTO DE VEÍCULOS AUTOMOTORES";"0";"";"GUIA VEICULOS LTDA";"824.613.100/0017-8";"12901";"1";"2026-03-10T00:00:00";"3099";"0";"3099";"2";"2026";"0";"";"";"2229989";"";"";"";"2936";"8088071";"https://www.camara.leg.br/cota-parlamentar/documentos/publ/2936/2026/8088071.pdf"
"Geraldo Resende";"12896918191";"74374";"437";"2023";"MS";"UNIÃO";"57";"5";"DIVULGAÇÃO DA ATIVIDADE PARLAMENTAR.";"0";"";"GRUPO FOLHA DE DOURADOS";"086.844.930/0013-8";"416";"0";"2026-01-30T00:00:00";"1500";"0";"1500";"1";"2026";"0";"";"";"2206873";"";"";"";"1649";"8046797";"https://www.camara.leg.br/cota-parlamentar/documentos/publ/1649/2026/8046797.pdf"
"Luiz Fernando Vampiro";"01522894969";"229432";"599";"2023";"SC";"MDB";"57";"13";"FORNECIMENTO DE ALIMENTAÇÃO DO PARLAMENTAR";"0";"";"CASA DOCE CONFEITARIA LTDA EPP";"059.616.240/0019-9";"1231769";"4";"2026-02-01T00:00:00";"85.76";"9.86";"75.9";"2";"2026";"0";"";"";"2205605";"";"";"";"3777";"8044537";"https://www.camara.leg.br/cota-parlamentar/nota-fiscal-eletronica?ideDocumentoFiscal=8044537"
"Chris Tonietto";"10448771705";"204462";"289";"2023";"RJ";"PL";"57";"3";"COMBUSTÍVEIS E LUBRIFICANTES.";"1";"Veículos Automotores";"AUTO POSTO ESTRADA DAS FURNAS LTDA";"534.239.410/0010-2";"110184";"4";"2026-07-21T18:46:10";"264.84";"0";"264.84";"7";"2026";"0";"";"";"2254649";"";"";"";"3367";"8136301";"https://www.camara.leg.br/cota-parlamentar/nota-fiscal-eletronica?ideDocumentoFiscal=8136301"
"Tarcísio Motta";"02045962709";"220598";"326";"2023";"RJ";"PSOL";"57";"3";"COMBUSTÍVEIS E LUBRIFICANTES.";"1";"Veículos Automotores";"POSTO DE GASOLINA ELLEN CAROLYNE LTDA";"492.159.290/0012-7";"519";"4";"2026-05-20T00:00:00";"178.76";"0";"178.76";"5";"2026";"0";"";"";"2240246";"";"";"";"3697";"8107802";"https://www.camara.leg.br/cota-parlamentar/nota-fiscal-eletronica?ideDocumentoFiscal=8107802"
"Márcio Jerry";"29246830334";"81055";"82";"2023";"MA";"PCdoB";"57";"3";"COMBUSTÍVEIS E LUBRIFICANTES.";"1";"Veículos Automotores";"NEWS SHOPPING PONTA DAREIA LTDA";"018.615.100/0011-6";"203058";"4";"2026-03-20T00:00:00";"200";"0";"200";"3";"2026";"0";"";"";"2221603";"";"";"";"3313";"8073201";"https://www.camara.leg.br/cota-parlamentar/nota-fiscal-eletronica?ideDocumentoFiscal=8073201"
"José Guimarães";"09324577387";"141470";"103";"2023";"CE";"PT";"57";"3";"COMBUSTÍVEIS E LUBRIFICANTES.";"1";"Veículos Automotores";"RECREIO COMERCIO DE COMBUSTIVEIS LTDA";"400.857.870/0015-6";"6097";"0";"2026-01-16T00:00:00";"261.93";"0";"261.93";"1";"2026";"0";"";"";"2206112";"";"";"";"1861";"8045414";"https://www.camara.leg.br/cota-parlamentar/documentos/publ/1861/2026/8045414.pdf"
"Claudio Cajado";"29474485534";"74537";"186";"2023";"BA";"PP";"57";"3";"COMBUSTÍVEIS E LUBRIFICANTES.";"1";"Veículos Automotores";"GF COMERCIO DE DERIV DE PET LTDA";"091.721.840/0030-3";"1034574";"4";"2026-05-31T00:00:00";"350.01";"0";"350.01";"5";"2026";"0";"";"";"2244008";"";"";"";"995";"8114656";"https://www.camara.leg.br/cota-parlamentar/nota-fiscal-eletronica?ideDocumentoFiscal=8114656"
"Igor Timo";"01374904619";"204508";"255";"2023";"MG";"UNIÃO";"57";"14";"HOSPEDAGEM ,EXCETO DO PARLAMENTAR NO DISTRITO FEDERAL.";"0";"";"EMPREENDIMENTOS HOTELEIRO TRES GS LTDA";"193.140.010/0013-9";"977";"0";"2026-05-01T00:00:00";"256";"0";"256";"5";"2026";"0";"";"";"2231642";"";"";"";"3223";"8091822";"https://www.camara.leg.br/cota-parlamentar/documentos/publ/3223/2026/8091822.pdf"
"Lucio Mosquini";"28649923291";"178954";"46";"2023";"RO";"PL";"57";"5";"DIVULGAÇÃO DA ATIVIDADE PARLAMENTAR.";"0";"";"M. CAMPELO EIRELI";"230.145.690/0010-1";"194";"0";"2026-06-01T00:00:00";"5500";"0";"5500";"5";"2026";"0";"";"";"2240453";"";"";"";"3065";"8108227";"https://www.camara.leg.br/cota-parlamentar/documentos/publ/3065/2026/8108227.pdf"
"Franciane Bayer";"01320484000";"220551";"510";"2023";"RS";"REPUBLICANOS";"57";"3";"COMBUSTÍVEIS E LUBRIFICANTES.";"1";"Veículos Automotores";"FZ COML DE COMB LTDA";"501.057.000/0011-9";"200721";"4";"2026-06-21T16:53:09";"227.02";"0";"227.02";"6";"2026";"0";"";"";"2248531";"";"";"";"3514";"8123138";"https://www.camara.leg.br/cota-parlamentar/nota-fiscal-eletronica?ideDocumentoFiscal=8123138"
"Silvye Alves";"90908856172";"220569";"430";"2023";"GO";"UNIÃO";"57";"120";"LOCAÇÃO OU FRETAMENTO DE VEÍCULOS AUTOMOTORES";"0";"";"PANTANAL VEÍCULOS LTDA";"073.193.230/0019-1";"29065";"1";"2026-06-06T00:00:00";"10000";"0";"10000";"5";"2026";"0";"";"";"2242470";"";"";"";"3530";"8111757";"https://www.camara.leg.br/cota-parlamentar/documentos/publ/3530/2026/8111757.pdf"
"Joaquim Passarinho";"13606328249";"178910";"33";"2023";"PA";"PL";"57";"14";"HOSPEDAGEM ,EXCETO DO PARLAMENTAR NO DISTRITO FEDERAL.";"0";"";"INACIO'S PLAZA HOTEL LTDA";"194.870.660/0018-6";"15220";"0";"2026-06-07T00:00:00";"387";"0";"387";"6";"2026";"0";"";"";"2242987";"";"";"";"2973";"8112773";"https://www.camara.leg.br/cota-parlamentar/documentos/publ/2973/2026/8112773.pdf"
"Keniston Braga";"21023867249";"220677";"32";"2023";"PA";"MDB";"57";"1";"MANUTENÇÃO DE ESCRITÓRIO DE APOIO À ATIVIDADE PARLAMENTAR";"0";"";"PARLANET WEB E TECNOLOGIA LTDA";"316.027.300/0019-6";"1241";"0";"2026-08-17T00:00:00";"1500";"0";"1500";"8";"2026";"0";"";"";"2260953";"";"";"";"3600";"8149205";"https://www.camara.leg.br/cota-parlamentar/documentos/publ/3600/2026/8149205.pdf"
"Rodolfo Nogueira";"77389557168";"220546";"440";"2023";"MS";"PL";"57";"3";"COMBUSTÍVEIS E LUBRIFICANTES.";"1";"Veículos Automotores";"POSTO PATRICIA - EIRELI";"069.920.210/0011-7";"773479";"4";"2026-07-20T16:38:14";"150";"0";"150";"7";"2026";"0";"";"";"2256480";"";"";"";"3673";"8140266";"https://www.camara.leg.br/cota-parlamentar/nota-fiscal-eletronica?ideDocumentoFiscal=8140266"
"Helena Lima";"44710623287";"220537";"4";"2023";"RR";"PSD";"57";"122";"SERVIÇO DE TÁXI, PEDÁGIO E ESTACIONAMENTO";"0";"";"99 POP";"180.335.520/0016-1";"sn";"1";"2026-06-02T00:00:00";"12.6";"0";"12.6";"6";"2026";"0";"";"";"2243472";"";"";"";"3557";"8113102";"https://www.camara.leg.br/cota-parlamentar/documentos/publ/3557/2026/8113102.pdf"
"Beto Richa";"54191750968";"220683";"443";"2023";"PR";"PSDB";"57";"14";"HOSPEDAGEM ,EXCETO DO PARLAMENTAR NO DISTRITO FEDERAL.";"0";"";"PARANOA HOTEIS LTDA";"767.554.040/0015-7";"1873";"0";"2026-04-15T00:00:00";"598.95";"0";"598.95";"4";"2026";"0";"";"";"2228757";"";"";"";"3694";"8086180";"https://www.camara.leg.br/cota-parlamentar/documentos/publ/3694/2026/8086180.pdf"
"Welter";"68145888972";"224333";"540";"2023";"PR";"PT";"57";"3";"COMBUSTÍVEIS E LUBRIFICANTES.";"1";"Veículos Automotores";"Auto Posto Limoeiro";"050.654.470/0016-2";"352478";"0";"2026-05-07T00:00:00";"240.04";"0";"240.04";"5";"2026";"0";"";"";"2235346";"";"";"";"3726";"8098484";"https://www.camara.leg.br/cota-parlamentar/documentos/publ/3726/2026/8098484.pdf"
"Tabata Amaral";"38848319840";"204534";"393";"2023";"SP";"PSB";"57";"122";"SERVIÇO DE TÁXI, PEDÁGIO E ESTACIONAMENTO";"0";"";"UBER DO BRASIL TECNOLOGIA LTDA.";"178.956.460/0018-7";"2701261897";"1";"2026-01-27T00:00:00";"18.97";"0";"18.97";"1";"2026";"0";"";"";"2208392";"";"";"";"3208";"8049234";"https://www.camara.leg.br/cota-parlamentar/documentos/publ/3208/2026/8049234.pdf"
"Keniston Braga";"21023867249";"220677";"32";"2023";"PA";"MDB";"57";"3";"COMBUSTÍVEIS E LUBRIFICANTES.";"1";"Veículos Automotores";"AUTO POSTO NOVA VIDA 2 COMERCIO DE COMBUSTIVEIS LTDA";"191.922.270/0010-4";"1041";"4";"2026-05-27T00:00:00";"5383.28";"0";"5383.28";"5";"2026";"0";"";"";"2239716";"";"";"";"3600";"8106818";"https://www.camara.leg.br/cota-parlamentar/nota-fiscal-eletronica?ideDocumentoFiscal=8106818"
"Lêda Borges";"57695180653";"220566";"427";"2023";"GO";"REPUBLICANOS";"57";"120";"LOCAÇÃO OU FRETAMENTO DE VEÍCULOS AUTOMOTORES";"0";"";"SUPREMA MOBILIDADE LTDA";"248.943.970/0017-0";"000643";"1";"2026-02-02T00:00:00";"6250";"0";"6250";"1";"2026";"0";"";"";"2206954";"";"";"";"3579";"8046948";"https://www.camara.leg.br/cota-parlamentar/documentos/publ/3579/2026/8046948.pdf"
"Raimundo Costa";"17672538500";"204567";"211";"2023";"BA";"PSD";"57";"14";"HOSPEDAGEM ,EXCETO DO PARLAMENTAR NO DISTRITO FEDERAL.";"0";"";"LANZUDO'S HOTEL LTDA";"628.441.670/0019-6";"s/n";"0";"2026-05-26T00:00:00";"140";"0";"140";"5";"2026";"0";"";"";"2241018";"";"";"";"3426";"8108010";"https://www.camara.leg.br/cota-parlamentar/documentos/publ/3426/2026/8108010.pdf"
"Jorge Solla";"19530773587";"178857";"204";"2023";"BA";"PT";"57";"13";"FORNECIMENTO DE ALIMENTAÇÃO DO PARLAMENTAR";"0";"";"LANCHONETE E RESTAURANTE ACACIA LTDA";"031.306.400/0010-4";"576364";"4";"2026-07-20T00:00:00";"75.92";"0";"75.92";"7";"2026";"0";"";"";"2256002";"";"";"";"2938";"8139235";"https://www.camara.leg.br/cota-parlamentar/nota-fiscal-eletronica?ideDocumentoFiscal=8139235"
"Roberto Duarte";"67681468072";"220588";"57";"2023";"AC";"REPUBLICANOS";"57";"3";"COMBUSTÍVEIS E LUBRIFICANTES.";"1";"Veículos Automotores";"AUTO POSTO SA LTDA";"134.931.740/0018-5";"56356";"4";"2026-07-31T00:00:00";"400";"0";"400";"7";"2026";"0";"";"";"2256759";"";"";"";"3575";"8140723";"https://www.camara.leg.br/cota-parlamentar/nota-fiscal-eletronica?ideDocumentoFiscal=8140723"
"Hugo Leal";"41365585620";"141450";"306";"2023";"RJ";"PSD";"57";"3";"COMBUSTÍVEIS E LUBRIFICANTES.";"1";"Veículos Automotores";"Posto de Combustiveis Garantia Ltda (AGUAS CLARAS)";"725.784.380/0040-5";"18355";"4";"2026-03-16T08:37:54";"270.41";"0";"270.41";"3";"2026";"0";"";"";"2218812";"";"";"";"1848";"8067787";"https://www.camara.leg.br/cota-parlamentar/nota-fiscal-eletronica?ideDocumentoFiscal=8067787"
"João Maia";"06662978191";"141459";"124";"2023";"RN";"PP";"57";"3";"COMBUSTÍVEIS E LUBRIFICANTES.";"1";"Veículos Automotores";"AUTO POSTO N S DAS GRACAS LTDA";"543.151.910/0010-0";"100584";"4";"2026-04-02T00:00:00";"408.03";"0";"408.03";"4";"2026";"0";"";"";"2223230";"";"";"";"1857";"8076217";"https://www.camara.leg.br/cota-parlamentar/nota-fiscal-eletronica?ideDocumentoFiscal=8076217"
"Aécio Neves";"66728983791";"74646";"221";"2023";"MG";"PSDB";"57";"3";"COMBUSTÍVEIS E LUBRIFICANTES.";"1";"Veículos Automotores";"Posto Ponte Nova Ltda";"171.598.800/0014-6";"159792";"0";"2026-03-30T00:00:00";"216.24";"0";"216.24";"3";"2026";"0";"";"";"2222392";"";"";"";"233";"8074630";"https://www.camara.leg.br/cota-parlamentar/documentos/publ/233/2026/8074630.pdf"
"Damião Feliciano";"13932772415";"74467";"127";"2023";"PB";"UNIÃO";"57";"8";"SERVIÇO DE SEGURANÇA PRESTADO POR EMPRESA ESPECIALIZADA.";"0";"";"SEGPOL SERVICOS DE SEGURANCA ELETRONICA LTDA";"116.665.720/0012-0";"1011386";"0";"2026-07-01T00:00:00";"1158";"0";"1158";"7";"2026";"0";"";"";"2256652";"";"";"";"1318";"8140632";"https://www.camara.leg.br/cota-parlamentar/documentos/publ/1318/2026/8140632.pdf"
"Júnior Mano";"97891231320";"204550";"100";"2023";"CE";"PSB";"57";"10";"TELEFONIA";"0";"";"CELULAR FUNCIONAL";"000.000.000/0000-1";"8123397";"0";"";"91.43";"0";"91.43";"2";"2026";"0";"";"";"0";"0";"";"";"3198";"0";""
"Zeca Dirceu";"03098871946";"160592";"468";"2023";"PR";"PT";"57";"122";"SERVIÇO DE TÁXI, PEDÁGIO E ESTACIONAMENTO";"0";"";"99 POP";"180.335.520/0016-1";"sn";"1";"2026-04-07T00:00:00";"20.4";"0";"20.4";"4";"2026";"0";"";"";"2240357";"";"";"";"2238";"8102440";"https://www.camara.leg.br/cota-parlamentar/documentos/publ/2238/2026/8102440.pdf"
"Claudio Cajado";"29474485534";"74537";"186";"2023";"BA";"PP";"57";"3";"COMBUSTÍVEIS E LUBRIFICANTES.";"1";"Veículos Automotores";"AMA COMERCIO DE COMBUSTIVEIS LTDA";"436.422.110/0013-0";"133042";"4";"2026-05-30T00:00:00";"548.2";"0";"548.2";"5";"2026";"0";"";"";"2244008";"";"";"";"995";"8114666";"https://www.camara.leg.br/cota-parlamentar/nota-fiscal-eletronica?ideDocumentoFiscal=8114666"
"Bibo Nunes";"27236056049";"204388";"489";"2023";"RS";"PL";"57";"3";"COMBUSTÍVEIS E LUBRIFICANTES.";"1";"Veículos Automotores";"SIM REDE DE POSTOS LTDA - IGREJINHA";"074.737.350/2126-0";"803915";"4";"2026-06-27T00:00:00";"305.26";"0";"305.26";"6";"2026";"0";"";"";"2247873";"";"";"";"3273";"8122613";"https://www.camara.leg.br/cota-parlamentar/nota-fiscal-eletronica?ideDocumentoFiscal=8122613"
"Gutemberg Reis";"07733341736";"204456";"302";"2023";"RJ";"MDB";"57";"3";"COMBUSTÍVEIS E LUBRIFICANTES.";"1";"Veículos Automotores";"POSTO DE GASOLINA JB CAXIAS LTDA";"080.643.800/0013-0";"153845";"4";"2026-06-08T00:00:00";"153.78";"0";"153.78";"6";"2026";"0";"";"";"2243901";"";"";"";"3210";"8114482";"https://www.camara.leg.br/cota-parlamentar/nota-fiscal-eletronica?ideDocumentoFiscal=8114482"
"Igor Timo";"01374904619";"204508";"255";"2023";"MG";"UNIÃO";"57";"3";"COMBUSTÍVEIS E LUBRIFICANTES.";"1";"Veículos Automotores";"AUTO POSTO UNIVERSAL DE FRUTAL LTDA";"215.268.640/0011-1";"15628";"0";"2026-08-19T00:00:00";"285";"0";"285";"8";"2026";"0";"";"";"2265083";"";"";"";"3223";"8156851";"https://www.camara.leg.br/cota-parlamentar/documentos/publ/3223/2026/8156851.pdf"
"Rodrigo de Castro";"83035605653";"141531";"268";"2023";"MG";"UNIÃO";"57";"3";"COMBUSTÍVEIS E LUBRIFICANTES.";"1";"Veículos Automotores";"AUTO POSTO ITASUL LTDA";"190.359.970/0014-3";"990736";"0";"2026-02-26T00:00:00";"242.24";"0";"242.24";"2";"2026";"0";"";"";"2219524";"";"";"";"1928";"8069209";"https://www.camara.leg.br/cota-parlamentar/documentos/publ/1928/2026/8069209.pdf"
"Ricardo Guidi";"95128140997";"204362";"485";"2023";"SC";"PL";"57";"3";"COMBUSTÍVEIS E LUBRIFICANTES.";"1";"Veículos Automotores";"ROSSO &amp; ROSSO COMERCIO DE COMBUSTIVEIS LTDA";"244.317.490/0015-1";"286182";"4";"2026-03-30T00:00:00";"326.18";"0";"326.18";"3";"2026";"0";"";"";"2223408";"";"";"";"3346";"8076484";"https://www.camara.leg.br/cota-parlamentar/nota-fiscal-eletronica?ideDocumentoFiscal=8076484"
"Da Vitoria";"98042734700";"204355";"276";"2023";"ES";"PP";"57";"3";"COMBUSTÍVEIS E LUBRIFICANTES.";"1";"Veículos Automotores";"076 - MELHOR 10 - CASCOL COMBUSTIVEIS PARA VEICULOS LTDA";"003.065.970/0761-4";"1407338";"4";"2026-05-25T17:46:14";"251.5";"0";"251.5";"5";"2026";"0";"";"";"2260175";"";"";"";"3256";"8147581";"https://www.camara.leg.br/cota-parlamentar/nota-fiscal-eletronica?ideDocumentoFiscal=8147581"
"Fernando Mineiro";"17003440482";"204445";"119";"2023";"RN";"PT";"57";"5";"DIVULGAÇÃO DA ATIVIDADE PARLAMENTAR.";"0";"";"ELDORADO COMUNICACAO E JORNALISMO LTDA";"378.947.490/0013-0";"865";"0";"2026-04-07T00:00:00";"1500";"0";"1500";"3";"2026";"0";"";"";"2225336";"";"";"";"3700";"8079898";"https://www.camara.leg.br/cota-parlamentar/documentos/publ/3700/2026/8079898.pdf"
"Lêda Borges";"57695180653";"220566";"427";"2023";"GO";"REPUBLICANOS";"57";"3";"COMBUSTÍVEIS E LUBRIFICANTES.";"1";"Veículos Automotores";"Lbf - Comercio de Combustiveis Ltda";"270.982.620/0019-7";"9234";"4";"2026-07-05T00:00:00";"300.01";"0";"300.01";"7";"2026";"0";"";"";"2251578";"";"";"";"3579";"8130079";"https://www.camara.leg.br/cota-parlamentar/nota-fiscal-eletronica?ideDocumentoFiscal=8130079"
"Alceu Moreira";"17968496004";"160559";"486";"2023";"RS";"MDB";"57";"13";"FORNECIMENTO DE ALIMENTAÇÃO DO PARLAMENTAR";"0";"";"CAMARADA ADMINISTRACAO DE RESTAURANTES S";"326.789.800/0351-1";"25137";"4";"2026-03-23T00:00:00";"362.77";"83.87";"278.9";"3";"2026";"0";"";"";"2220483";"";"";"";"2379";"8071128";"https://www.camara.leg.br/cota-parlamentar/nota-fiscal-eletronica?ideDocumentoFiscal=8071128"
"Alceu Moreira";"17968496004";"160559";"486";"2023";"RS";"MDB";"57";"5";"DIVULGAÇÃO DA ATIVIDADE PARLAMENTAR.";"0";"";"RADIO SOCIEDADE SEBERI LTDA - ME";"905.782.120/0014-3";"445";"0";"2026-01-28T00:00:00";"600";"0";"600";"1";"2026";"0";"";"";"2207598";"";"";"";"2379";"8047971";"https://www.camara.leg.br/cota-parlamentar/documentos/publ/2379/2026/8047971.pdf"
"Diego Garcia";"04702291955";"178929";"447";"2023";"PR";"UNIÃO";"57";"10";"TELEFONIA";"0";"";"TELEFONICA BRASIL S/A - VIVO";"025.581.570/0016-2";"008034529";"0";"2026-05-13T00:00:00";"1760.91";"177.34";"1583.57";"5";"2026";"0";"";"";"2236959";"";"";"";"3043";"8101501";""
"Júnior Ferrari";"23211253220";"204497";"29";"2023";"PA";"PSD";"57";"3";"COMBUSTÍVEIS E LUBRIFICANTES.";"1";"Veículos Automotores";"POSTO PINHEIRO LTDA";"157.417.540/0033-1";"376756";"4";"2026-03-26T15:09:15";"330";"0";"330";"3";"2026";"0";"";"";"2226775";"";"";"";"3329";"8082253";"https://www.camara.leg.br/cota-parlamentar/nota-fiscal-eletronica?ideDocumentoFiscal=8082253"
"Antonio Andrade";"16618688191";"220544";"62";"2023";"TO";"PSDB";"57";"3";"COMBUSTÍVEIS E LUBRIFICANTES.";"1";"Veículos Automotores";"M COELHO PINTO LTDA";"440.615.290/0019-0";"1474";"4";"2026-01-14T18:22:47";"150";"0";"150";"1";"2026";"0";"";"";"2202593";"";"";"";"3709";"8039291";"https://www.camara.leg.br/cota-parlamentar/nota-fiscal-eletronica?ideDocumentoFiscal=8039291"
"Lídice da Mata";"14672049515";"139285";"185";"2023";"BA";"PSB";"57";"3";"COMBUSTÍVEIS E LUBRIFICANTES.";"1";"Veículos Automotores";"RIO VERMELHO";"151.510.460/0093-6";"397588";"4";"2026-08-20T16:35:58";"200";"0";"200";"8";"2026";"0";"";"";"2261593";"";"";"";"161";"8150285";"https://www.camara.leg.br/cota-parlamentar/nota-fiscal-eletronica?ideDocumentoFiscal=8150285"
"Junio Amaral";"07554049631";"204520";"225";"2023";"MG";"PL";"57";"5";"DIVULGAÇÃO DA ATIVIDADE PARLAMENTAR.";"0";"";"MG OUTDOOR COMUNICACAO E MARKETING";"537.340.530/0010-0";"1984";"0";"2026-05-13T00:00:00";"3110";"0";"3110";"5";"2026";"0";"";"";"2255167";"";"";"";"3399";"8104332";"https://www.camara.leg.br/cota-parlamentar/documentos/publ/3399/2026/8104332.pdf"
"Jilmar Tatto";"03946999808";"141456";"361";"2023";"SP";"PT";"57";"3";"COMBUSTÍVEIS E LUBRIFICANTES.";"1";"Veículos Automotores";"002 - SGON - CASCOL COMBUSTIVEIS PARA VEICULOS LTDA";"003.065.970/0028-8";"565949";"4";"2026-05-20T20:13:41";"295.36";"0";"295.36";"6";"2026";"0";"";"";"2245882";"";"";"";"1853";"8118434";"https://www.camara.leg.br/cota-parlamentar/nota-fiscal-eletronica?ideDocumentoFiscal=8118434"
"Ossesio Silva";"39806464753";"204422";"558";"2023";"PE";"REPUBLICANOS";"57";"120";"LOCAÇÃO OU FRETAMENTO DE VEÍCULOS AUTOMOTORES";"0";"";"PANTANAL VEÍCULOS LTDA";"073.193.230/0019-1";"28736";"1";"2026-03-30T00:00:00";"4800";"0";"4800";"3";"2026";"0";"";"";"2222147";"";"";"";"3407";"8074186";"https://www.camara.leg.br/cota-parlamentar/documentos/publ/3407/2026/8074186.pdf"
"Cristiane Lopes";"78147867204";"220608";"44";"2023";"RO";"PODE";"57";"3";"COMBUSTÍVEIS E LUBRIFICANTES.";"1";"Veículos Automotores";"AUTO POSTO CALAMA LTDA";"109.764.240/0073-5";"25726";"4";"2026-04-29T00:00:00";"274.98";"0";"274.98";"4";"2026";"0";"";"";"2236667";"";"";"";"3675";"8100949";"https://www.camara.leg.br/cota-parlamentar/nota-fiscal-eletronica?ideDocumentoFiscal=8100949"
"Beto Preto";"57382050904";"220698";"442";"2023";"PR";"PSD";"57";"3";"COMBUSTÍVEIS E LUBRIFICANTES.";"1";"Veículos Automotores";"POSTO V BRAMBILA LTDA";"849.673.300/0014-0";"327862";"4";"2026-07-01T11:21:38";"157.98";"0";"157.98";"7";"2026";"0";"";"";"2248601";"";"";"";"3550";"8124143";"https://www.camara.leg.br/cota-parlamentar/nota-fiscal-eletronica?ideDocumentoFiscal=8124143"
"Fernando Coelho Filho";"04921093466";"141431";"158";"2023";"PE";"UNIÃO";"57";"3";"COMBUSTÍVEIS E LUBRIFICANTES.";"1";"Veículos Automotores";"POSTO PORTAL DE OURICURI LTDA";"128.249.060/0010-0";"265294";"4";"2026-05-01T00:00:00";"684.35";"0";"684.35";"5";"2026";"0";"";"";"2231250";"";"";"";"1833";"8091126";"https://www.camara.leg.br/cota-parlamentar/nota-fiscal-eletronica?ideDocumentoFiscal=8091126"
"Marcelo Queiroz";"11004696728";"160161";"313";"2023";"RJ";"PSDB";"57";"3";"COMBUSTÍVEIS E LUBRIFICANTES.";"1";"Veículos Automotores";"POSTO PESQUE E PAGUE CIDADE DE TANGUA LTDA";"052.010.630/0012-0";"83588";"4";"2026-03-18T13:03:59";"150";"0";"150";"3";"2026";"0";"";"";"2219485";"";"";"";"3698";"8069154";"https://www.camara.leg.br/cota-parlamentar/nota-fiscal-eletronica?ideDocumentoFiscal=8069154"
"Rodrigo da Zaeli";"01739752910";"230767";"607";"2023";"MT";"PL";"57";"3";"COMBUSTÍVEIS E LUBRIFICANTES.";"1";"Veículos Automotores";"REI FORTE COMBUSTIVEIS LTDA";"038.565.040/0010-4";"87506";"4";"2026-08-04T18:45:53";"181.81";"0";"181.81";"8";"2026";"0";"";"";"2257953";"";"";"";"3789";"8143251";"https://www.camara.leg.br/cota-parlamentar/nota-fiscal-eletronica?ideDocumentoFiscal=8143251"
"Lula da Fonte";"09222861400";"220669";"153";"2023";"PE";"PP";"57";"3";"COMBUSTÍVEIS E LUBRIFICANTES.";"1";"Veículos Automotores";"ESTACAO SERVICOS BOA VIAGEM LTDA";"020.161.040/0011-0";"1031";"4";"2026-05-18T09:59:49";"300";"0";"300";"5";"2026";"0";"";"";"2237165";"";"";"";"3613";"8101928";"https://www.camara.leg.br/cota-parlamentar/nota-fiscal-eletronica?ideDocumentoFiscal=8101928"
"Bandeira de Mello";"26403404768";"220605";"284";"2023";"RJ";"PV";"57";"14";"HOSPEDAGEM ,EXCETO DO PARLAMENTAR NO DISTRITO FEDERAL.";"0";"";"STAR DE ITAPERUNA";"396.813.250/0011-2";"219";"0";"2026-01-27T00:00:00";"297";"0";"297";"1";"2026";"0";"";"";"2207467";"";"";"";"3656";"8047756";"https://www.camara.leg.br/cota-parlamentar/documentos/publ/3656/2026/8047756.pdf"
"Lucio Mosquini";"28649923291";"178954";"46";"2023";"RO";"PL";"57";"14";"HOSPEDAGEM ,EXCETO DO PARLAMENTAR NO DISTRITO FEDERAL.";"0";"";"ANDREA DE LIMA PENA";"476.754.570/0016-0";"1019";"0";"2026-08-12T00:00:00";"240";"0";"240";"8";"2026";"0";"";"";"2259804";"";"";"";"3065";"8146850";"https://www.camara.leg.br/cota-parlamentar/documentos/publ/3065/2026/8146850.pdf"
"Marangoni";"28384209847";"220648";"372";"2023";"SP";"PODE";"57";"3";"COMBUSTÍVEIS E LUBRIFICANTES.";"1";"Veículos Automotores";"AUTO POSTO DON PEPE";"661.308.240/0019-4";"8912";"0";"2026-04-06T00:00:00";"4585.84";"0";"4585.84";"4";"2026";"0";"";"";"2223317";"";"";"";"3593";"8076342";"https://www.camara.leg.br/cota-parlamentar/documentos/publ/3593/2026/8076342.pdf"
"LIDERANÇA DO UNIÃO BRASIL";"";"";"";"2023";"NA";"";"57";"12";"ASSINATURA DE PUBLICAÇÕES";"0";"";"EDITORA GLOBO S/A";"040.671.910/0016-0";"00000782";"0";"2026-01-08T00:00:00";"84.9";"0";"84.9";"1";"2026";"0";"";"";"2217064";"";"";"";"3492";"8064837";"https://www.camara.leg.br/cota-parlamentar/documentos/publ/3492/2026/8064837.pdf"
"Domingos Sávio";"22275150668";"160758";"233";"2023";"MG";"PL";"57";"13";"FORNECIMENTO DE ALIMENTAÇÃO DO PARLAMENTAR";"0";"";"RODOSNACK OLIVEIRA LANCHONETE E RESTAURANTE LTDA";"093.819.030/0013-4";"2482574";"0";"2026-05-25T00:00:00";"122.22";"0";"122.22";"5";"2026";"0";"";"";"2241015";"";"";"";"2235";"8109218";"https://www.camara.leg.br/cota-parlamentar/documentos/publ/2235/2026/8109218.pdf"
"Capitão Alberto Neto";"66397545334";"204572";"36";"2023";"AM";"PL";"57";"3";"COMBUSTÍVEIS E LUBRIFICANTES.";"1";"Veículos Automotores";"076 - MELHOR 10 - CASCOL COMBUSTIVEIS PARA VEICULOS LTDA";"003.065.970/0761-4";"1434099";"4";"2026-07-08T00:00:00";"100";"0";"100";"7";"2026";"0";"";"";"2251439";"";"";"";"3333";"8129826";"https://www.camara.leg.br/cota-parlamentar/nota-fiscal-eletronica?ideDocumentoFiscal=8129826"
"Ricardo Salles";"25298000819";"220633";"386";"2023";"SP";"NOVO";"57";"10";"TELEFONIA";"0";"";"TELEFONICA BRASIL S.A.";"025.581.570/0016-2";"113039587";"0";"2026-07-27T00:00:00";"194";"0";"194";"7";"2026";"0";"";"";"2258404";"";"";"";"3572";"8144039";""
"Capitão Augusto";"05750251829";"178829";"346";"2023";"SP";"PL";"57";"13";"FORNECIMENTO DE ALIMENTAÇÃO DO PARLAMENTAR";"0";"";"GUIPA CHURRASCARIAS TRADICAO LTDA";"103.762.970/0014-8";"2513";"0";"2026-07-17T00:00:00";"57.62";"0";"57.62";"7";"2026";"0";"";"";"2258789";"";"";"";"2950";"8141909";"https://www.camara.leg.br/cota-parlamentar/documentos/publ/2950/2026/8141909.pdf"
"Waldenor Pereira";"10866655549";"160569";"219";"2023";"BA";"PT";"57";"122";"SERVIÇO DE TÁXI, PEDÁGIO E ESTACIONAMENTO";"0";"";"UBER DO BRASIL TECNOLOGIA LTDA.";"178.956.460/0018-7";"0005";"1";"2026-08-11T00:00:00";"26.96";"0";"26.96";"8";"2026";"0";"";"";"2261397";"";"";"";"2288";"8149922";"https://www.camara.leg.br/cota-parlamentar/documentos/publ/2288/2026/8149922.pdf"
"Zé Vitor";"07284044608";"204517";"266";"2023";"MG";"PL";"57";"3";"COMBUSTÍVEIS E LUBRIFICANTES.";"1";"Veículos Automotores";"COMBUSTIVEIS OURO NEGRO IV LTDA";"527.211.700/0016-9";"120670";"0";"2026-03-25T00:00:00";"259.03";"0";"259.03";"3";"2026";"0";"";"";"2230578";"";"";"";"3279";"8086119";"https://www.camara.leg.br/cota-parlamentar/documentos/publ/3279/2026/8086119.pdf"
"Paulo Litro";"07196225902";"220685";"460";"2023";"PR";"UNIÃO";"57";"3";"COMBUSTÍVEIS E LUBRIFICANTES.";"1";"Veículos Automotores";"COMERCIO DE COMBUSTIVEL STANG LTDA";"141.697.630/0017-5";"1200435";"4";"2026-02-06T18:01:06";"127.83";"0";"127.83";"2";"2026";"0";"";"";"2208116";"";"";"";"3696";"8048660";"https://www.camara.leg.br/cota-parlamentar/nota-fiscal-eletronica?ideDocumentoFiscal=8048660"
"Gabriel Nunes";"01082083542";"220708";"197";"2023";"BA";"PSD";"57";"3";"COMBUSTÍVEIS E LUBRIFICANTES.";"1";"Veículos Automotores";"AUTO POSTO NATUBA LTDA";"529.063.250/0013-1";"87660";"4";"2026-05-08T00:00:00";"300";"0";"300";"5";"2026";"0";"";"";"2235105";"";"";"";"3645";"8097998";"https://www.camara.leg.br/cota-parlamentar/nota-fiscal-eletronica?ideDocumentoFiscal=8097998"
"Marcos Tavares";"07969890792";"220604";"316";"2023";"RJ";"PDT";"57";"3";"COMBUSTÍVEIS E LUBRIFICANTES.";"1";"Veículos Automotores";"POSTO DE GASOLINA MAIOR LTDA";"291.402.170/0018-9";"138497";"4";"2026-03-06T11:06:30";"200.06";"0";"200.06";"3";"2026";"0";"";"";"2218038";"";"";"";"3649";"8066504";"https://www.camara.leg.br/cota-parlamentar/nota-fiscal-eletronica?ideDocumentoFiscal=8066504"
"Renildo Calheiros";"20936079487";"73801";"154";"2023";"PE";"PCdoB";"57";"3";"COMBUSTÍVEIS E LUBRIFICANTES.";"1";"Veículos Automotores";"JAD ARAUJO CIA LTDA - POSTO CRUZEIRO IV";"080.723.080/0031-6";"1711725";"4";"2026-07-05T00:11:05";"300.01";"0";"300.01";"7";"2026";"0";"";"";"2250447";"";"";"";"652";"8127819";"https://www.camara.leg.br/cota-parlamentar/nota-fiscal-eletronica?ideDocumentoFiscal=8127819"
"Zé Trovão";"36400681817";"220558";"488";"2023";"SC";"PL";"57";"3";"COMBUSTÍVEIS E LUBRIFICANTES.";"1";"Veículos Automotores";"POSTO Z11 LTDA.";"127.027.070/0012-9";"447327";"4";"2026-02-05T00:00:00";"446.73";"0";"446.73";"2";"2026";"0";"";"";"2208981";"";"";"";"3565";"8050365";"https://www.camara.leg.br/cota-parlamentar/nota-fiscal-eletronica?ideDocumentoFiscal=8050365"
"Márcio Honaiser";"27848779300";"220687";"77";"2023";"MA";"SOLIDARIEDADE";"57";"3";"COMBUSTÍVEIS E LUBRIFICANTES.";"1";"Veículos Automotores";"COMERCIAL PETROMAR LTDA";"063.026.160/0010-1";"183992";"4";"2026-06-09T13:48:00";"200";"0";"200";"6";"2026";"0";"";"";"2257799";"";"";"";"3658";"8142874";"https://www.camara.leg.br/cota-parlamentar/nota-fiscal-eletronica?ideDocumentoFiscal=8142874"
"Patrus Ananias";"17486440687";"74160";"249";"2023";"MG";"PT";"57";"1";"MANUTENÇÃO DE ESCRITÓRIO DE APOIO À ATIVIDADE PARLAMENTAR";"0";"";"COPASA";"172.811.060/0010-3";"008901345";"0";"2026-05-12T00:00:00";"102.41";"0";"102.41";"5";"2026";"0";"";"";"2236195";"";"";"";"1638";"8099993";"https://www.camara.leg.br/cota-parlamentar/documentos/publ/1638/2026/8099993.pdf"
"Nikolas Ferreira";"11701442680";"209787";"257";"2023";"MG";"PL";"57";"1";"MANUTENÇÃO DE ESCRITÓRIO DE APOIO À ATIVIDADE PARLAMENTAR";"0";"";"WMS COMERCIO DE ARTIGOS DE PAPELARIA LTDA";"121.328.540/0010-0";"7500";"4";"2026-06-26T00:00:00";"90";"0";"90";"6";"2026";"0";"";"";"2250007";"";"";"";"3605";"8126921";"https://www.camara.leg.br/cota-parlamentar/nota-fiscal-eletronica?ideDocumentoFiscal=8126921"
"Marcel van Hattem";"00731302060";"156190";"503";"2023";"RS";"NOVO";"57";"3";"COMBUSTÍVEIS E LUBRIFICANTES.";"1";"Veículos Automotores";"FIGUEIRA GRAVATAI COMERCIO E DERIVADOS DE COMBUSTIVEIS LTDA";"269.479.020/0020-4";"284598";"4";"2026-04-22T00:00:00";"100";"0";"100";"4";"2026";"0";"";"";"2228927";"";"";"";"3299";"8086510";"https://www.camara.leg.br/cota-parlamentar/nota-fiscal-eletronica?ideDocumentoFiscal=8086510"
"Beto Preto";"57382050904";"220698";"442";"2023";"PR";"PSD";"57";"122";"SERVIÇO DE TÁXI, PEDÁGIO E ESTACIONAMENTO";"0";"";"Edson R Marcolino";"040.116.809/31  -";"0031";"1";"2026-05-18T00:00:00";"104.95";"0";"104.95";"5";"2026";"0";"";"";"2236738";"";"";"";"3550";"8101080";"https://www.camara.leg.br/cota-parlamentar/documentos/publ/3550/2026/8101080.pdf"
"Laura Carneiro";"79401546720";"74856";"307";"2023";"RJ";"PSD";"57";"1";"MANUTENÇÃO DE ESCRITÓRIO DE APOIO À ATIVIDADE PARLAMENTAR";"0";"";"ARMARINHO 25 DE AGOSTO LTDA";"090.463.930/0049-1";"270211";"4";"2026-08-31T00:00:00";"95.97";"0";"95.97";"8";"2026";"0";"";"";"2262804";"";"";"";"1118";"8152537";"https://www.camara.leg.br/cota-parlamentar/nota-fiscal-eletronica?ideDocumentoFiscal=8152537"
"Fabio Schiochet";"04116230952";"204368";"479";"2023";"SC";"UNIÃO";"57";"3";"COMBUSTÍVEIS E LUBRIFICANTES.";"1";"Veículos Automotores";"POSTO MIME S.A. FL 37";"834.888.820/0380-3";"821523";"4";"2026-04-07T17:00:14";"301.47";"0";"301.47";"4";"2026";"0";"";"";"2224914";"";"";"";"3232";"8079188";"https://www.camara.leg.br/cota-parlamentar/nota-fiscal-eletronica?ideDocumentoFiscal=8079188"
"Giovani Cherini";"31050778049";"160673";"502";"2023";"RS";"PL";"57";"5";"DIVULGAÇÃO DA ATIVIDADE PARLAMENTAR.";"0";"";"Informativo Regional Empresa Jornalistica Ltda ME";"311.126.530/0019-6";"493";"0";"2026-06-03T00:00:00";"750";"0";"750";"6";"2026";"0";"";"";"2241693";"";"";"";"2281";"8110239";"https://www.camara.leg.br/cota-parlamentar/documentos/publ/2281/2026/8110239.pdf"
"Valmir Assunção";"02333314842";"160610";"218";"2023";"BA";"PT";"57";"10";"TELEFONIA";"0";"";"Telefônica Brasil S/A - VIVO";"025.581.570/0016-2";"00000876357270";"0";"2026-01-15T00:00:00";"1379.1";"0";"1379.1";"1";"2026";"0";"";"";"2215920";"";"";"";"2265";"8062782";""
"Marussa Boldrin";"02710089114";"220572";"429";"2023";"GO";"REPUBLICANOS";"57";"3";"COMBUSTÍVEIS E LUBRIFICANTES.";"1";"Veículos Automotores";"AUTO POSTO INDIARA LTDA";"017.569.150/0019-4";"7714";"4";"2026-08-15T13:31:10";"380.11";"0";"380.11";"8";"2026";"0";"";"";"2261167";"";"";"";"3638";"8149555";"https://www.camara.leg.br/cota-parlamentar/nota-fiscal-eletronica?ideDocumentoFiscal=8149555"
"Joaquim Passarinho";"13606328249";"178910";"33";"2023";"PA";"PL";"57";"1";"MANUTENÇÃO DE ESCRITÓRIO DE APOIO À ATIVIDADE PARLAMENTAR";"0";"";"TECNEWS CORPORATION COMÉRCIO E SERVIÇO LTDA";"251.167.260/0011-5";"871";"0";"2026-06-01T00:00:00";"1800";"0";"1800";"5";"2026";"0";"";"";"2244467";"";"";"";"2973";"8115508";"https://www.camara.leg.br/cota-parlamentar/documentos/publ/2973/2026/8115508.pdf"
"Evair Vieira de Melo";"02261265794";"178871";"274";"2023";"ES";"REPUBLICANOS";"57";"3";"COMBUSTÍVEIS E LUBRIFICANTES.";"1";"Veículos Automotores";"POSTO SHOPPING LTDA";"572.128.610/0015-0";"95106";"4";"2026-06-18T00:00:00";"133";"0";"133";"6";"2026";"0";"";"";"2248968";"";"";"";"2984";"8124955";"https://www.camara.leg.br/cota-parlamentar/nota-fiscal-eletronica?ideDocumentoFiscal=8124955"
"Diego Garcia";"04702291955";"178929";"447";"2023";"PR";"UNIÃO";"57";"3";"COMBUSTÍVEIS E LUBRIFICANTES.";"1";"Veículos Automotores";"POSTO CAPELA LTDA";"807.785.740/0012-4";"163585";"4";"2026-05-19T08:22:30";"100";"0";"100";"5";"2026";"0";"";"";"2237087";"";"";"";"3043";"8101706";"https://www.camara.leg.br/cota-parlamentar/nota-fiscal-eletronica?ideDocumentoFiscal=8101706"
"Ricardo Barros";"42478979934";"73788";"462";"2023";"PR";"PP";"57";"3";"COMBUSTÍVEIS E LUBRIFICANTES.";"1";"Veículos Automotores";"AUTO POSTO 303 NORTE LTDA";"381.942.120/0012-0";"72458";"4";"2026-05-18T12:08:34";"200";"0";"200";"5";"2026";"0";"";"";"2237322";"";"";"";"1155";"8100996";"https://www.camara.leg.br/cota-parlamentar/nota-fiscal-eletronica?ideDocumentoFiscal=8100996"
"Igor Timo";"01374904619";"204508";"255";"2023";"MG";"UNIÃO";"57";"122";"SERVIÇO DE TÁXI, PEDÁGIO E ESTACIONAMENTO";"0";"";"ECO135 CONCESSIONARIA DE RODOVIAS S.A.";"302.651.000/0010-0";"c010016762";"1";"2026-08-28T00:00:00";"10.6";"0";"10.6";"8";"2026";"0";"";"";"2264293";"";"";"";"3223";"8155307";"https://www.camara.leg.br/cota-parlamentar/documentos/publ/3223/2026/8155307.pdf"
"Benedita da Silva";"36293334787";"73701";"291";"2023";"RJ";"PT";"57";"1";"MANUTENÇÃO DE ESCRITÓRIO DE APOIO À ATIVIDADE PARLAMENTAR";"0";"";"PONTTUAL COMERCIO, SERVICOS, CONSULTORIA E GESTAO LTDA";"093.270.360/0015-9";"5";"0";"2026-05-22T00:00:00";"3000";"0";"3000";"6";"2026";"0";"";"";"2238844";"";"";"";"188";"8105131";"https://www.camara.leg.br/cota-parlamentar/documentos/publ/188/2026/8105131.pdf"
"Delegado Palumbo";"24922395865";"220652";"348";"2023";"SP";"PODE";"57";"122";"SERVIÇO DE TÁXI, PEDÁGIO E ESTACIONAMENTO";"0";"";"SEM PARAR INSTITUIÇÃO DE PAGAMENTO LTDA.";"040.882.080/0016-5";"678115236";"0";"2026-02-03T00:00:00";"798";"88.9";"709.1";"1";"2026";"0";"";"";"2211660";"";"";"";"3597";"8055270";"https://www.camara.leg.br/cota-parlamentar/documentos/publ/3597/2026/8055270.pdf"
"Jadyel Alencar";"64754570359";"220697";"117";"2023";"PI";"REPUBLICANOS";"57";"1";"MANUTENÇÃO DE ESCRITÓRIO DE APOIO À ATIVIDADE PARLAMENTAR";"0";"";"ROCHA FILHO";"024.183.050/0014-3";"032026";"1";"2026-03-31T00:00:00";"1545";"0";"1545";"3";"2026";"0";"";"";"2222312";"";"";"";"3549";"8074486";"https://www.camara.leg.br/cota-parlamentar/documentos/publ/3549/2026/8074486.pdf"
"Lucas Redecker";"71471278115";"204404";"501";"2023";"RS";"PSD";"57";"3";"COMBUSTÍVEIS E LUBRIFICANTES.";"1";"Veículos Automotores";"SIM REDE DE POSTOS LTDA - CORONEL BICACO PARADOURO";"074.737.350/2053-0";"349009";"4";"2026-04-12T00:00:00";"371.66";"0";"371.66";"4";"2026";"0";"";"";"2227557";"";"";"";"3325";"8083985";"https://www.camara.leg.br/cota-parlamentar/nota-fiscal-eletronica?ideDocumentoFiscal=8083985"
"Márcio Biolchi";"80686958004";"179001";"515";"2023";"RS";"MDB";"57";"3";"COMBUSTÍVEIS E LUBRIFICANTES.";"1";"Veículos Automotores";"SIM REDE DE POSTOS LTDA - POA ECOPOSTO";"074.737.350/0956-1";"4713028";"4";"2026-03-04T00:00:00";"263.02";"0";"263.02";"3";"2026";"0";"";"";"2214804";"";"";"";"3086";"8060915";"https://www.camara.leg.br/cota-parlamentar/nota-fiscal-eletronica?ideDocumentoFiscal=8060915"
"Charles Fernandes";"33938903520";"205476";"531";"2023";"BA";"PSD";"57";"3";"COMBUSTÍVEIS E LUBRIFICANTES.";"1";"Veículos Automotores";"POSTO DE COMBUSTIVEIS MAXX XII LTDA";"449.511.230/0018-3";"11893";"4";"2026-06-06T00:00:00";"496.03";"0";"496.03";"6";"2026";"0";"";"";"2242331";"";"";"";"3262";"8111490";"https://www.camara.leg.br/cota-parlamentar/nota-fiscal-eletronica?ideDocumentoFiscal=8111490"
"Evair Vieira de Melo";"02261265794";"178871";"274";"2023";"ES";"REPUBLICANOS";"57";"40";"COMPLEMENTAÇÃO DO AUXÍLIO-MORADIA";"0";"";"";"";"";"1";"";"669";"";"-669";"6";"2026";"0";"";"";"";"";"";"0.0";"2984";"5413";""
"Daniel Freitas";"03751859926";"204367";"476";"2023";"SC";"PL";"57";"3";"COMBUSTÍVEIS E LUBRIFICANTES.";"1";"Veículos Automotores";"BASSO COMERCIO DE COMBUSTIVEL LTDA";"801.472.750/0019-1";"39674";"4";"2026-07-07T20:26:51";"200";"0";"200";"7";"2026";"0";"";"";"2251000";"";"";"";"3301";"8128881";"https://www.camara.leg.br/cota-parlamentar/nota-fiscal-eletronica?ideDocumentoFiscal=8128881"
"Carlos Henrique Gaguim";"21944202153";"178993";"60";"2023";"TO";"UNIÃO";"57";"3";"COMBUSTÍVEIS E LUBRIFICANTES.";"1";"Veículos Automotores";"AUTO POSTO SHALOM LTDA";"426.043.040/0010-8";"534220";"4";"2026-04-13T00:00:00";"340";"0";"340";"4";"2026";"0";"";"";"2228165";"";"";"";"3023";"8085134";"https://www.camara.leg.br/cota-parlamentar/nota-fiscal-eletronica?ideDocumentoFiscal=8085134"
"Coronel Assis";"68902417115";"220594";"405";"2023";"MT";"PL";"57";"3";"COMBUSTÍVEIS E LUBRIFICANTES.";"1";"Veículos Automotores";"AUTO POSTO EPTG LTDA";"340.514.390/0016-5";"78643";"4";"2026-07-03T19:04:09";"198.09";"0";"198.09";"7";"2026";"0";"";"";"2252998";"";"";"";"3544";"8132716";"https://www.camara.leg.br/cota-parlamentar/nota-fiscal-eletronica?ideDocumentoFiscal=8132716"
"Rafael Prudente";"00066296102";"220532";"415";"2023";"DF";"MDB";"57";"3";"COMBUSTÍVEIS E LUBRIFICANTES.";"1";"Veículos Automotores";"AUTO POSTO AVENIDA LTDA";"034.252.270/0017-7";"6753";"4";"2026-01-10T07:36:37";"198";"0";"198";"1";"2026";"0";"";"";"2202601";"";"";"";"3710";"8039303";"https://www.camara.leg.br/cota-parlamentar/nota-fiscal-eletronica?ideDocumentoFiscal=8039303"
"Ivoneide Caetano";"67016332500";"220696";"199";"2023";"BA";"PT";"57";"3";"COMBUSTÍVEIS E LUBRIFICANTES.";"1";"Veículos Automotores";"POSTO DE COMBUSTIVEIS 310 SUL LTDA";"325.902.570/0013-7";"34533";"4";"2026-01-07T00:00:00";"212.8";"0";"212.8";"1";"2026";"0";"";"";"2201462";"";"";"";"3546";"8037548";"https://www.camara.leg.br/cota-parlamentar/nota-fiscal-eletronica?ideDocumentoFiscal=8037548"
"Pedro Aihara";"08116672606";"220630";"258";"2023";"MG";"PP";"57";"3";"COMBUSTÍVEIS E LUBRIFICANTES.";"1";"Veículos Automotores";"POSTO CLEARGEL LTDA";"642.262.850/0016-6";"392787";"0";"2026-08-05T00:00:00";"183.06";"0";"183.06";"8";"2026";"0";"";"";"2259016";"";"";"";"3614";"8145035";"https://www.camara.leg.br/cota-parlamentar/documentos/publ/3614/2026/8145035.pdf"
"Eduardo Velloso";"00120712695";"220589";"54";"2023";"AC";"SOLIDARIEDADE";"57";"3";"COMBUSTÍVEIS E LUBRIFICANTES.";"1";"Veículos Automotores";"AUTO POSTO M L L ACRE LTDA";"271.300.740/0010-7";"67350";"0";"2026-06-30T00:00:00";"360.28";"0";"360.28";"6";"2026";"0";"";"";"2248346";"";"";"";"3711";"8123529";"https://www.camara.leg.br/cota-parlamentar/documentos/publ/3711/2026/8123529.pdf"
"Marussa Boldrin";"02710089114";"220572";"429";"2023";"GO";"REPUBLICANOS";"57";"122";"SERVIÇO DE TÁXI, PEDÁGIO E ESTACIONAMENTO";"0";"";"SEM PARAR INSTITUIÇÃO DE PAGAMENTO LTDA.";"040.882.080/0016-5";"690829355";"0";"2026-04-30T00:00:00";"62.98";"0";"62.98";"4";"2026";"0";"";"";"2231445";"";"";"";"3638";"8091525";"https://www.camara.leg.br/cota-parlamentar/documentos/publ/3638/2026/8091525.pdf"
"Afonso Motta";"10777296004";"178835";"490";"2023";"RS";"PDT";"57";"3";"COMBUSTÍVEIS E LUBRIFICANTES.";"1";"Veículos Automotores";"ABAST DE COMB BELA VISTA LTDA";"871.305.890/0012-0";"491900";"4";"2026-05-17T00:00:00";"483.16";"0";"483.16";"5";"2026";"0";"";"";"2237270";"";"";"";"2880";"8102129";"https://www.camara.leg.br/cota-parlamentar/nota-fiscal-eletronica?ideDocumentoFiscal=8102129"
"AJ Albuquerque";"97506060353";"204549";"87";"2023";"CE";"PP";"57";"3";"COMBUSTÍVEIS E LUBRIFICANTES.";"1";"Veículos Automotores";"Posto Dom Luis";"072.406.410/0490-7";"104436";"0";"2026-03-09T00:00:00";"300";"0";"300";"3";"2026";"0";"";"";"2219346";"";"";"";"3216";"8068881";"https://www.camara.leg.br/cota-parlamentar/documentos/publ/3216/2026/8068881.pdf"
"Pedro Uczai";"47721855934";"160604";"481";"2023";"SC";"PT";"57";"14";"HOSPEDAGEM ,EXCETO DO PARLAMENTAR NO DISTRITO FEDERAL.";"0";"";"LBM HOTEL LTDA";"249.821.920/0014-7";"00000011142";"0";"2026-04-24T00:00:00";"195";"0";"195";"4";"2026";"0";"";"";"2248370";"";"";"";"2243";"8121522";"https://www.camara.leg.br/cota-parlamentar/documentos/publ/2243/2026/8121522.pdf"
"Lincoln Portela";"10254730191";"74585";"243";"2023";"MG";"PL";"57";"14";"HOSPEDAGEM ,EXCETO DO PARLAMENTAR NO DISTRITO FEDERAL.";"0";"";"ICH ADMINISTRACAO DE HOTEIS S.A.";"025.849.240/0312-3";"1926";"0";"2026-05-24T00:00:00";"444.15";"0";"444.15";"5";"2026";"0";"";"";"2248991";"";"";"";"1355";"8125004";"https://www.camara.leg.br/cota-parlamentar/documentos/publ/1355/2026/8125004.pdf"
"Idilvan Alencar";"38167565300";"204533";"95";"2023";"CE";"PSB";"57";"1";"MANUTENÇÃO DE ESCRITÓRIO DE APOIO À ATIVIDADE PARLAMENTAR";"0";"";"COMPANHIA ENERGÉTICA DO CEARÁ";"070.472.510/0017-0";"213997024";"0";"2026-05-11T00:00:00";"799.98";"50.47";"749.51";"5";"2026";"0";"";"";"2246504";"";"";"";"3226";"8119735";"https://www.camara.leg.br/cota-parlamentar/documentos/publ/3226/2026/8119735.pdf"
"Marcelo Crivella";"46392319700";"220599";"312";"2023";"RJ";"REPUBLICANOS";"57";"13";"FORNECIMENTO DE ALIMENTAÇÃO DO PARLAMENTAR";"0";"";"CASA DO ALEMAO F10";"311.305.370/0117-1";"524339";"4";"2026-05-15T00:00:00";"54.6";"0";"54.6";"5";"2026";"0";"";"";"2238637";"";"";"";"3699";"8104593";"https://www.camara.leg.br/cota-parlamentar/nota-fiscal-eletronica?ideDocumentoFiscal=8104593"
"Miguel Ângelo";"11737232693";"171786";"250";"2023";"MG";"PT";"57";"120";"LOCAÇÃO OU FRETAMENTO DE VEÍCULOS AUTOMOTORES";"0";"";"VALOR LOCACOES LTDA";"074.755.240/0018-8";"002249";"1";"2026-07-01T00:00:00";"2210";"0";"2210";"6";"2026";"0";"";"";"2249556";"";"";"";"3604";"8126062";"https://www.camara.leg.br/cota-parlamentar/documentos/publ/3604/2026/8126062.pdf"
"Dal Barreto";"90105290530";"220692";"193";"2023";"BA";"UNIÃO";"57";"5";"DIVULGAÇÃO DA ATIVIDADE PARLAMENTAR.";"0";"";"GRAUNA COMUNICACAO LTDA";"173.663.310/0014-2";"2026387";"0";"2026-06-03T00:00:00";"18000";"15000";"3000";"6";"2026";"0";"";"";"2242002";"";"";"";"3682";"8110787";"https://www.camara.leg.br/cota-parlamentar/documentos/publ/3682/2026/8110787.pdf"
"Benes Leocádio";"40665429487";"109429";"120";"2023";"RN";"UNIÃO";"57";"1";"MANUTENÇÃO DE ESCRITÓRIO DE APOIO À ATIVIDADE PARLAMENTAR";"0";"";"Claudio Manoel de Amorim Santos";"106.850.904/00  -";"S/N";"1";"2026-08-31T00:00:00";"9646";"0";"9646";"8";"2026";"0";"";"";"2264469";"";"";"";"3352";"8155656";"https://www.camara.leg.br/cota-parlamentar/documentos/publ/3352/2026/8155656.pdf"
"Ricardo Abrão";"03028910721";"221329";"524";"2023";"RJ";"PSDB";"57";"3";"COMBUSTÍVEIS E LUBRIFICANTES.";"1";"Veículos Automotores";"POSTO 15 DE COMBUSTIVEIS LTDA";"299.147.100/0010-9";"1738547";"4";"2026-03-23T19:26:09";"464.9";"0";"464.9";"3";"2026";"0";"";"";"2221739";"";"";"";"3714";"8073425";"https://www.camara.leg.br/cota-parlamentar/nota-fiscal-eletronica?ideDocumentoFiscal=8073425"
"Alceu Moreira";"17968496004";"160559";"486";"2023";"RS";"MDB";"57";"3";"COMBUSTÍVEIS E LUBRIFICANTES.";"1";"Veículos Automotores";"AUTO POSTO DE COMBUSTIVEIS RENASCENCA LTDA";"725.000.690/0019-5";"651587";"4";"2026-05-22T00:00:00";"100";"0";"100";"5";"2026";"0";"";"";"2245286";"";"";"";"2379";"8117256";"https://www.camara.leg.br/cota-parlamentar/nota-fiscal-eletronica?ideDocumentoFiscal=8117256"
"Cobalchini";"33944709187";"98148";"472";"2023";"SC";"MDB";"57";"1";"MANUTENÇÃO DE ESCRITÓRIO DE APOIO À ATIVIDADE PARLAMENTAR";"0";"";"CONDOMINIO  JOÃO MORITZ";"806.747.650/0014-6";"209340";"1";"2026-05-31T00:00:00";"1030.63";"180.31";"850.32";"5";"2026";"0";"";"";"2244139";"";"";"";"3704";"8114972";"https://www.camara.leg.br/cota-parlamentar/documentos/publ/3704/2026/8114972.pdf"
"Merlong Solano";"13891820372";"188097";"518";"2023";"PI";"PT";"57";"5";"DIVULGAÇÃO DA ATIVIDADE PARLAMENTAR.";"0";"";"GIL DE ALBUQUERQUE COSTA";"264.857.770/0018-7";"60";"0";"2026-05-08T00:00:00";"700";"0";"700";"4";"2026";"0";"";"";"2234140";"";"";"";"3121";"8096167";"https://www.camara.leg.br/cota-parlamentar/documentos/publ/3121/2026/8096167.pdf"
"Célio Studart";"01420754343";"204488";"90";"2023";"CE";"PSD";"57";"1";"MANUTENÇÃO DE ESCRITÓRIO DE APOIO À ATIVIDADE PARLAMENTAR";"0";"";"CONSULT NEGOCIOS IMOBILIARIOS";"465.568.650/0013-0";"SN";"1";"2026-04-28T00:00:00";"5500";"0";"5500";"4";"2026";"0";"";"";"2230390";"";"";"";"3274";"8089425";"https://www.camara.leg.br/cota-parlamentar/documentos/publ/3274/2026/8089425.pdf"
"Delegado Marcelo Freitas";"03572972612";"204512";"227";"2023";"MG";"UNIÃO";"57";"1";"MANUTENÇÃO DE ESCRITÓRIO DE APOIO À ATIVIDADE PARLAMENTAR";"0";"";"MCF OUTSOURCING LTDA";"379.239.510/0014-2";"9694";"1";"2026-07-20T00:00:00";"180";"0";"180";"7";"2026";"0";"";"";"2255861";"";"";"";"3289";"8138882";"https://www.camara.leg.br/cota-parlamentar/documentos/publ/3289/2026/8138882.pdf"
"Augusto Coutinho";"33155623420";"160665";"141";"2023";"PE";"REPUBLICANOS";"57";"1";"MANUTENÇÃO DE ESCRITÓRIO DE APOIO À ATIVIDADE PARLAMENTAR";"0";"";"BROAD BRASIL LTDA";"489.496.410/0011-3";"1746";"0";"2026-08-17T00:00:00";"850";"0";"850";"8";"2026";"0";"";"";"2261160";"";"";"";"2236";"8149546";"https://www.camara.leg.br/cota-parlamentar/documentos/publ/2236/2026/8149546.pdf"
"Luiz Carlos Busato";"05698960020";"141485";"500";"2023";"RS";"UNIÃO";"57";"13";"FORNECIMENTO DE ALIMENTAÇÃO DO PARLAMENTAR";"0";"";"RESTAURANTE ELZA LTDA";"554.454.460/0011-1";"100504";"4";"2026-05-26T00:00:00";"8.9";"0";"8.9";"5";"2026";"0";"";"";"2240611";"";"";"";"1793";"8108492";"https://www.camara.leg.br/cota-parlamentar/nota-fiscal-eletronica?ideDocumentoFiscal=8108492"
"Merlong Solano";"13891820372";"188097";"518";"2023";"PI";"PT";"57";"3";"COMBUSTÍVEIS E LUBRIFICANTES.";"1";"Veículos Automotores";"024 - CTN - CASCOL COMBUSTIVEIS PARA VEICULOS LTDA";"003.065.970/0249-3";"981688";"4";"2026-03-31T10:59:55";"200";"0";"200";"3";"2026";"0";"";"";"2223827";"";"";"";"3121";"8077172";"https://www.camara.leg.br/cota-parlamentar/nota-fiscal-eletronica?ideDocumentoFiscal=8077172"
"Hugo Leal";"41365585620";"141450";"306";"2023";"RJ";"PSD";"57";"3";"COMBUSTÍVEIS E LUBRIFICANTES.";"1";"Veículos Automotores";"AUTO POSTO BONSUCESSO LTDA";"311.240.270/0011-0";"465";"4";"2026-05-19T00:00:00";"696.55";"0";"696.55";"5";"2026";"0";"";"";"2238834";"";"";"";"1848";"8105001";"https://www.camara.leg.br/cota-parlamentar/nota-fiscal-eletronica?ideDocumentoFiscal=8105001"
"Cabo Gilberto Silva";"03183427400";"220574";"128";"2023";"PB";"PL";"57";"3";"COMBUSTÍVEIS E LUBRIFICANTES.";"1";"Veículos Automotores";"POSTO DE COMBUSTIVEIS NOBERTO LAGOA DE ROCA LTDA -";"187.091.570/0015-6";"12833";"4";"2026-09-06T00:00:00";"189.23";"0";"189.23";"9";"2026";"0";"";"";"2265130";"";"";"";"3586";"8157002";"https://www.camara.leg.br/cota-parlamentar/nota-fiscal-eletronica?ideDocumentoFiscal=8157002"
"Filipe Barros";"05825760911";"204411";"450";"2023";"PR";"PL";"57";"1";"MANUTENÇÃO DE ESCRITÓRIO DE APOIO À ATIVIDADE PARLAMENTAR";"0";"";"chatgpt";"000.000.000/0001-0";"AE8F9E15-0012";"1";"2026-01-11T00:00:00";"115.61";"0";"115.61";"1";"2026";"0";"";"";"2203470";"";"";"";"3228";"8040789";"https://www.camara.leg.br/cota-parlamentar/documentos/publ/3228/2026/8040789.pdf"
"Zucco";"72434325068";"220552";"512";"2023";"RS";"PL";"57";"122";"SERVIÇO DE TÁXI, PEDÁGIO E ESTACIONAMENTO";"0";"";"CONC. RODOVIAS INTEGRADAS DO SUL";"321.615.000/0010-0";"00100050041773084904010511B65";"0";"2026-03-09T00:00:00";"5.5";"0";"5.5";"3";"2026";"0";"";"";"2216299";"";"";"";"3669";"8063525";"https://www.camara.leg.br/cota-parlamentar/documentos/publ/3669/2026/8063525.pdf"
"Pr. Marco Feliciano";"13117532811";"160601";"379";"2023";"SP";"PL";"57";"5";"DIVULGAÇÃO DA ATIVIDADE PARLAMENTAR.";"0";"";"ROBERTO FIGUEIRA MARINHO-ME";"507.123.590/0016-0";"00000016";"0";"2026-03-03T00:00:00";"18000";"0";"18000";"2";"2026";"0";"";"";"2214557";"";"";"";"2248";"8060515";"https://www.camara.leg.br/cota-parlamentar/documentos/publ/2248/2026/8060515.pdf"
"Adilson Barroso";"05585378805";"221328";"519";"2023";"SP";"PL";"57";"120";"LOCAÇÃO OU FRETAMENTO DE VEÍCULOS AUTOMOTORES";"0";"";"Eficar - Centro Automotivo LTDA";"037.619.810/0018-8";"0128/01";"1";"2026-02-23T00:00:00";"5800";"0";"5800";"2";"2026";"0";"";"";"2211688";"";"";"";"3712";"8055345";"https://www.camara.leg.br/cota-parlamentar/documentos/publ/3712/2026/8055345.pdf"
"Arlindo Chinaglia";"06821146187";"73433";"336";"2023";"SP";"PT";"57";"122";"SERVIÇO DE TÁXI, PEDÁGIO E ESTACIONAMENTO";"0";"";"COOPERATIVA MISTA DE TRABALHO DOS MOTORISTAS AUTONOMOS DE TAXIS ESPECIAL DE SAO PAULO - RADIO TAXI";"465.539.470/0012-0";"0849682216";"1";"2026-05-30T00:00:00";"93.35";"0";"93.35";"5";"2026";"0";"";"";"2254552";"";"";"";"974";"8134391";"https://www.camara.leg.br/cota-parlamentar/documentos/publ/974/2026/8134391.pdf"
"Jorge Solla";"19530773587";"178857";"204";"2023";"BA";"PT";"57";"10";"TELEFONIA";"0";"";"CELULAR FUNCIONAL";"000.000.000/0000-1";"8151526";"0";"";"116.56";"0";"116.56";"5";"2026";"0";"";"";"0";"0";"";"";"2938";"0";""
"Dr. Francisco";"75829819368";"220688";"112";"2023";"PI";"PT";"57";"3";"COMBUSTÍVEIS E LUBRIFICANTES.";"1";"Veículos Automotores";"TRANSSERVICE PETROLEO LTDA";"029.270.040/0014-5";"31165";"4";"2026-03-02T00:00:00";"1576.2";"0";"1576.2";"2";"2026";"0";"";"";"2215522";"";"";"";"3672";"8062069";"https://www.camara.leg.br/cota-parlamentar/nota-fiscal-eletronica?ideDocumentoFiscal=8062069"
"Flávio Nogueira";"04826604300";"191923";"110";"2023";"PI";"PT";"57";"3";"COMBUSTÍVEIS E LUBRIFICANTES.";"1";"Veículos Automotores";"CACIQUE PETROLEO LTDA";"066.566.560/0456-4";"244607";"4";"2026-04-30T00:00:00";"300";"0";"300";"4";"2026";"0";"";"";"2232852";"";"";"";"3134";"8093816";"https://www.camara.leg.br/cota-parlamentar/nota-fiscal-eletronica?ideDocumentoFiscal=8093816"
"Glaycon Franco";"50785931600";"236284";"646";"2023";"MG";"PSDB";"57";"3";"COMBUSTÍVEIS E LUBRIFICANTES.";"1";"Veículos Automotores";"POSTO TRANSABRIL LTDA";"020.151.890/0011-1";"297813";"0";"2026-09-09T00:00:00";"246.8";"0";"246.8";"9";"2026";"0";"";"";"2265086";"";"";"";"3819";"8156901";"https://www.camara.leg.br/cota-parlamentar/documentos/publ/3819/2026/8156901.pdf"
"Átila Lira";"74568701368";"123086";"109";"2023";"PI";"PP";"57";"1";"MANUTENÇÃO DE ESCRITÓRIO DE APOIO À ATIVIDADE PARLAMENTAR";"0";"";"CONDOMÍNIO ÁLVARO PIRES";"236.318.150/0017-4";"603";"1";"2026-03-24T00:00:00";"411.78";"0";"411.78";"3";"2026";"0";"";"";"2221258";"";"";"";"3670";"8072550";"https://www.camara.leg.br/cota-parlamentar/documentos/publ/3670/2026/8072550.pdf"
"Sóstenes Cavalcante";"95188100606";"178947";"329";"2023";"RJ";"PL";"57";"1";"MANUTENÇÃO DE ESCRITÓRIO DE APOIO À ATIVIDADE PARLAMENTAR";"0";"";"BROAD BRASIL LTDA";"489.496.410/0011-3";"1456";"0";"2026-01-21T00:00:00";"850";"0";"850";"1";"2026";"0";"";"";"2203457";"";"";"";"2998";"8040801";"https://www.camara.leg.br/cota-parlamentar/documentos/publ/2998/2026/8040801.pdf"
"Charles Fernandes";"33938903520";"205476";"531";"2023";"BA";"PSD";"57";"3";"COMBUSTÍVEIS E LUBRIFICANTES.";"1";"Veículos Automotores";"AUTO POSTO BR 060 LTDA";"077.361.810/0016-8";"2556031";"0";"2026-05-24T00:00:00";"150";"0";"150";"5";"2026";"0";"";"";"2238176";"";"";"";"3262";"8103738";"https://www.camara.leg.br/cota-parlamentar/documentos/publ/3262/2026/8103738.pdf"
"Pompeo de Mattos";"28346890087";"73486";"516";"2023";"RS";"PDT";"57";"10";"TELEFONIA";"0";"";"CELULAR FUNCIONAL";"000.000.000/0000-1";"8156377";"0";"";"116.56";"0";"116.56";"7";"2026";"0";"";"";"0";"0";"";"";"1458";"0";""
"Juliana Cardoso";"27636191857";"220640";"363";"2023";"SP";"PT";"57";"122";"SERVIÇO DE TÁXI, PEDÁGIO E ESTACIONAMENTO";"0";"";"UBER DO BRASIL TECNOLOGIA LTDA.";"178.956.460/0018-7";"SN";"1";"2026-04-11T00:00:00";"19.95";"0";"19.95";"4";"2026";"0";"";"";"2235855";"";"";"";"3657";"8098996";"https://www.camara.leg.br/cota-parlamentar/documentos/publ/3657/2026/8098996.pdf"
"Sanderson";"49941720053";"204416";"517";"2023";"RS";"PL";"57";"3";"COMBUSTÍVEIS E LUBRIFICANTES.";"1";"Veículos Automotores";"ABASTECEDORA DE COMBUSTIVEIS BECKER LTDA";"923.129.580/0013-6";"485303";"4";"2026-07-31T00:00:00";"200";"0";"200";"7";"2026";"0";"";"";"2257372";"";"";"";"3418";"8142067";"https://www.camara.leg.br/cota-parlamentar/nota-fiscal-eletronica?ideDocumentoFiscal=8142067"
"Aécio Neves";"66728983791";"74646";"221";"2023";"MG";"PSDB";"57";"1";"MANUTENÇÃO DE ESCRITÓRIO DE APOIO À ATIVIDADE PARLAMENTAR";"0";"";"EMPRESA MINEIRA DE COMPUTADORES LTDA";"222.610.930/0014-0";"54041";"1";"2026-02-02T00:00:00";"1190";"0";"1190";"1";"2026";"0";"";"";"2223602";"";"";"";"233";"8076817";"https://www.camara.leg.br/cota-parlamentar/documentos/publ/233/2026/8076817.pdf"
"Beto Richa";"54191750968";"220683";"443";"2023";"PR";"PSDB";"57";"3";"COMBUSTÍVEIS E LUBRIFICANTES.";"1";"Veículos Automotores";"ANTIGO SAO CRISTOVAO AUTO POSTO LTDA";"412.109.600/0016-3";"12857";"0";"2026-08-14T00:00:00";"165.84";"0";"165.84";"8";"2026";"0";"";"";"2261359";"";"";"";"3694";"8149765";"https://www.camara.leg.br/cota-parlamentar/documentos/publ/3694/2026/8149765.pdf"
"Rogério Correia";"47102500653";"204480";"262";"2023";"MG";"PT";"57";"3";"COMBUSTÍVEIS E LUBRIFICANTES.";"1";"Veículos Automotores";"TAIOBEIRAS EMPREENDIMENTOS COMERCIAIS LTDA";"233.000.720/0015-0";"51767";"0";"2026-05-29T00:00:00";"250";"119.03";"130.97";"5";"2026";"0";"";"";"2248629";"";"";"";"3380";"8124214";"https://www.camara.leg.br/cota-parlamentar/documentos/publ/3380/2026/8124214.pdf"
"Franciane Bayer";"01320484000";"220551";"510";"2023";"RS";"REPUBLICANOS";"57";"1";"MANUTENÇÃO DE ESCRITÓRIO DE APOIO À ATIVIDADE PARLAMENTAR";"0";"";"OFFICE SOLUÇÕES EM EQUIPAMENTOS E MOBILIÁRIOS LTDA";"489.925.620/0019-5";"95";"1";"2026-02-20T00:00:00";"5393.9";"0";"5393.9";"2";"2026";"0";"";"";"2217630";"";"";"";"3514";"8065745";"https://www.camara.leg.br/cota-parlamentar/documentos/publ/3514/2026/8065745.pdf"
"José Medeiros";"42442540134";"204472";"404";"2023";"MT";"PL";"57";"5";"DIVULGAÇÃO DA ATIVIDADE PARLAMENTAR.";"0";"";"MTPRESS COMUNICAÇÃO E PUBLICIDADE LTD MTPRESS";"299.881.660/0014-0";"125";"0";"2026-03-11T00:00:00";"13500";"0";"13500";"3";"2026";"0";"";"";"2218500";"";"";"";"3411";"8067357";"https://www.camara.leg.br/cota-parlamentar/documentos/publ/3411/2026/8067357.pdf"
"Delegado Matheus Laiola";"22651912808";"220701";"445";"2023";"PR";"UNIÃO";"57";"3";"COMBUSTÍVEIS E LUBRIFICANTES.";"1";"Veículos Automotores";"AUTO POSTO VPC LTDA";"375.621.830/0014-9";"150524";"0";"2026-09-02T00:00:00";"232.74";"0";"232.74";"9";"2026";"0";"";"";"2264094";"";"";"";"3599";"8154966";"https://www.camara.leg.br/cota-parlamentar/documentos/publ/3599/2026/8154966.pdf"
"Zeca Dirceu";"03098871946";"160592";"468";"2023";"PR";"PT";"57";"3";"COMBUSTÍVEIS E LUBRIFICANTES.";"1";"Veículos Automotores";"POSTO DO SALU LTDA.";"040.174.120/0019-5";"45469";"0";"2026-01-30T00:00:00";"1561.26";"0";"1561.26";"1";"2026";"0";"";"";"2205131";"";"";"";"2238";"8043758";"https://www.camara.leg.br/cota-parlamentar/documentos/publ/2238/2026/8043758.pdf"
"Fernando Rodolfo";"04445225495";"204427";"147";"2023";"PE";"PRD";"57";"3";"COMBUSTÍVEIS E LUBRIFICANTES.";"1";"Veículos Automotores";"R L C COMBUSTIVEIS EIRELI";"222.007.720/0037-1";"84264";"4";"2026-01-16T00:00:00";"365.87";"0";"365.87";"1";"2026";"0";"";"";"2203098";"";"";"";"3243";"8040156";"https://www.camara.leg.br/cota-parlamentar/nota-fiscal-eletronica?ideDocumentoFiscal=8040156"
"Delegado Paulo Bilynskyj";"06537203945";"220654";"353";"2023";"SP";"PL";"57";"3";"COMBUSTÍVEIS E LUBRIFICANTES.";"1";"Veículos Automotores";"AUTO POSTO KARAMELO LTDA";"524.055.880/0016-7";"17404";"0";"2026-07-18T00:00:00";"143.6";"0";"143.6";"7";"2026";"0";"";"";"2254665";"";"";"";"3620";"8136323";"https://www.camara.leg.br/cota-parlamentar/documentos/publ/3620/2026/8136323.pdf"
"Diego Garcia";"04702291955";"178929";"447";"2023";"PR";"UNIÃO";"57";"3";"COMBUSTÍVEIS E LUBRIFICANTES.";"1";"Veículos Automotores";"AUTO POSTO RECANDO LONDRINA LTDA";"523.029.670/0012-1";"16915";"4";"2026-02-10T00:00:00";"191.58";"0";"191.58";"2";"2026";"0";"";"";"2213239";"";"";"";"3043";"8058222";"https://www.camara.leg.br/cota-parlamentar/nota-fiscal-eletronica?ideDocumentoFiscal=8058222"
"Luisa Canziani";"05823529910";"204410";"454";"2023";"PR";"UNIÃO";"57";"10";"TELEFONIA";"0";"";"SERCOMTEL";"013.714.160/0018-9";"0000245214";"0";"2026-03-17T00:00:00";"133";"0";"133";"3";"2026";"0";"";"";"2236528";"";"";"";"3205";"8100676";""
"Pedro Westphalen";"20040954072";"204406";"514";"2023";"RS";"PP";"57";"3";"COMBUSTÍVEIS E LUBRIFICANTES.";"1";"Veículos Automotores";"COMERCIO DE COMBUSTIVEIS GAUCHAO LTDA";"922.672.510/0015-5";"123987";"4";"2026-06-21T00:00:00";"117.83";"0";"117.83";"6";"2026";"0";"";"";"2246430";"";"";"";"3280";"8119632";"https://www.camara.leg.br/cota-parlamentar/nota-fiscal-eletronica?ideDocumentoFiscal=8119632"
"Zé Trovão";"36400681817";"220558";"488";"2023";"SC";"PL";"57";"3";"COMBUSTÍVEIS E LUBRIFICANTES.";"1";"Veículos Automotores";"MG COMERCIO DE COMBUSTIVEIS LTDA";"362.035.430/0015-3";"33968";"0";"2026-08-04T00:00:00";"94.19";"0";"94.19";"8";"2026";"0";"";"";"2258666";"";"";"";"3565";"8144471";"https://www.camara.leg.br/cota-parlamentar/documentos/publ/3565/2026/8144471.pdf"
"Dilceu Sperafico";"11979216991";"73768";"452";"2023";"PR";"PP";"57";"3";"COMBUSTÍVEIS E LUBRIFICANTES.";"1";"Veículos Automotores";"AUTO POSTO TOLECEMA LTDA";"005.644.910/0010-1";"42593";"4";"2026-05-30T00:00:00";"276.41";"0";"276.41";"5";"2026";"0";"";"";"2244449";"";"";"";"1001";"8113733";"https://www.camara.leg.br/cota-parlamentar/nota-fiscal-eletronica?ideDocumentoFiscal=8113733"
"Allan Garcês";"29222001249";"226708";"557";"2023";"MA";"PP";"57";"3";"COMBUSTÍVEIS E LUBRIFICANTES.";"1";"Veículos Automotores";"046 - GUARA 03 - CASCOL COMBUSTIVEIS PARA VEICULOS LTDA";"003.065.970/0460-7";"3449175";"4";"2026-01-23T00:00:00";"40";"0";"40";"1";"2026";"0";"";"";"2209076";"";"";"";"3747";"8050523";"https://www.camara.leg.br/cota-parlamentar/nota-fiscal-eletronica?ideDocumentoFiscal=8050523"
"Maria do Rosário";"48989371015";"74398";"508";"2023";"RS";"PT";"57";"3";"COMBUSTÍVEIS E LUBRIFICANTES.";"1";"Veículos Automotores";"AUTO POSTO JAM LTDA";"105.277.430/0033-0";"42610";"4";"2026-04-16T00:00:00";"287.67";"0";"287.67";"4";"2026";"0";"";"";"2228515";"";"";"";"1605";"8085720";"https://www.camara.leg.br/cota-parlamentar/nota-fiscal-eletronica?ideDocumentoFiscal=8085720"
"Mario Frias";"02105129706";"220655";"383";"2023";"SP";"PL";"57";"120";"LOCAÇÃO OU FRETAMENTO DE VEÍCULOS AUTOMOTORES";"0";"";"LM Transp. Inst. S. Com. (Fleetzil incorporada)";"003.894.810/0297-0";"1175963";"1";"2026-02-25T00:00:00";"5809";"0";"5809";"2";"2026";"0";"";"";"2220206";"";"";"";"3641";"8070603";"https://www.camara.leg.br/cota-parlamentar/documentos/publ/3641/2026/8070603.pdf"
"Sanderson";"49941720053";"204416";"517";"2023";"RS";"PL";"57";"123";"PASSAGENS TERRESTRES, MARÍTIMAS OU FLUVIAIS";"0";"";"PAIM BORDIGNON E CIA LTDA";"920.161.120/0015-9";"70111238";"0";"2026-03-04T00:00:00";"200.85";"0";"200.85";"3";"2026";"0";"";"";"2214687";"";"";"";"3418";"8060741";"https://www.camara.leg.br/cota-parlamentar/documentos/publ/3418/2026/8060741.pdf"
"Greyce Elias";"05132597670";"198197";"248";"2023";"MG";"PL";"57";"3";"COMBUSTÍVEIS E LUBRIFICANTES.";"1";"Veículos Automotores";"POSTO BEIJA FLOR VIA EXPRESSA LTDA";"544.123.000/0010-7";"940552";"0";"2026-06-24T00:00:00";"233.83";"0";"233.83";"6";"2026";"0";"";"";"2247259";"";"";"";"3414";"8121407";"https://www.camara.leg.br/cota-parlamentar/documentos/publ/3414/2026/8121407.pdf"
"Marcelo Crivella";"46392319700";"220599";"312";"2023";"RJ";"REPUBLICANOS";"57";"3";"COMBUSTÍVEIS E LUBRIFICANTES.";"1";"Veículos Automotores";"ALG POSTO DE ABASTECIMENTO E SERVICO LTDA";"724.088.420/0019-8";"248948";"4";"2026-04-08T00:00:00";"265.43";"0";"265.43";"4";"2026";"0";"";"";"2228600";"";"";"";"3699";"8085452";"https://www.camara.leg.br/cota-parlamentar/nota-fiscal-eletronica?ideDocumentoFiscal=8085452"
"Samuel Viana";"06373252655";"220631";"273";"2023";"MG";"UNIÃO";"57";"3";"COMBUSTÍVEIS E LUBRIFICANTES.";"1";"Veículos Automotores";"POSTO DUAS PATRIAS LTDA";"182.031.900/0010-0";"259205";"0";"2026-05-21T00:00:00";"242.02";"0";"242.02";"5";"2026";"0";"";"";"2238312";"";"";"";"3622";"8103828";"https://www.camara.leg.br/cota-parlamentar/documentos/publ/3622/2026/8103828.pdf"
"Felipe Carreras";"86488023420";"72442";"145";"2023";"PE";"PSB";"57";"3";"COMBUSTÍVEIS E LUBRIFICANTES.";"1";"Veículos Automotores";"ARAUJO COMBUSTIVEIS E LUBRIFICANTES LTDA EPP";"226.351.440/0015-7";"464836";"4";"2026-06-14T14:31:47";"290.04";"0";"290.04";"6";"2026";"0";"";"";"2245820";"";"";"";"2924";"8118337";"https://www.camara.leg.br/cota-parlamentar/nota-fiscal-eletronica?ideDocumentoFiscal=8118337"
"Natália Bonavides";"05352897400";"204453";"126";"2023";"RN";"PT";"57";"122";"SERVIÇO DE TÁXI, PEDÁGIO E ESTACIONAMENTO";"0";"";"UBER DO BRASIL TECNOLOGIA LTDA.";"178.956.460/0018-7";"S/N";"1";"2026-02-03T00:00:00";"11.99";"0";"11.99";"2";"2026";"0";"";"";"2217832";"";"";"";"3230";"8066125";"https://www.camara.leg.br/cota-parlamentar/documentos/publ/3230/2026/8066125.pdf"
"Dr. Frederico";"07422257717";"204518";"229";"2023";"MG";"PL";"57";"3";"COMBUSTÍVEIS E LUBRIFICANTES.";"1";"Veículos Automotores";"AUTO POSTO CANADA LTDA";"026.445.770/0016-1";"23585";"0";"2026-06-30T00:00:00";"4493.72";"0";"4493.72";"6";"2026";"0";"";"";"2248828";"";"";"";"3249";"8124617";"https://www.camara.leg.br/cota-parlamentar/documentos/publ/3249/2026/8124617.pdf"
"Roberto Monteiro Pai";"45989508700";"220613";"322";"2023";"RJ";"PL";"57";"13";"FORNECIMENTO DE ALIMENTAÇÃO DO PARLAMENTAR";"0";"";"PANIFICADORA NOVO LEBLON LTDA";"022.166.150/0018-5";"84636";"4";"2026-08-19T00:00:00";"24.78";"0.99";"23.79";"8";"2026";"0";"";"";"2262045";"";"";"";"3555";"8150120";"https://www.camara.leg.br/cota-parlamentar/nota-fiscal-eletronica?ideDocumentoFiscal=8150120"
"Dandara";"11264753608";"220629";"232";"2023";"MG";"PT";"57";"5";"DIVULGAÇÃO DA ATIVIDADE PARLAMENTAR.";"0";"";"57.973.301 FLAVIA APARECIDA SILVA";"579.733.010/0011-9";"20";"0";"2026-06-03T00:00:00";"3500";"0";"3500";"5";"2026";"0";"";"";"2241931";"";"";"";"3607";"8110873";"https://www.camara.leg.br/cota-parlamentar/documentos/publ/3607/2026/8110873.pdf"
"Zé Trovão";"36400681817";"220558";"488";"2023";"SC";"PL";"57";"3";"COMBUSTÍVEIS E LUBRIFICANTES.";"1";"Veículos Automotores";"AUTO POSTO JK LTDA";"768.568.220/0013-0";"211197";"4";"2026-04-21T00:00:00";"772.75";"0";"772.75";"4";"2026";"0";"";"";"2228853";"";"";"";"3565";"8086384";"https://www.camara.leg.br/cota-parlamentar/nota-fiscal-eletronica?ideDocumentoFiscal=8086384"
"Jorge Araújo";"27903464884";"235800";"642";"2023";"BA";"PP";"57";"3";"COMBUSTÍVEIS E LUBRIFICANTES.";"1";"Veículos Automotores";"TREVO DERIVADOS DE PETROLEO LTDA";"144.861.530/0184-3";"39474";"4";"2026-06-13T00:00:00";"150";"0";"150";"6";"2026";"0";"";"";"2245535";"";"";"";"3816";"8117729";"https://www.camara.leg.br/cota-parlamentar/nota-fiscal-eletronica?ideDocumentoFiscal=8117729"
"Renildo Calheiros";"20936079487";"73801";"154";"2023";"PE";"PCdoB";"57";"10";"TELEFONIA";"0";"";"CELULAR FUNCIONAL";"000.000.000/0000-1";"8148598";"0";"";"116.56";"0";"116.56";"4";"2026";"0";"";"";"0";"0";"";"";"652";"0";""
"Emanuel Pinheiro Neto";"00558574181";"198783";"403";"2023";"MT";"PSD";"57";"3";"COMBUSTÍVEIS E LUBRIFICANTES.";"1";"Veículos Automotores";"CMKS COMERCIO DE DERIVADOS DE PETROLEO LTDA";"035.118.830/0019-2";"305868";"4";"2026-02-02T09:32:15";"150";"0";"150";"2";"2026";"0";"";"";"2205524";"";"";"";"3315";"8044415";"https://www.camara.leg.br/cota-parlamentar/nota-fiscal-eletronica?ideDocumentoFiscal=8044415"
"Juninho do Pneu";"07845799700";"204457";"308";"2023";"RJ";"PSDB";"57";"120";"LOCAÇÃO OU FRETAMENTO DE VEÍCULOS AUTOMOTORES";"0";"";"BR GONCALVES EPP";"061.773.790/0019-6";"1590";"0";"2026-03-26T00:00:00";"900.76";"0";"900.76";"3";"2026";"0";"";"";"2221172";"";"";"";"3391";"8072419";"https://www.camara.leg.br/cota-parlamentar/documentos/publ/3391/2026/8072419.pdf"
"Thiago de Joaldo";"78723345500";"220560";"177";"2023";"SE";"REPUBLICANOS";"57";"3";"COMBUSTÍVEIS E LUBRIFICANTES.";"1";"Veículos Automotores";"AUTO POSTO CINCO ESTRELAS LTDA";"006.924.180/0010-7";"1200079";"4";"2026-04-28T23:16:07";"255.64";"0";"255.64";"4";"2026";"0";"";"";"2230605";"";"";"";"3535";"8089864";"https://www.camara.leg.br/cota-parlamentar/nota-fiscal-eletronica?ideDocumentoFiscal=8089864"
"Rafael Prudente";"00066296102";"220532";"415";"2023";"DF";"MDB";"57";"3";"COMBUSTÍVEIS E LUBRIFICANTES.";"1";"Veículos Automotores";"AUTO POSTO ESQUINA LIMITADA";"025.518.670/0016-0";"66860";"4";"2026-06-18T00:00:00";"197";"0";"197";"6";"2026";"0";"";"";"2253709";"";"";"";"3710";"8134405";"https://www.camara.leg.br/cota-parlamentar/nota-fiscal-eletronica?ideDocumentoFiscal=8134405"
"Ivoneide Caetano";"67016332500";"220696";"199";"2023";"BA";"PT";"57";"3";"COMBUSTÍVEIS E LUBRIFICANTES.";"1";"Veículos Automotores";"YEMANJA COM DE DERIV  PET. E SERV LTDA";"049.093.690/0017-2";"522072";"4";"2026-01-23T00:00:00";"522.48";"82.9";"439.58";"1";"2026";"0";"";"";"2208141";"";"";"";"3546";"8048746";"https://www.camara.leg.br/cota-parlamentar/nota-fiscal-eletronica?ideDocumentoFiscal=8048746"
"Fernanda Pessoa";"27316939320";"220656";"99";"2023";"CE";"PSD";"57";"13";"FORNECIMENTO DE ALIMENTAÇÃO DO PARLAMENTAR";"0";"";"50.340.443 LAISY OLIVEIRA COSTA DE LIMA";"503.404.430/0010-8";"16296";"4";"2026-06-17T00:00:00";"70";"0";"70";"6";"2026";"0";"";"";"2245598";"";"";"";"3577";"8117891";"https://www.camara.leg.br/cota-parlamentar/nota-fiscal-eletronica?ideDocumentoFiscal=8117891"
"Lucas Redecker";"71471278115";"204404";"501";"2023";"RS";"PSD";"57";"122";"SERVIÇO DE TÁXI, PEDÁGIO E ESTACIONAMENTO";"0";"";"CONC. RODOVIAS INTEGRADAS DO SUL";"321.615.000/0010-0";"WHTSO4582B3";"0";"2026-05-02T00:00:00";"5.5";"0";"5.5";"5";"2026";"0";"";"";"2231310";"";"";"";"3325";"8091267";"https://www.camara.leg.br/cota-parlamentar/documentos/publ/3325/2026/8091267.pdf"
"Gilberto Abramo";"08567392861";"204491";"246";"2023";"MG";"REPUBLICANOS";"57";"3";"COMBUSTÍVEIS E LUBRIFICANTES.";"1";"Veículos Automotores";"DUODRIVE COMÉRCIO DE COMBUSTÍVEIS LTDA";"550.774.110/0017-7";"196763";"0";"2026-01-10T00:00:00";"357.52";"0";"357.52";"1";"2026";"0";"";"";"2207171";"";"";"";"3373";"8046633";"https://www.camara.leg.br/cota-parlamentar/documentos/publ/3373/2026/8046633.pdf"
"Leônidas Cristino";"12105961304";"74299";"536";"2023";"CE";"PDT";"57";"3";"COMBUSTÍVEIS E LUBRIFICANTES.";"1";"Veículos Automotores";"LEAL II COMERCIO DE PETROLEO LTDA";"358.302.400/0010-6";"26801";"0";"2026-01-27T00:00:00";"279.84";"0";"279.84";"1";"2026";"0";"";"";"2205923";"";"";"";"1083";"8044442";"https://www.camara.leg.br/cota-parlamentar/documentos/publ/1083/2026/8044442.pdf"
"Felipe Francischini";"08317508986";"204398";"446";"2023";"PR";"PODE";"57";"3";"COMBUSTÍVEIS E LUBRIFICANTES.";"1";"Veículos Automotores";"G J MOREIRA E J MOREIRA LTDA";"070.254.010/0014-5";"477013";"4";"2026-05-30T14:56:19";"230.2";"0";"230.2";"5";"2026";"0";"";"";"2250317";"";"";"";"3292";"8127623";"https://www.camara.leg.br/cota-parlamentar/nota-fiscal-eletronica?ideDocumentoFiscal=8127623"
"Jorge Solla";"19530773587";"178857";"204";"2023";"BA";"PT";"57";"3";"COMBUSTÍVEIS E LUBRIFICANTES.";"1";"Veículos Automotores";"AUTO POSTO SAMARA LTDA";"018.232.180/0010-9";"6500";"4";"2026-01-21T00:00:00";"400.42";"0";"400.42";"1";"2026";"0";"";"";"2204956";"";"";"";"2938";"8043453";"https://www.camara.leg.br/cota-parlamentar/nota-fiscal-eletronica?ideDocumentoFiscal=8043453"
"Julio Lopes";"59245220753";"74253";"301";"2023";"RJ";"PP";"57";"1";"MANUTENÇÃO DE ESCRITÓRIO DE APOIO À ATIVIDADE PARLAMENTAR";"0";"";"CENTRO-RIO - ADMINISTRADORA DE IMÓVEIS LTDA";"129.673.320/0012-9";"S/N";"1";"2026-04-09T00:00:00";"16082.9";"0";"16082.9";"3";"2026";"0";"";"";"2225684";"";"";"";"1576";"8080503";"https://www.camara.leg.br/cota-parlamentar/documentos/publ/1576/2026/8080503.pdf"
"Luciano Ducci";"20732376068";"178931";"457";"2023";"PR";"PSB";"57";"3";"COMBUSTÍVEIS E LUBRIFICANTES.";"1";"Veículos Automotores";"COMERCIO DE COMBUSTIVEIS TB LTDA";"143.602.800/0015-3";"220488";"0";"2026-04-22T00:00:00";"210.09";"0";"210.09";"4";"2026";"0";"";"";"2238778";"";"";"";"2936";"8104803";"https://www.camara.leg.br/cota-parlamentar/documentos/publ/2936/2026/8104803.pdf"
"Clarissa Tércio";"05967751483";"220665";"140";"2023";"PE";"PP";"57";"3";"COMBUSTÍVEIS E LUBRIFICANTES.";"1";"Veículos Automotores";"J L LEMOS COMBUSTIVEL LTDA";"070.655.300/0016-7";"8109";"4";"2026-03-16T00:00:00";"1690.7";"0";"1690.7";"3";"2026";"0";"";"";"2218523";"";"";"";"3524";"8067316";"https://www.camara.leg.br/cota-parlamentar/nota-fiscal-eletronica?ideDocumentoFiscal=8067316"
"Arthur Oliveira Maia";"32604637553";"160600";"192";"2023";"BA";"UNIÃO";"57";"14";"HOSPEDAGEM ,EXCETO DO PARLAMENTAR NO DISTRITO FEDERAL.";"0";"";"BM HOTEL E TURISMO LTDA";"161.279.870/0014-0";"2026000000812";"0";"2026-07-09T00:00:00";"230";"0";"230";"7";"2026";"0";"";"";"2252976";"";"";"";"2225";"8132767";"https://www.camara.leg.br/cota-parlamentar/documentos/publ/2225/2026/8132767.pdf"
"Laura Carneiro";"79401546720";"74856";"307";"2023";"RJ";"PSD";"57";"13";"FORNECIMENTO DE ALIMENTAÇÃO DO PARLAMENTAR";"0";"";"FML BAR E RESTAURANTE LTDA";"175.231.480/0010-3";"37021";"4";"2026-08-13T00:00:00";"155";"0";"155";"8";"2026";"0";"";"";"2260833";"";"";"";"1118";"8148897";"https://www.camara.leg.br/cota-parlamentar/nota-fiscal-eletronica?ideDocumentoFiscal=8148897"
"Erika Kokay";"22441107100";"160575";"407";"2023";"DF";"PT";"57";"122";"SERVIÇO DE TÁXI, PEDÁGIO E ESTACIONAMENTO";"0";"";"UBER DO BRASIL TECNOLOGIA LTDA.";"178.956.460/0018-7";"21054898";"1";"2026-05-21T00:00:00";"48.98";"0";"48.98";"5";"2026";"0";"";"";"2248769";"";"";"";"2403";"8124533";"https://www.camara.leg.br/cota-parlamentar/documentos/publ/2403/2026/8124533.pdf"
"Rogério Correia";"47102500653";"204480";"262";"2023";"MG";"PT";"57";"122";"SERVIÇO DE TÁXI, PEDÁGIO E ESTACIONAMENTO";"0";"";"UBER DO BRASIL TECNOLOGIA LTDA.";"178.956.460/0018-7";"sn";"1";"2026-02-06T00:00:00";"44.98";"0";"44.98";"2";"2026";"0";"";"";"2208885";"";"";"";"3380";"8050173";"https://www.camara.leg.br/cota-parlamentar/documentos/publ/3380/2026/8050173.pdf"
"André Fernandes";"06634645361";"220657";"88";"2023";"CE";"PL";"57";"3";"COMBUSTÍVEIS E LUBRIFICANTES.";"1";"Veículos Automotores";"POSTO DE COMBUSTIVEIS 310 SUL LTDA.";"325.902.570/0013-7";"43522";"4";"2026-04-28T00:00:00";"240.16";"0";"240.16";"4";"2026";"0";"";"";"2230172";"";"";"";"3525";"8088988";"https://www.camara.leg.br/cota-parlamentar/nota-fiscal-eletronica?ideDocumentoFiscal=8088988"
"Félix Mendonça Júnior";"24263630530";"160666";"195";"2023";"BA";"PDT";"57";"3";"COMBUSTÍVEIS E LUBRIFICANTES.";"1";"Veículos Automotores";"POSTO IMPERIAL COMERCIO DE COMBUSTIVEIS DE RIACHO DE SANTANA";"290.690.310/0018-0";"75845";"4";"2026-07-24T00:00:00";"523.63";"0";"523.63";"7";"2026";"0";"";"";"2259448";"";"";"";"2307";"8146042";"https://www.camara.leg.br/cota-parlamentar/nota-fiscal-eletronica?ideDocumentoFiscal=8146042"
"Pedro Campos";"10779586417";"220667";"161";"2023";"PE";"PSB";"57";"14";"HOSPEDAGEM ,EXCETO DO PARLAMENTAR NO DISTRITO FEDERAL.";"0";"";"SESC PERNAMBUCO";"034.829.310/0105-2";"000002786";"0";"2026-03-14T00:00:00";"288.42";"0";"288.42";"3";"2026";"0";"";"";"2217867";"";"";"";"3608";"8066213";"https://www.camara.leg.br/cota-parlamentar/documentos/publ/3608/2026/8066213.pdf"
"Julio Lopes";"59245220753";"74253";"301";"2023";"RJ";"PP";"57";"1";"MANUTENÇÃO DE ESCRITÓRIO DE APOIO À ATIVIDADE PARLAMENTAR";"0";"";"TELEFONICA BRASIL S.A.";"025.581.570/0148-7";"30435495";"0";"2026-07-15T00:00:00";"747.61";"0";"747.61";"7";"2026";"0";"";"";"2255353";"";"";"";"1576";"8137723";"https://www.camara.leg.br/cota-parlamentar/documentos/publ/1576/2026/8137723.pdf"
"João Cury";"14820733826";"230957";"611";"2023";"SP";"MDB";"57";"3";"COMBUSTÍVEIS E LUBRIFICANTES.";"1";"Veículos Automotores";"AUTO POSTO LC JACAREI LTDA";"572.996.620/0012-1";"20164";"0";"2026-07-08T00:00:00";"220.02";"0";"220.02";"7";"2026";"0";"";"";"2251172";"";"";"";"3790";"8129297";"https://www.camara.leg.br/cota-parlamentar/documentos/publ/3790/2026/8129297.pdf"
"Carlos Chiodini";"00503190942";"204361";"473";"2023";"SC";"MDB";"57";"3";"COMBUSTÍVEIS E LUBRIFICANTES.";"1";"Veículos Automotores";"Posto Grid Ltda";"070.632.950/0043-7";"405757";"4";"2026-04-29T11:35:26";"250";"0";"250";"4";"2026";"0";"";"";"2233409";"";"";"";"3331";"8095007";"https://www.camara.leg.br/cota-parlamentar/nota-fiscal-eletronica?ideDocumentoFiscal=8095007"
"Beto Richa";"54191750968";"220683";"443";"2023";"PR";"PSDB";"57";"14";"HOSPEDAGEM ,EXCETO DO PARLAMENTAR NO DISTRITO FEDERAL.";"0";"";"REI JESUS PALACE HOTEL LTDA";"263.231.380/0011-5";"29489";"0";"2026-06-13T00:00:00";"269";"0";"269";"6";"2026";"0";"";"";"2252857";"";"";"";"3694";"8132391";"https://www.camara.leg.br/cota-parlamentar/documentos/publ/3694/2026/8132391.pdf"
"Zé Haroldo Cathedral";"96150793168";"220536";"8";"2023";"RR";"UNIÃO";"57";"120";"LOCAÇÃO OU FRETAMENTO DE VEÍCULOS AUTOMOTORES";"0";"";"REAL EMPREENDIMENTOS E SERVICOS LTDA";"074.420.730/0018-2";"149";"0";"2026-06-26T00:00:00";"18000";"0";"18000";"6";"2026";"0";"";"";"2247782";"";"";"";"3688";"8112501";"https://www.camara.leg.br/cota-parlamentar/documentos/publ/3688/2026/8112501.pdf"
"Pedro Aihara";"08116672606";"220630";"258";"2023";"MG";"PP";"57";"122";"SERVIÇO DE TÁXI, PEDÁGIO E ESTACIONAMENTO";"0";"";"UBER DO BRASIL TECNOLOGIA LTDA.";"178.956.460/0018-7";"S/N";"1";"2026-08-06T00:00:00";"38.95";"0";"38.95";"8";"2026";"0";"";"";"2259016";"";"";"";"3614";"8145051";"https://www.camara.leg.br/cota-parlamentar/documentos/publ/3614/2026/8145051.pdf"
"Célia Xakriabá";"10312520611";"206018";"230";"2023";"MG";"PSOL";"57";"122";"SERVIÇO DE TÁXI, PEDÁGIO E ESTACIONAMENTO";"0";"";"UBER DO BRASIL TECNOLOGIA LTDA.";"178.956.460/0018-7";"S/N";"1";"2026-04-06T00:00:00";"14.98";"0";"14.98";"4";"2026";"0";"";"";"2224427";"";"";"";"3609";"8078356";"https://www.camara.leg.br/cota-parlamentar/documentos/publ/3609/2026/8078356.pdf"
"Reginaldo Lopes";"90330862634";"74161";"272";"2023";"MG";"PT";"57";"14";"HOSPEDAGEM ,EXCETO DO PARLAMENTAR NO DISTRITO FEDERAL.";"0";"";"ALFA HOTEL VICOSA LTDA - EPP";"092.015.390/0018-3";"142";"0";"2026-01-17T00:00:00";"301";"0";"301";"1";"2026";"0";"";"";"2203871";"";"";"";"1677";"8041495";"https://www.camara.leg.br/cota-parlamentar/documentos/publ/1677/2026/8041495.pdf"
"Chris Tonietto";"10448771705";"204462";"289";"2023";"RJ";"PL";"57";"122";"SERVIÇO DE TÁXI, PEDÁGIO E ESTACIONAMENTO";"0";"";"UBER DO BRASIL TECNOLOGIA LTDA.";"178.956.460/0018-7";"Uber Igor - 09.02 - 02";"1";"2026-02-09T00:00:00";"53.99";"0";"53.99";"2";"2026";"0";"";"";"2210237";"";"";"";"3367";"8052597";"https://www.camara.leg.br/cota-parlamentar/documentos/publ/3367/2026/8052597.pdf"
"Marcelo Crivella";"46392319700";"220599";"312";"2023";"RJ";"REPUBLICANOS";"57";"13";"FORNECIMENTO DE ALIMENTAÇÃO DO PARLAMENTAR";"0";"";"LG RISTORANTE SERVICOS DE ALIMENTACAO E BEBIDAS EIRELI EPP";"105.004.000/0011-0";"241278";"4";"2026-06-18T00:00:00";"94.8";"0";"94.8";"6";"2026";"0";"";"";"2246202";"";"";"";"3699";"8119117";"https://www.camara.leg.br/cota-parlamentar/nota-fiscal-eletronica?ideDocumentoFiscal=8119117"
"Felipe Carreras";"86488023420";"72442";"145";"2023";"PE";"PSB";"57";"3";"COMBUSTÍVEIS E LUBRIFICANTES.";"1";"Veículos Automotores";"POSTO NACIONAL COMERCIO DE DERIVADOS DE PETROLEO LTDA";"091.202.400/0010-2";"395968";"4";"2026-07-01T00:00:00";"304.59";"0";"304.59";"7";"2026";"0";"";"";"2248564";"";"";"";"2924";"8124043";"https://www.camara.leg.br/cota-parlamentar/nota-fiscal-eletronica?ideDocumentoFiscal=8124043"
"Vermelho";"33286957968";"204396";"455";"2023";"PR";"PL";"57";"14";"HOSPEDAGEM ,EXCETO DO PARLAMENTAR NO DISTRITO FEDERAL.";"0";"";"VALENTE PALACE HOTEL LTDA";"006.854.720/0047-8";"1457";"0";"2026-08-19T00:00:00";"912.3";"0";"912.3";"8";"2026";"0";"";"";"2261241";"";"";"";"3330";"8149683";"https://www.camara.leg.br/cota-parlamentar/documentos/publ/3330/2026/8149683.pdf"
"Camila Jara";"02749531101";"220548";"436";"2023";"MS";"PT";"57";"3";"COMBUSTÍVEIS E LUBRIFICANTES.";"1";"Veículos Automotores";"POSTO INDEPENDENCIA LTDA";"074.093.000/0017-8";"2617205";"0";"2026-08-10T00:00:00";"250";"0";"250";"8";"2026";"0";"";"";"2258813";"";"";"";"3637";"8144726";"https://www.camara.leg.br/cota-parlamentar/documentos/publ/3637/2026/8144726.pdf"
"Junio Amaral";"07554049631";"204520";"225";"2023";"MG";"PL";"57";"3";"COMBUSTÍVEIS E LUBRIFICANTES.";"1";"Veículos Automotores";"POSTO SUPREMO LTDA";"027.381.000/0014-5";"305416";"0";"2026-04-16T00:00:00";"338.9";"0";"338.9";"4";"2026";"0";"";"";"2246743";"";"";"";"3399";"8087449";"https://www.camara.leg.br/cota-parlamentar/documentos/publ/3399/2026/8087449.pdf"
"Lindbergh Farias";"69049351468";"74858";"309";"2023";"RJ";"PT";"57";"5";"DIVULGAÇÃO DA ATIVIDADE PARLAMENTAR.";"0";"";"PIMENTO COMUNICACAO LTDA";"278.073.830/0016-0";"243";"0";"2026-03-09T00:00:00";"3000";"0";"3000";"2";"2026";"0";"";"";"2225651";"";"";"";"1107";"8080441";"https://www.camara.leg.br/cota-parlamentar/documentos/publ/1107/2026/8080441.pdf"
"Welter";"68145888972";"224333";"540";"2023";"PR";"PT";"57";"3";"COMBUSTÍVEIS E LUBRIFICANTES.";"1";"Veículos Automotores";"IDAPETRO COMBUSTIVEIS LTDA";"177.803.740/0017-0";"38406";"4";"2026-08-22T15:12:40";"165.03";"0";"165.03";"8";"2026";"0";"";"";"2261948";"";"";"";"3726";"8150952";"https://www.camara.leg.br/cota-parlamentar/nota-fiscal-eletronica?ideDocumentoFiscal=8150952"
"Jilmar Tatto";"03946999808";"141456";"361";"2023";"SP";"PT";"57";"1";"MANUTENÇÃO DE ESCRITÓRIO DE APOIO À ATIVIDADE PARLAMENTAR";"0";"";"DUVALINA BRETAS";"032.344.848/80  -";"S/N";"1";"2026-02-05T00:00:00";"527.37";"0";"527.37";"2";"2026";"0";"";"";"2210473";"";"";"";"1853";"8053032";"https://www.camara.leg.br/cota-parlamentar/documentos/publ/1853/2026/8053032.pdf"
"André Ferreira";"77050363472";"204423";"139";"2023";"PE";"PL";"57";"1";"MANUTENÇÃO DE ESCRITÓRIO DE APOIO À ATIVIDADE PARLAMENTAR";"0";"";"COND. EMPRES. ILHA DO LEITE";"018.346.110/0010-6";"140501";"1";"2026-05-21T00:00:00";"910";"0";"910";"6";"2026";"0";"";"";"2241359";"";"";"";"3368";"8109924";"https://www.camara.leg.br/cota-parlamentar/documentos/publ/3368/2026/8109924.pdf"
"Igor Timo";"01374904619";"204508";"255";"2023";"MG";"UNIÃO";"57";"3";"COMBUSTÍVEIS E LUBRIFICANTES.";"1";"Veículos Automotores";"GRAFER COMERCIAL LTDA";"010.218.700/0010-0";"931974";"0";"2026-07-10T00:00:00";"53.65";"0";"53.65";"7";"2026";"0";"";"";"2253175";"";"";"";"3223";"8133236";"https://www.camara.leg.br/cota-parlamentar/documentos/publ/3223/2026/8133236.pdf"
"Cobalchini";"33944709187";"98148";"472";"2023";"SC";"MDB";"57";"3";"COMBUSTÍVEIS E LUBRIFICANTES.";"1";"Veículos Automotores";"AUTO POSTO CONCORDE LTDA";"288.682.640/0018-0";"32492";"4";"2026-02-12T07:06:21";"160.42";"0";"160.42";"2";"2026";"0";"";"";"2218381";"";"";"";"3704";"8067095";"https://www.camara.leg.br/cota-parlamentar/nota-fiscal-eletronica?ideDocumentoFiscal=8067095"
"Maria Rosas";"61433934787";"204540";"374";"2023";"SP";"REPUBLICANOS";"57";"14";"HOSPEDAGEM ,EXCETO DO PARLAMENTAR NO DISTRITO FEDERAL.";"0";"";"ALJA HOTELARIA & SERVICOS LTDA";"176.095.940/0080-1";"106640";"0";"2026-07-16T00:00:00";"189.98";"0";"189.98";"7";"2026";"0";"";"";"2254984";"";"";"";"3360";"8136892";"https://www.camara.leg.br/cota-parlamentar/documentos/publ/3360/2026/8136892.pdf"
"Odair Cunha";"94892393649";"74159";"269";"2023";"MG";"PT";"57";"120";"LOCAÇÃO OU FRETAMENTO DE VEÍCULOS AUTOMOTORES";"0";"";"MOVE MUNDI LTDA";"073.268.410/0013-2";"3550";"1";"2026-03-02T00:00:00";"2800";"0";"2800";"3";"2026";"0";"";"";"2214024";"";"";"";"1625";"8059572";"https://www.camara.leg.br/cota-parlamentar/documentos/publ/1625/2026/8059572.pdf"
"Rubens Otoni";"13334727149";"74371";"425";"2023";"GO";"PT";"57";"120";"LOCAÇÃO OU FRETAMENTO DE VEÍCULOS AUTOMOTORES";"0";"";"GYN LOGÍSTICA LTDA";"241.131.800/0018-6";"191";"0";"2026-04-23T00:00:00";"7000";"0";"7000";"4";"2026";"0";"";"";"2229099";"";"";"";"1686";"8086848";"https://www.camara.leg.br/cota-parlamentar/documentos/publ/1686/2026/8086848.pdf"
"Soraya Santos";"49125290797";"178946";"328";"2023";"RJ";"PL";"57";"3";"COMBUSTÍVEIS E LUBRIFICANTES.";"1";"Veículos Automotores";"AUTO POSTO 306 NORTE LTDA";"223.988.180/0014-7";"80287";"4";"2026-06-30T09:46:27";"250";"0";"250";"6";"2026";"0";"";"";"2250133";"";"";"";"2922";"8126527";"https://www.camara.leg.br/cota-parlamentar/nota-fiscal-eletronica?ideDocumentoFiscal=8126527"
"Jorge Solla";"19530773587";"178857";"204";"2023";"BA";"PT";"57";"14";"HOSPEDAGEM ,EXCETO DO PARLAMENTAR NO DISTRITO FEDERAL.";"0";"";"LIVRAMENTO PALACE HOTEL LTDA";"338.706.680/0014-9";"202600000002400";"0";"2026-06-30T00:00:00";"330";"0";"330";"6";"2026";"0";"";"";"2253632";"";"";"";"2938";"8134236";"https://www.camara.leg.br/cota-parlamentar/documentos/publ/2938/2026/8134236.pdf"
"Geraldo Resende";"12896918191";"74374";"437";"2023";"MS";"UNIÃO";"57";"5";"DIVULGAÇÃO DA ATIVIDADE PARLAMENTAR.";"0";"";"MARCO EUSEBIO PEREIRA CANCANÇAO";"135.445.340/0012-0";"809";"0";"2026-02-06T00:00:00";"2500";"0";"2500";"1";"2026";"0";"";"";"2207900";"";"";"";"1649";"8048440";"https://www.camara.leg.br/cota-parlamentar/documentos/publ/1649/2026/8048440.pdf"
"Roberta Roma";"94604690510";"220693";"216";"2023";"BA";"PL";"57";"3";"COMBUSTÍVEIS E LUBRIFICANTES.";"1";"Veículos Automotores";"POSTO ESCOLA SALVADOR LTDA";"388.263.160/0010-0";"31575";"4";"2026-08-10T00:00:00";"200";"0";"200";"8";"2026";"0";"";"";"2258994";"";"";"";"3526";"8145031";"https://www.camara.leg.br/cota-parlamentar/nota-fiscal-eletronica?ideDocumentoFiscal=8145031"
"Daniel Agrobom";"42363381149";"220571";"418";"2023";"GO";"PSD";"57";"3";"COMBUSTÍVEIS E LUBRIFICANTES.";"1";"Veículos Automotores";"Imperialpetro Combustiveis Ltda";"260.936.610/0010-0";"1314";"4";"2026-01-31T00:00:00";"208.01";"0";"208.01";"1";"2026";"0";"";"";"2211789";"";"";"";"3561";"8055558";"https://www.camara.leg.br/cota-parlamentar/nota-fiscal-eletronica?ideDocumentoFiscal=8055558"
"Diego Garcia";"04702291955";"178929";"447";"2023";"PR";"UNIÃO";"57";"3";"COMBUSTÍVEIS E LUBRIFICANTES.";"1";"Veículos Automotores";"Petroara - Comercio de Combustiveis - Eireli";"254.522.550/0011-6";"453452";"4";"2026-04-30T00:00:00";"191.02";"0";"191.02";"4";"2026";"0";"";"";"2235806";"";"";"";"3043";"8099301";"https://www.camara.leg.br/cota-parlamentar/nota-fiscal-eletronica?ideDocumentoFiscal=8099301"
"Bibo Nunes";"27236056049";"204388";"489";"2023";"RS";"PL";"57";"3";"COMBUSTÍVEIS E LUBRIFICANTES.";"1";"Veículos Automotores";"SISTEGON COMERCIO DE COMBUSTIVEIS LTDA";"122.308.540/0014-3";"796243";"4";"2026-03-18T00:00:00";"284.87";"0";"284.87";"3";"2026";"0";"";"";"2220808";"";"";"";"3273";"8071733";"https://www.camara.leg.br/cota-parlamentar/nota-fiscal-eletronica?ideDocumentoFiscal=8071733"
"Danilo Forte";"12133728368";"62881";"91";"2023";"CE";"PP";"57";"3";"COMBUSTÍVEIS E LUBRIFICANTES.";"1";"Veículos Automotores";"BRASAL COMBUSTIVEIS LTDA";"000.976.260/0040-0";"1256141";"4";"2026-04-07T00:00:00";"187.88";"0";"187.88";"4";"2026";"0";"";"";"2227610";"";"";"";"2227";"8084078";"https://www.camara.leg.br/cota-parlamentar/nota-fiscal-eletronica?ideDocumentoFiscal=8084078"
"Gervásio Maia";"88623327420";"204394";"133";"2023";"PB";"PCdoB";"57";"3";"COMBUSTÍVEIS E LUBRIFICANTES.";"1";"Veículos Automotores";"RC AUTO POSTO LTDA";"411.529.760/0016-7";"7228";"4";"2026-07-10T00:00:00";"238.76";"13.72";"225.04";"7";"2026";"0";"";"";"2252009";"";"";"";"3401";"8130946";"https://www.camara.leg.br/cota-parlamentar/nota-fiscal-eletronica?ideDocumentoFiscal=8130946"
"Pedro Campos";"10779586417";"220667";"161";"2023";"PE";"PSB";"57";"1";"MANUTENÇÃO DE ESCRITÓRIO DE APOIO À ATIVIDADE PARLAMENTAR";"0";"";"DROPBOX INTERNATIONAL UNLIMITED COMPANY";"000.000.000/0001-0";"SV92YLQMZS7V";"1";"2026-02-20T00:00:00";"280.8";"0";"280.8";"3";"2026";"0";"";"";"2225472";"";"";"";"3608";"8080118";"https://www.camara.leg.br/cota-parlamentar/documentos/publ/3608/2026/8080118.pdf"
"Arthur Oliveira Maia";"32604637553";"160600";"192";"2023";"BA";"UNIÃO";"57";"14";"HOSPEDAGEM ,EXCETO DO PARLAMENTAR NO DISTRITO FEDERAL.";"0";"";"HOTEL MASTER, RESTAURANTE E EVENTOS LTDA";"342.514.630/0014-8";"11512";"0";"2026-07-04T00:00:00";"286.5";"0";"286.5";"7";"2026";"0";"";"";"2250314";"";"";"";"2225";"8127610";"https://www.camara.leg.br/cota-parlamentar/documentos/publ/2225/2026/8127610.pdf"
"Célio Silveira";"24453706120";"178876";"417";"2023";"GO";"MDB";"57";"3";"COMBUSTÍVEIS E LUBRIFICANTES.";"1";"Veículos Automotores";"AUTO POSTO NOVO MILLENIUM LTDA.";"060.627.420/0055-1";"225399";"4";"2026-07-27T15:56:34";"400";"0";"400";"7";"2026";"0";"";"";"2255536";"";"";"";"3008";"8138158";"https://www.camara.leg.br/cota-parlamentar/nota-fiscal-eletronica?ideDocumentoFiscal=8138158"
"Helder Salomão";"76808742715";"178873";"279";"2023";"ES";"PT";"57";"3";"COMBUSTÍVEIS E LUBRIFICANTES.";"1";"Veículos Automotores";"AUTO SHOPPING DERIVADOS DE PETROLEO LTDA";"370.633.280/0130-9";"659562";"4";"2026-04-10T00:00:00";"206.33";"0";"206.33";"4";"2026";"0";"";"";"2226112";"";"";"";"2894";"8081268";"https://www.camara.leg.br/cota-parlamentar/nota-fiscal-eletronica?ideDocumentoFiscal=8081268"
"Luiz Carlos Busato";"05698960020";"141485";"500";"2023";"RS";"UNIÃO";"57";"3";"COMBUSTÍVEIS E LUBRIFICANTES.";"1";"Veículos Automotores";"SERRANO POSTO DE COMB LTDA";"314.754.150/0014-5";"169127";"4";"2026-02-04T10:22:19";"487.25";"0";"487.25";"2";"2026";"0";"";"";"2206719";"";"";"";"1793";"8046493";"https://www.camara.leg.br/cota-parlamentar/nota-fiscal-eletronica?ideDocumentoFiscal=8046493"
"Dani Cunha";"05469169707";"220603";"293";"2023";"RJ";"PL";"57";"120";"LOCAÇÃO OU FRETAMENTO DE VEÍCULOS AUTOMOTORES";"0";"";"NOVITTA RENT A CAR TRANSPORTE LTDA ME";"022.149.320/0016-2";"509";"1";"2026-04-23T00:00:00";"8300";"0";"8300";"5";"2026";"0";"";"";"2239226";"";"";"";"3523";"8105874";"https://www.camara.leg.br/cota-parlamentar/documentos/publ/3523/2026/8105874.pdf"
"Sanderson";"49941720053";"204416";"517";"2023";"RS";"PL";"57";"3";"COMBUSTÍVEIS E LUBRIFICANTES.";"1";"Veículos Automotores";"062 - GUARA 2 - CASCOL COMBUSTIVEIS PARA VEICULOS LTDA";"003.065.970/0621-9";"1734509";"4";"2026-04-07T08:16:13";"294.45";"0";"294.45";"4";"2026";"0";"";"";"2223739";"";"";"";"3418";"8077039";"https://www.camara.leg.br/cota-parlamentar/nota-fiscal-eletronica?ideDocumentoFiscal=8077039"
"Erika Hilton";"39756493801";"220645";"354";"2023";"SP";"PSOL";"57";"122";"SERVIÇO DE TÁXI, PEDÁGIO E ESTACIONAMENTO";"0";"";"UBER DO BRASIL TECNOLOGIA LTDA.";"178.956.460/0018-7";"sn";"1";"2026-02-06T00:00:00";"34.03";"0";"34.03";"2";"2026";"0";"";"";"2213912";"";"";"";"3563";"8059266";"https://www.camara.leg.br/cota-parlamentar/documentos/publ/3563/2026/8059266.pdf"
"Marcon";"43434339000";"160535";"507";"2023";"RS";"PT";"57";"3";"COMBUSTÍVEIS E LUBRIFICANTES.";"1";"Veículos Automotores";"SIM REDE - NOVA STA RITA PARADOURO";"074.737.350/0646-5";"3765391";"4";"2026-07-19T07:56:43";"213.1";"0";"213.1";"7";"2026";"0";"";"";"2254197";"";"";"";"2241";"8135370";"https://www.camara.leg.br/cota-parlamentar/nota-fiscal-eletronica?ideDocumentoFiscal=8135370"
"Joaquim Passarinho";"13606328249";"178910";"33";"2023";"PA";"PL";"57";"3";"COMBUSTÍVEIS E LUBRIFICANTES.";"1";"Veículos Automotores";"AUTO POSTO MAE DO RIO COMERCIO DE DERIVADOS DE PETROLEO LTDA";"309.106.120/0018-2";"554722";"4";"2026-07-03T10:42:08";"150";"0";"150";"7";"2026";"0";"";"";"2251237";"";"";"";"2973";"8129426";"https://www.camara.leg.br/cota-parlamentar/nota-fiscal-eletronica?ideDocumentoFiscal=8129426"
"Lídice da Mata";"14672049515";"139285";"185";"2023";"BA";"PSB";"57";"1";"MANUTENÇÃO DE ESCRITÓRIO DE APOIO À ATIVIDADE PARLAMENTAR";"0";"";"W.MENDES ASSIST.TÉC E LOCAÇÃO  DE ELETRODOMÉSTICOS";"005.624.900/0011-0";"20262680";"0";"2026-01-08T00:00:00";"480";"0";"480";"1";"2026";"0";"";"";"2201865";"";"";"";"161";"8038172";"https://www.camara.leg.br/cota-parlamentar/documentos/publ/161/2026/8038172.pdf"
"Giovani Cherini";"31050778049";"160673";"502";"2023";"RS";"PL";"57";"3";"COMBUSTÍVEIS E LUBRIFICANTES.";"1";"Veículos Automotores";"AUTO POSTO SAMAMBAIA LTDA";"503.132.750/0015-3";"134892";"4";"2026-07-03T00:00:00";"222.29";"0";"222.29";"7";"2026";"0";"";"";"2250510";"";"";"";"2281";"8126484";"https://www.camara.leg.br/cota-parlamentar/nota-fiscal-eletronica?ideDocumentoFiscal=8126484"
"Pedro Aihara";"08116672606";"220630";"258";"2023";"MG";"PP";"57";"122";"SERVIÇO DE TÁXI, PEDÁGIO E ESTACIONAMENTO";"0";"";"UBER DO BRASIL TECNOLOGIA LTDA.";"178.956.460/0018-7";"JOAO0106";"1";"2026-06-15T00:00:00";"20.94";"0";"20.94";"6";"2026";"0";"";"";"2250479";"";"";"";"3614";"8127848";"https://www.camara.leg.br/cota-parlamentar/documentos/publ/3614/2026/8127848.pdf"
"Arthur Oliveira Maia";"32604637553";"160600";"192";"2023";"BA";"UNIÃO";"57";"1";"MANUTENÇÃO DE ESCRITÓRIO DE APOIO À ATIVIDADE PARLAMENTAR";"0";"";"MLABS SOFTWARE S.A.";"234.659.640/0010-0";"1566080";"0";"2026-02-04T00:00:00";"458.04";"0";"458.04";"2";"2026";"0";"";"";"2206951";"";"";"";"2225";"8046936";"https://www.camara.leg.br/cota-parlamentar/documentos/publ/2225/2026/8046936.pdf"
"Sargento Fahur";"53447468904";"204387";"464";"2023";"PR";"PL";"57";"13";"FORNECIMENTO DE ALIMENTAÇÃO DO PARLAMENTAR";"0";"";"JCO BAR E RESTAURANTE LTDA";"110.820.590/0019-2";"371167";"4";"2026-07-10T00:00:00";"69.8";"0";"69.8";"7";"2026";"0";"";"";"2251854";"";"";"";"3211";"8130634";"https://www.camara.leg.br/cota-parlamentar/nota-fiscal-eletronica?ideDocumentoFiscal=8130634"
"Meire Serafim";"57923990263";"220591";"56";"2023";"AC";"UNIÃO";"57";"3";"COMBUSTÍVEIS E LUBRIFICANTES.";"1";"Veículos Automotores";"POSTO VILLAGE LTDA";"069.064.830/0017-4";"107758";"4";"2026-02-16T00:00:00";"250";"0";"250";"2";"2026";"0";"";"";"2216051";"";"";"";"3666";"8062332";"https://www.camara.leg.br/cota-parlamentar/nota-fiscal-eletronica?ideDocumentoFiscal=8062332"
"Arlindo Chinaglia";"06821146187";"73433";"336";"2023";"SP";"PT";"57";"1";"MANUTENÇÃO DE ESCRITÓRIO DE APOIO À ATIVIDADE PARLAMENTAR";"0";"";"JAPAN COPY EQUIPAMENTOS PARA ESC.LTDA-EPP";"062.699.820/0010-6";"42621";"1";"2026-05-26T00:00:00";"225";"0";"225";"5";"2026";"0";"";"";"2242628";"";"";"";"974";"8112035";"https://www.camara.leg.br/cota-parlamentar/documentos/publ/974/2026/8112035.pdf"
"Danrlei de Deus Hinterholz";"70157324087";"160552";"495";"2023";"RS";"PSD";"57";"3";"COMBUSTÍVEIS E LUBRIFICANTES.";"1";"Veículos Automotores";"AUTO POSTO JK LTDA";"034.822.080/0018-2";"56303";"4";"2026-08-26T00:00:00";"255.88";"0";"255.88";"8";"2026";"0";"";"";"2262220";"";"";"";"2242";"8151397";"https://www.camara.leg.br/cota-parlamentar/nota-fiscal-eletronica?ideDocumentoFiscal=8151397"
"Dr. Francisco";"75829819368";"220688";"112";"2023";"PI";"PT";"57";"120";"LOCAÇÃO OU FRETAMENTO DE VEÍCULOS AUTOMOTORES";"0";"";"MY CAR LOCACAO DE VEICULOS LTDA";"175.774.490/0011-0";"2430/2026";"1";"2026-06-25T00:00:00";"3600";"0";"3600";"6";"2026";"0";"";"";"2250166";"";"";"";"3672";"8127214";"https://www.camara.leg.br/cota-parlamentar/documentos/publ/3672/2026/8127214.pdf"
"Geovania de Sá";"81095910949";"178966";"523";"2023";"SC";"REPUBLICANOS";"57";"5";"DIVULGAÇÃO DA ATIVIDADE PARLAMENTAR.";"0";"";"Facebook Serviços Online do Brasil Ltda.";"133.470.160/0011-7";"130081564";"0";"2026-02-04T00:00:00";"4777.86";"0";"4777.86";"1";"2026";"0";"";"";"2210266";"";"";"";"2987";"8052655";"https://www.camara.leg.br/cota-parlamentar/documentos/publ/2987/2026/8052655.pdf"
"Amaro Neto";"06893749767";"204356";"275";"2023";"ES";"PP";"57";"3";"COMBUSTÍVEIS E LUBRIFICANTES.";"1";"Veículos Automotores";"POSTO CIBIEN DE COMBUSTIVEIS LTDA";"524.086.440/0011-7";"244572";"4";"2026-02-18T00:00:00";"335";"20";"315";"2";"2026";"0";"";"";"2210329";"";"";"";"3270";"8052767";"https://www.camara.leg.br/cota-parlamentar/nota-fiscal-eletronica?ideDocumentoFiscal=8052767"
"Valmir Assunção";"02333314842";"160610";"218";"2023";"BA";"PT";"57";"1";"MANUTENÇÃO DE ESCRITÓRIO DE APOIO À ATIVIDADE PARLAMENTAR";"0";"";"INFORMATICA EMPREENDIMENTOS IMOBILIARIOS LTDA";"149.976.880/0013-0";"s/n";"1";"2026-04-10T00:00:00";"5390.82";"0";"5390.82";"4";"2026";"0";"";"";"2233091";"";"";"";"2265";"8094435";"https://www.camara.leg.br/cota-parlamentar/documentos/publ/2265/2026/8094435.pdf"
"Lídice da Mata";"14672049515";"139285";"185";"2023";"BA";"PSB";"57";"122";"SERVIÇO DE TÁXI, PEDÁGIO E ESTACIONAMENTO";"0";"";"UBER DO BRASIL TECNOLOGIA LTDA.";"178.956.460/0417-4";"S/N";"1";"2026-07-09T00:00:00";"13.97";"0";"13.97";"7";"2026";"0";"";"";"2251855";"";"";"";"161";"8130674";"https://www.camara.leg.br/cota-parlamentar/documentos/publ/161/2026/8130674.pdf"
"Heitor Schuch";"45479453068";"178964";"504";"2023";"RS";"PSD";"57";"12";"ASSINATURA DE PUBLICAÇÕES";"0";"";"RBS - ZERO HORA EDITORA JORNALISTICA S.A.";"928.217.010/0010-0";"1146044";"0";"2026-07-21T00:00:00";"64.9";"0";"64.9";"8";"2026";"0";"";"";"2259529";"";"";"";"3056";"8145803";"https://www.camara.leg.br/cota-parlamentar/documentos/publ/3056/2026/8145803.pdf"
"Franciane Bayer";"01320484000";"220551";"510";"2023";"RS";"REPUBLICANOS";"57";"3";"COMBUSTÍVEIS E LUBRIFICANTES.";"1";"Veículos Automotores";"POSTO ZOOLÓGICO LTDA";"195.884.560/0014-2";"148115";"4";"2026-09-08T00:00:00";"374.33";"0";"374.33";"9";"2026";"0";"";"";"2265100";"";"";"";"3514";"8156921";"https://www.camara.leg.br/cota-parlamentar/nota-fiscal-eletronica?ideDocumentoFiscal=8156921"
"Túlio Gadêlha";"06016298417";"157130";"163";"2023";"PE";"PSD";"57";"3";"COMBUSTÍVEIS E LUBRIFICANTES.";"1";"Veículos Automotores";"GILENO CAMPOS GOUVEIA";"118.001.580/0016-2";"530930";"4";"2026-07-01T13:15:00";"266.9";"0";"266.9";"7";"2026";"0";"";"";"2250321";"";"";"";"3419";"8127590";"https://www.camara.leg.br/cota-parlamentar/nota-fiscal-eletronica?ideDocumentoFiscal=8127590"
"Danrlei de Deus Hinterholz";"70157324087";"160552";"495";"2023";"RS";"PSD";"57";"3";"COMBUSTÍVEIS E LUBRIFICANTES.";"1";"Veículos Automotores";"SIM REDE - SAO GABRIEL";"074.737.350/1596-0";"1927316";"4";"2026-08-07T13:46:07";"169.66";"0";"169.66";"8";"2026";"0";"";"";"2258935";"";"";"";"2242";"8144961";"https://www.camara.leg.br/cota-parlamentar/nota-fiscal-eletronica?ideDocumentoFiscal=8144961"
"Coronel Chrisóstomo";"70335591787";"204378";"45";"2023";"RO";"PL";"57";"5";"DIVULGAÇÃO DA ATIVIDADE PARLAMENTAR.";"0";"";"RADIO PORTAL VERDE DE ALTA FLORESTA LTDA ME";"229.093.320/0012-6";"2026000000094";"0";"2026-05-04T00:00:00";"1500";"0";"1500";"4";"2026";"0";"";"";"2233956";"";"";"";"3370";"8095850";"https://www.camara.leg.br/cota-parlamentar/documentos/publ/3370/2026/8095850.pdf"
"Delegado Paulo Bilynskyj";"06537203945";"220654";"353";"2023";"SP";"PL";"57";"3";"COMBUSTÍVEIS E LUBRIFICANTES.";"1";"Veículos Automotores";"RODOPOSTO MARISTELA LTDA";"468.308.650/0018-6";"200593";"1";"2026-05-27T00:00:00";"277.05";"0";"277.05";"5";"2026";"0";"";"";"2240428";"";"";"";"3620";"8108171";"https://www.camara.leg.br/cota-parlamentar/documentos/publ/3620/2026/8108171.pdf"
"Murillo Gouvea";"11519951779";"220617";"319";"2023";"RJ";"PSDB";"57";"3";"COMBUSTÍVEIS E LUBRIFICANTES.";"1";"Veículos Automotores";"GALAPAGOS CENTRO AUTOMOTIVO LTDA";"071.875.630/0018-0";"134274";"4";"2026-05-11T00:00:00";"260";"0";"260";"5";"2026";"0";"";"";"2235202";"";"";"";"3606";"8098190";"https://www.camara.leg.br/cota-parlamentar/nota-fiscal-eletronica?ideDocumentoFiscal=8098190"
"Delegada Ione";"94621632604";"220625";"236";"2023";"MG";"PL";"57";"3";"COMBUSTÍVEIS E LUBRIFICANTES.";"1";"Veículos Automotores";"POSTO EXPRESSO SAO JOSE LTDA";"215.792.550/0012-0";"583491";"0";"2026-09-10T00:00:00";"261.02";"0";"261.02";"9";"2026";"0";"";"";"2265136";"";"";"";"3689";"8157018";"https://www.camara.leg.br/cota-parlamentar/documentos/publ/3689/2026/8157018.pdf"
"Daniela Reinehr";"01932951997";"220557";"475";"2023";"SC";"PL";"57";"3";"COMBUSTÍVEIS E LUBRIFICANTES.";"1";"Veículos Automotores";"POSTO SONHO MEU LTDA - I&Ccedil;ARA";"165.810.450/0293-8";"170206";"4";"2026-03-10T12:24:22";"246.92";"0";"246.92";"3";"2026";"0";"";"";"2217091";"";"";"";"3517";"8064887";"https://www.camara.leg.br/cota-parlamentar/nota-fiscal-eletronica?ideDocumentoFiscal=8064887"
"Nelson Barbudo";"01862797870";"204449";"583";"2023";"MT";"PODE";"57";"1";"MANUTENÇÃO DE ESCRITÓRIO DE APOIO À ATIVIDADE PARLAMENTAR";"0";"";"ATACADAO S.A.";"753.153.330/2951-4";"32769";"4";"2026-01-27T00:00:00";"70.74";"0";"70.74";"1";"2026";"0";"";"";"2205155";"";"";"";"3388";"8043796";"https://www.camara.leg.br/cota-parlamentar/nota-fiscal-eletronica?ideDocumentoFiscal=8043796"
"Delegado Paulo Bilynskyj";"06537203945";"220654";"353";"2023";"SP";"PL";"57";"3";"COMBUSTÍVEIS E LUBRIFICANTES.";"1";"Veículos Automotores";"076 - MELHOR 10 - CASCOL COMBUSTIVEIS PARA VEICULOS LTDA";"003.065.970/0761-4";"1364832";"4";"2026-03-18T18:18:42";"100";"0";"100";"3";"2026";"0";"";"";"2220365";"";"";"";"3620";"8070871";"https://www.camara.leg.br/cota-parlamentar/nota-fiscal-eletronica?ideDocumentoFiscal=8070871"
"Pedro Aihara";"08116672606";"220630";"258";"2023";"MG";"PP";"57";"14";"HOSPEDAGEM ,EXCETO DO PARLAMENTAR NO DISTRITO FEDERAL.";"0";"";"FACARVALHO INVESTIMENTOS IMOBLILIARIOS LTDA";"076.826.030/0024-0";"3391";"1";"2026-05-09T00:00:00";"330.14";"0";"330.14";"5";"2026";"0";"";"";"2240707";"";"";"";"3614";"8108692";"https://www.camara.leg.br/cota-parlamentar/documentos/publ/3614/2026/8108692.pdf"
"LIDERANÇA DO REPUBLICANOS";"";"";"";"2023";"NA";"";"57";"5";"DIVULGAÇÃO DA ATIVIDADE PARLAMENTAR.";"0";"";"MIND COMUNICACAO LTDA";"406.919.480/0015-5";"110";"0";"2026-03-23T00:00:00";"10000";"0";"10000";"3";"2026";"0";"";"";"2220499";"";"";"";"3457";"8071146";"https://www.camara.leg.br/cota-parlamentar/documentos/publ/3457/2026/8071146.pdf"
"Diego Garcia";"04702291955";"178929";"447";"2023";"PR";"UNIÃO";"57";"122";"SERVIÇO DE TÁXI, PEDÁGIO E ESTACIONAMENTO";"0";"";"EPR PARANA S.A.";"609.784.950/0015-0";"2619080020200002136";"1";"2026-06-11T00:00:00";"17.1";"0";"17.1";"6";"2026";"0";"";"";"2250331";"";"";"";"3043";"8127652";"https://www.camara.leg.br/cota-parlamentar/documentos/publ/3043/2026/8127652.pdf"
"Maria Rosas";"61433934787";"204540";"374";"2023";"SP";"REPUBLICANOS";"57";"5";"DIVULGAÇÃO DA ATIVIDADE PARLAMENTAR.";"0";"";"BRENO RODRIGUES VALENTE";"455.047.160/0016-4";"00000113";"0";"2026-05-28T00:00:00";"6000";"0";"6000";"4";"2026";"0";"";"";"2240272";"";"";"";"3360";"8107859";"https://www.camara.leg.br/cota-parlamentar/documentos/publ/3360/2026/8107859.pdf"
"Danilo Forte";"12133728368";"62881";"91";"2023";"CE";"PP";"57";"1";"MANUTENÇÃO DE ESCRITÓRIO DE APOIO À ATIVIDADE PARLAMENTAR";"0";"";"KANTOBYTE SOLUÇÕES E TECNOLOGIA";"294.588.240/0019-1";"233";"0";"2026-06-01T00:00:00";"3808.12";"0";"3808.12";"5";"2026";"0";"";"";"2244911";"";"";"";"2227";"8116360";"https://www.camara.leg.br/cota-parlamentar/documentos/publ/2227/2026/8116360.pdf"
"Dayany Bittencourt";"66083761387";"220659";"94";"2023";"CE";"UNIÃO";"57";"3";"COMBUSTÍVEIS E LUBRIFICANTES.";"1";"Veículos Automotores";"POSTO ALPHA COMERCIO DE COMBUSTIVEIS LTDA.";"293.320.760/0010-4";"7241";"0";"2026-01-06T00:00:00";"200";"0";"200";"1";"2026";"0";"";"";"2202777";"";"";"";"3547";"8039573";"https://www.camara.leg.br/cota-parlamentar/documentos/publ/3547/2026/8039573.pdf"
"Pastor Eurico";"23340541434";"160642";"155";"2023";"PE";"PSDB";"57";"13";"FORNECIMENTO DE ALIMENTAÇÃO DO PARLAMENTAR";"0";"";"TOCA DO CARANGUEJO BAR E RESTAURANTE EIRELI";"350.339.940/0012-7";"481057";"4";"2026-07-18T00:00:00";"135.6";"0";"135.6";"7";"2026";"0";"";"";"2254193";"";"";"";"2264";"8135457";"https://www.camara.leg.br/cota-parlamentar/nota-fiscal-eletronica?ideDocumentoFiscal=8135457"
"Daniel Agrobom";"42363381149";"220571";"418";"2023";"GO";"PSD";"57";"1";"MANUTENÇÃO DE ESCRITÓRIO DE APOIO À ATIVIDADE PARLAMENTAR";"0";"";"EQUATORIAL GOIAS DISTRIBUIDORA DE ENERGIA S/A";"015.430.320/0010-4";"199896229";"0";"2026-07-16T00:00:00";"1016.26";"0";"1016.26";"7";"2026";"0";"";"";"2258527";"";"";"";"3561";"8144201";"https://www.camara.leg.br/cota-parlamentar/documentos/publ/3561/2026/8144201.pdf"
"Rubens Otoni";"13334727149";"74371";"425";"2023";"GO";"PT";"57";"120";"LOCAÇÃO OU FRETAMENTO DE VEÍCULOS AUTOMOTORES";"0";"";"GYN LOGÍSTICA LTDA";"399.948.220/0017-0";"28";"0";"2026-03-10T00:00:00";"3000";"0";"3000";"3";"2026";"0";"";"";"2217147";"";"";"";"1686";"8064958";"https://www.camara.leg.br/cota-parlamentar/documentos/publ/1686/2026/8064958.pdf"
"Pedro Uczai";"47721855934";"160604";"481";"2023";"SC";"PT";"57";"13";"FORNECIMENTO DE ALIMENTAÇÃO DO PARLAMENTAR";"0";"";"RESTAURAMTE E LANCHONETE W A LTDA";"089.719.920/0010-6";"6228";"4";"2026-05-23T00:00:00";"68.55";"0";"68.55";"5";"2026";"0";"";"";"2239579";"";"";"";"2243";"8106529";"https://www.camara.leg.br/cota-parlamentar/nota-fiscal-eletronica?ideDocumentoFiscal=8106529"
"Bandeira de Mello";"26403404768";"220605";"284";"2023";"RJ";"PV";"57";"3";"COMBUSTÍVEIS E LUBRIFICANTES.";"1";"Veículos Automotores";"JPX COMBUSTIVEIS E CONVENIENCIAS - BARRA LTDA";"029.440.290/0015-7";"665982";"4";"2026-05-24T07:04:05";"160";"0";"160";"5";"2026";"0";"";"";"2238427";"";"";"";"3656";"8104167";"https://www.camara.leg.br/cota-parlamentar/nota-fiscal-eletronica?ideDocumentoFiscal=8104167"
"Maurício Carvalho";"90399331204";"220609";"49";"2023";"RO";"UNIÃO";"57";"14";"HOSPEDAGEM ,EXCETO DO PARLAMENTAR NO DISTRITO FEDERAL.";"0";"";"HOTELARIA VIZON EIRELI - ME";"237.680.260/0018-0";"2026000002085";"0";"2026-05-24T00:00:00";"420";"0";"420";"5";"2026";"0";"";"";"2240577";"";"";"";"3683";"8106839";"https://www.camara.leg.br/cota-parlamentar/documentos/publ/3683/2026/8106839.pdf"
"Benedita da Silva";"36293334787";"73701";"291";"2023";"RJ";"PT";"57";"3";"COMBUSTÍVEIS E LUBRIFICANTES.";"1";"Veículos Automotores";"POSTO DE GASOLINA AVENIDA LIMITADA";"340.325.320/0012-2";"352752";"4";"2026-04-28T18:25:24";"150";"0";"150";"4";"2026";"0";"";"";"2232262";"";"";"";"188";"8092936";"https://www.camara.leg.br/cota-parlamentar/nota-fiscal-eletronica?ideDocumentoFiscal=8092936"
"Pezenti";"05735414933";"161440";"484";"2023";"SC";"MDB";"57";"3";"COMBUSTÍVEIS E LUBRIFICANTES.";"1";"Veículos Automotores";"COM.DE COMBUSTIVEIS SALTO DOS MARIANOS LTDA";"061.285.000/0019-0";"109560";"4";"2026-06-23T14:32:19";"399.28";"0";"399.28";"6";"2026";"0";"";"";"2256765";"";"";"";"3625";"8140869";"https://www.camara.leg.br/cota-parlamentar/nota-fiscal-eletronica?ideDocumentoFiscal=8140869"
"Gutemberg Reis";"07733341736";"204456";"302";"2023";"RJ";"MDB";"57";"120";"LOCAÇÃO OU FRETAMENTO DE VEÍCULOS AUTOMOTORES";"0";"";"NOVITTA RENT A CAR TRANSPORTES LTDA";"022.149.320/0016-2";"536";"1";"2026-06-26T00:00:00";"7500";"0";"7500";"6";"2026";"0";"";"";"2247914";"";"";"";"3210";"8122723";"https://www.camara.leg.br/cota-parlamentar/documentos/publ/3210/2026/8122723.pdf"
"Ivan Valente";"37655582815";"73531";"525";"2023";"SP";"PSOL";"57";"3";"COMBUSTÍVEIS E LUBRIFICANTES.";"1";"Veículos Automotores";"AUTO POSTO AEROPORTO LTDA";"082.021.160/0011-5";"62370";"0";"2026-03-02T00:00:00";"197.89";"0";"197.89";"3";"2026";"0";"";"";"2221101";"";"";"";"1049";"8072283";"https://www.camara.leg.br/cota-parlamentar/documentos/publ/1049/2026/8072283.pdf"
"Vitor Lippi";"00168780860";"178992";"399";"2023";"SP";"PSD";"57";"1";"MANUTENÇÃO DE ESCRITÓRIO DE APOIO À ATIVIDADE PARLAMENTAR";"0";"";"PARLANET WEB E TECNOLOGIA LTDA";"316.027.300/0019-6";"1258";"0";"2026-08-17T00:00:00";"800";"0";"800";"8";"2026";"0";"";"";"2260746";"";"";"";"2954";"8148799";"https://www.camara.leg.br/cota-parlamentar/documentos/publ/2954/2026/8148799.pdf"
"Alexandre Guimarães";"01084614162";"220542";"61";"2023";"TO";"MDB";"57";"5";"DIVULGAÇÃO DA ATIVIDADE PARLAMENTAR.";"0";"";"R10 PRODUÇÕES LTDA";"406.921.030/0018-4";"202600000000042";"0";"2026-03-02T00:00:00";"1800";"0";"1800";"2";"2026";"0";"";"";"2213780";"";"";"";"3584";"8059081";"https://www.camara.leg.br/cota-parlamentar/documentos/publ/3584/2026/8059081.pdf"
"Franciane Bayer";"01320484000";"220551";"510";"2023";"RS";"REPUBLICANOS";"57";"14";"HOSPEDAGEM ,EXCETO DO PARLAMENTAR NO DISTRITO FEDERAL.";"0";"";"SANDRI PALACE HOTEL";"837.418.760/0020-5";"00000138834";"0";"2026-06-01T00:00:00";"287.64";"0";"287.64";"6";"2026";"0";"";"";"2245646";"";"";"";"3514";"8117989";"https://www.camara.leg.br/cota-parlamentar/documentos/publ/3514/2026/8117989.pdf"
"Rosana Valle";"10851776884";"204525";"388";"2023";"SP";"PL";"57";"5";"DIVULGAÇÃO DA ATIVIDADE PARLAMENTAR.";"0";"";"Facebook Serviços Online do Brasil Ltda.";"133.470.160/0011-7";"135739839";"0";"2026-05-02T00:00:00";"340.06";"0";"340.06";"4";"2026";"0";"";"";"2235569";"";"";"";"3281";"8098582";"https://www.camara.leg.br/cota-parlamentar/documentos/publ/3281/2026/8098582.pdf"
"Luiz Carlos Busato";"05698960020";"141485";"500";"2023";"RS";"UNIÃO";"57";"13";"FORNECIMENTO DE ALIMENTAÇÃO DO PARLAMENTAR";"0";"";"CJ FREITAS PROD NATURAIS LTDA";"168.059.770/0011-6";"33103";"4";"2026-03-14T00:00:00";"68.04";"0";"68.04";"3";"2026";"0";"";"";"2218928";"";"";"";"1793";"8068095";"https://www.camara.leg.br/cota-parlamentar/nota-fiscal-eletronica?ideDocumentoFiscal=8068095"
"Paulo Litro";"07196225902";"220685";"460";"2023";"PR";"UNIÃO";"57";"14";"HOSPEDAGEM ,EXCETO DO PARLAMENTAR NO DISTRITO FEDERAL.";"0";"";"HOTEL AGUAS CLARAS LTDA ME";"102.254.600/0017-1";"2600000001211";"0";"2026-06-03T00:00:00";"285";"0";"285";"6";"2026";"0";"";"";"2241679";"";"";"";"3696";"8110379";"https://www.camara.leg.br/cota-parlamentar/documentos/publ/3696/2026/8110379.pdf"
"Célia Xakriabá";"10312520611";"206018";"230";"2023";"MG";"PSOL";"57";"14";"HOSPEDAGEM ,EXCETO DO PARLAMENTAR NO DISTRITO FEDERAL.";"0";"";"HOTEL CATAGUASES SOC LTDA";"195.257.730/0011-0";"680";"0";"2026-07-27T00:00:00";"520";"0";"520";"7";"2026";"0";"";"";"2256782";"";"";"";"3609";"8140848";"https://www.camara.leg.br/cota-parlamentar/documentos/publ/3609/2026/8140848.pdf"
"Pedro Aihara";"08116672606";"220630";"258";"2023";"MG";"PP";"57";"122";"SERVIÇO DE TÁXI, PEDÁGIO E ESTACIONAMENTO";"0";"";"99 POP";"180.335.520/0148-6";"MARIANA9905";"0";"2026-03-26T00:00:00";"7.6";"0";"7.6";"3";"2026";"0";"";"";"2223325";"";"";"";"3614";"8076273";"https://www.camara.leg.br/cota-parlamentar/documentos/publ/3614/2026/8076273.pdf"
"Paulo Teixeira";"02441369806";"141488";"376";"2023";"SP";"PT";"57";"3";"COMBUSTÍVEIS E LUBRIFICANTES.";"1";"Veículos Automotores";"AMF AEROPORTO COMÉRCIO VAREJISTA DE COMBUSTÍVEIS LTDA";"219.624.750/0013-9";"147555";"0";"2026-05-11T00:00:00";"280.89";"0";"280.89";"5";"2026";"0";"";"";"2235384";"";"";"";"1910";"8098518";"https://www.camara.leg.br/cota-parlamentar/documentos/publ/1910/2026/8098518.pdf"
"Raniery Paulino";"02367160422";"115200";"572";"2023";"PB";"REPUBLICANOS";"57";"3";"COMBUSTÍVEIS E LUBRIFICANTES.";"1";"Veículos Automotores";"POSTO DE COMB E CONV SANTO ANTONIO LTDA";"059.117.840/0012-3";"44054";"4";"2026-06-23T00:00:00";"200";"0";"200";"6";"2026";"0";"";"";"2248250";"";"";"";"3757";"8123456";"https://www.camara.leg.br/cota-parlamentar/nota-fiscal-eletronica?ideDocumentoFiscal=8123456"
"Rodrigo da Zaeli";"01739752910";"230767";"607";"2023";"MT";"PL";"57";"3";"COMBUSTÍVEIS E LUBRIFICANTES.";"1";"Veículos Automotores";"ARAUJO  DUENHA LTDA";"263.488.070/0010-3";"59300";"4";"2026-03-05T00:00:00";"350.55";"0";"350.55";"3";"2026";"0";"";"";"2215290";"";"";"";"3789";"8061631";"https://www.camara.leg.br/cota-parlamentar/nota-fiscal-eletronica?ideDocumentoFiscal=8061631"
"Sanderson";"49941720053";"204416";"517";"2023";"RS";"PL";"57";"3";"COMBUSTÍVEIS E LUBRIFICANTES.";"1";"Veículos Automotores";"COMERCIAL DE COMBUSTIVEIS RECORD LTDA";"622.418.410/0014-8";"35140";"4";"2026-02-11T00:00:00";"130";"0";"130";"2";"2026";"0";"";"";"2213213";"";"";"";"3418";"8058179";"https://www.camara.leg.br/cota-parlamentar/nota-fiscal-eletronica?ideDocumentoFiscal=8058179"
"Tadeu Veneri";"18438660991";"220682";"463";"2023";"PR";"PT";"57";"3";"COMBUSTÍVEIS E LUBRIFICANTES.";"1";"Veículos Automotores";"AUTO SHOPPING DERIVADOS DE PETROLEO LTDA";"370.633.280/0105-8";"3887086";"4";"2026-06-10T00:00:00";"174.26";"0";"174.26";"6";"2026";"0";"";"";"2244114";"";"";"";"3693";"8114885";"https://www.camara.leg.br/cota-parlamentar/nota-fiscal-eletronica?ideDocumentoFiscal=8114885"
"Dimas Fabiano";"03694339639";"160599";"231";"2023";"MG";"PP";"57";"122";"SERVIÇO DE TÁXI, PEDÁGIO E ESTACIONAMENTO";"0";"";"Conc. do sistema RodoviarioRJ/SP S.A";"443.196.880/0014-2";"S/N";"1";"2026-04-09T00:00:00";"14.5";"0";"14.5";"4";"2026";"0";"";"";"2227068";"";"";"";"2356";"8082062";"https://www.camara.leg.br/cota-parlamentar/documentos/publ/2356/2026/8082062.pdf"
"Eduardo Velloso";"00120712695";"220589";"54";"2023";"AC";"SOLIDARIEDADE";"57";"5";"DIVULGAÇÃO DA ATIVIDADE PARLAMENTAR.";"0";"";"MARIA CLARA BORGES LIMA";"549.227.920/0018-0";"26";"0";"2026-06-05T00:00:00";"8000";"0";"8000";"5";"2026";"0";"";"";"2242214";"";"";"";"3711";"8111318";"https://www.camara.leg.br/cota-parlamentar/documentos/publ/3711/2026/8111318.pdf"
"Daniel Trzeciak";"01297812077";"204409";"491";"2023";"RS";"PSDB";"57";"3";"COMBUSTÍVEIS E LUBRIFICANTES.";"1";"Veículos Automotores";"SIM REDE - GRAVATAI FREE WAY";"074.737.350/0697-0";"4380080";"4";"2026-08-09T00:05:07";"279.41";"0";"279.41";"8";"2026";"0";"";"";"2259332";"";"";"";"3328";"8145843";"https://www.camara.leg.br/cota-parlamentar/nota-fiscal-eletronica?ideDocumentoFiscal=8145843"
"Sargento Portugal";"07296013745";"220618";"324";"2023";"RJ";"PODE";"57";"3";"COMBUSTÍVEIS E LUBRIFICANTES.";"1";"Veículos Automotores";"POSTO DE GASOLINA PORTAL DA SERRA LTDA";"036.724.260/0018-0";"144276";"4";"2026-02-12T00:00:00";"190.02";"0";"190.02";"2";"2026";"0";"";"";"2209492";"";"";"";"3618";"8051164";"https://www.camara.leg.br/cota-parlamentar/nota-fiscal-eletronica?ideDocumentoFiscal=8051164"
"Daniel Trzeciak";"01297812077";"204409";"491";"2023";"RS";"PSDB";"57";"122";"SERVIÇO DE TÁXI, PEDÁGIO E ESTACIONAMENTO";"0";"";"ALLPARK EMPREENDIMENTOS, PARTICIPACOES E SERVICOS S.A.";"605.372.631/5196-2";"125314";"0";"2026-03-16T00:00:00";"21";"0";"21";"3";"2026";"0";"";"";"2218808";"";"";"";"3328";"8067633";"https://www.camara.leg.br/cota-parlamentar/documentos/publ/3328/2026/8067633.pdf"
"Josenildo";"43230849272";"220578";"12";"2023";"AP";"PDT";"57";"3";"COMBUSTÍVEIS E LUBRIFICANTES.";"1";"Veículos Automotores";"AUTO POSTO MACHADO LTDA";"029.244.110/0028-0";"310221";"4";"2026-06-02T00:00:00";"370.06";"0";"370.06";"6";"2026";"0";"";"";"2242479";"";"";"";"3559";"8109531";"https://www.camara.leg.br/cota-parlamentar/nota-fiscal-eletronica?ideDocumentoFiscal=8109531"
"Benes Leocádio";"40665429487";"109429";"120";"2023";"RN";"UNIÃO";"57";"3";"COMBUSTÍVEIS E LUBRIFICANTES.";"1";"Veículos Automotores";"AUTO POSTO JK LTDA";"034.822.080/0018-2";"5922";"4";"2026-02-03T22:21:14";"219.04";"0";"219.04";"2";"2026";"0";"";"";"2206770";"";"";"";"3352";"8046607";"https://www.camara.leg.br/cota-parlamentar/nota-fiscal-eletronica?ideDocumentoFiscal=8046607"
"Beto Richa";"54191750968";"220683";"443";"2023";"PR";"PSDB";"57";"122";"SERVIÇO DE TÁXI, PEDÁGIO E ESTACIONAMENTO";"0";"";"CONCESSIONARIA DE RODOVIAS PRVIAS S.A.";"591.968.970/0011-3";"90250";"1";"2026-07-29T00:00:00";"12.8";"0";"12.8";"7";"2026";"0";"";"";"2259695";"";"";"";"3694";"8146202";"https://www.camara.leg.br/cota-parlamentar/documentos/publ/3694/2026/8146202.pdf"
"Nelson Barbudo";"01862797870";"204449";"583";"2023";"MT";"PODE";"57";"3";"COMBUSTÍVEIS E LUBRIFICANTES.";"1";"Veículos Automotores";"POSTO DE COMBUSTIVEIS OCIDENTAL LTDA.";"010.175.910/0017-2";"162393";"4";"2026-04-27T20:03:21";"329.5";"0";"329.5";"4";"2026";"0";"";"";"2231669";"";"";"";"3388";"8091932";"https://www.camara.leg.br/cota-parlamentar/nota-fiscal-eletronica?ideDocumentoFiscal=8091932"
"Aluisio Mendes";"66746485749";"178881";"68";"2023";"MA";"REPUBLICANOS";"57";"3";"COMBUSTÍVEIS E LUBRIFICANTES.";"1";"Veículos Automotores";"032 - 305 N - CASCOL COMBUSTIVEIS PARA VEICULOS LTDA";"003.065.970/0320-1";"304561";"4";"2026-04-09T00:00:00";"140";"0";"140";"4";"2026";"0";"";"";"2226368";"";"";"";"2999";"8081741";"https://www.camara.leg.br/cota-parlamentar/nota-fiscal-eletronica?ideDocumentoFiscal=8081741"
"Robinson Faria";"15705099487";"220624";"123";"2023";"RN";"PP";"57";"3";"COMBUSTÍVEIS E LUBRIFICANTES.";"1";"Veículos Automotores";"PARELHAS GAS LTDA";"242.066.170/0403-2";"749";"4";"2026-06-29T00:00:00";"1828.35";"0";"1828.35";"6";"2026";"0";"";"";"2256236";"";"";"";"3653";"8139749";"https://www.camara.leg.br/cota-parlamentar/nota-fiscal-eletronica?ideDocumentoFiscal=8139749"
"Sóstenes Cavalcante";"95188100606";"178947";"329";"2023";"RJ";"PL";"57";"14";"HOSPEDAGEM ,EXCETO DO PARLAMENTAR NO DISTRITO FEDERAL.";"0";"";"HOTEL PHENICIA LTDA";"004.691.710/0024-5";"00000049579";"0";"2026-05-14T00:00:00";"38.66";"0";"38.66";"5";"2026";"0";"";"";"2240692";"";"";"";"2998";"8108670";"https://www.camara.leg.br/cota-parlamentar/documentos/publ/2998/2026/8108670.pdf"
"Cobalchini";"33944709187";"98148";"472";"2023";"SC";"MDB";"57";"5";"DIVULGAÇÃO DA ATIVIDADE PARLAMENTAR.";"0";"";"VALDECIR SCHMEIER";"615.589.520/0011-0";"12";"0";"2026-04-13T00:00:00";"5000";"0";"5000";"4";"2026";"0";"";"";"2226262";"";"";"";"3704";"8081544";"https://www.camara.leg.br/cota-parlamentar/documentos/publ/3704/2026/8081544.pdf"
"Bohn Gass";"12558206249";"160538";"499";"2023";"RS";"PT";"57";"3";"COMBUSTÍVEIS E LUBRIFICANTES.";"1";"Veículos Automotores";"COML BUFFON COMB E TRANSP LTDA - POSTO 06";"934.892.430/0062-0";"1952623";"4";"2026-05-30T00:00:00";"235.98";"0";"235.98";"5";"2026";"0";"";"";"2244283";"";"";"";"2405";"8115246";"https://www.camara.leg.br/cota-parlamentar/nota-fiscal-eletronica?ideDocumentoFiscal=8115246"
"Sergio Souza";"75687658904";"178933";"467";"2023";"PR";"MDB";"57";"40";"COMPLEMENTAÇÃO DO AUXÍLIO-MORADIA";"0";"";"";"";"";"1";"";"2897";"";"-2897";"7";"2026";"0";"";"";"";"";"";"0.0";"3062";"5506";""
"Bandeira de Mello";"26403404768";"220605";"284";"2023";"RJ";"PV";"57";"122";"SERVIÇO DE TÁXI, PEDÁGIO E ESTACIONAMENTO";"0";"";"TAXI MÉIER";"013.499.250/0010-5";"SN";"1";"2026-04-16T00:00:00";"98";"0";"98";"4";"2026";"0";"";"";"2228656";"";"";"";"3656";"8085969";"https://www.camara.leg.br/cota-parlamentar/documentos/publ/3656/2026/8085969.pdf"
"Coronel Meira";"56917589772";"220666";"144";"2023";"PE";"PL";"57";"3";"COMBUSTÍVEIS E LUBRIFICANTES.";"1";"Veículos Automotores";"ALBUQUERQUE PNEUS LTDA";"111.177.850/0141-8";"296820";"4";"2026-05-11T00:00:00";"200";"0";"200";"5";"2026";"0";"";"";"2235382";"";"";"";"3665";"8098559";"https://www.camara.leg.br/cota-parlamentar/nota-fiscal-eletronica?ideDocumentoFiscal=8098559"
"Acácio Favacho";"74287028287";"204379";"10";"2023";"AP";"MDB";"57";"10";"TELEFONIA";"0";"";"CELULAR FUNCIONAL";"000.000.000/0000-1";"8148598";"0";"";"341.88";"0";"341.88";"4";"2026";"0";"";"";"0";"0";"";"";"3308";"0";""
"Hugo Motta";"04796249419";"160674";"132";"2023";"PB";"REPUBLICANOS";"57";"5";"DIVULGAÇÃO DA ATIVIDADE PARLAMENTAR.";"0";"";"Simony Lucena da Silva";"671.428.700/0017-6";"1";"0";"2026-06-03T00:00:00";"800";"0";"800";"5";"2026";"0";"";"";"2241982";"";"";"";"2271";"8110966";"https://www.camara.leg.br/cota-parlamentar/documentos/publ/2271/2026/8110966.pdf"
"Soraya Santos";"49125290797";"178946";"328";"2023";"RJ";"PL";"57";"5";"DIVULGAÇÃO DA ATIVIDADE PARLAMENTAR.";"0";"";"LAQUARELY GRAFICA E EDITORA LTDA";"177.211.320/0010-5";"378";"0";"2026-03-11T00:00:00";"980";"0";"980";"3";"2026";"0";"";"";"2218113";"";"";"";"2922";"8066670";"https://www.camara.leg.br/cota-parlamentar/documentos/publ/2922/2026/8066670.pdf"
"Pompeo de Mattos";"28346890087";"73486";"516";"2023";"RS";"PDT";"57";"5";"DIVULGAÇÃO DA ATIVIDADE PARLAMENTAR.";"0";"";"RADIODIFUSÃO ÁGUAS CLARAS LTDA-ME";"884.129.600/0010-0";"412";"0";"2026-05-06T00:00:00";"500";"0";"500";"4";"2026";"0";"";"";"2233238";"";"";"";"1458";"8094256";"https://www.camara.leg.br/cota-parlamentar/documentos/publ/1458/2026/8094256.pdf"
"Afonso Florence";"17734150500";"160508";"182";"2023";"BA";"PT";"57";"3";"COMBUSTÍVEIS E LUBRIFICANTES.";"1";"Veículos Automotores";"CAMAMU PRODUTOS DE PETROLEO LTDA";"143.084.380/0022-7";"86710";"4";"2026-06-02T00:00:00";"174.34";"0";"174.34";"6";"2026";"0";"";"";"2244572";"";"";"";"2406";"8115734";"https://www.camara.leg.br/cota-parlamentar/nota-fiscal-eletronica?ideDocumentoFiscal=8115734"
"Daniela Reinehr";"01932951997";"220557";"475";"2023";"SC";"PL";"57";"3";"COMBUSTÍVEIS E LUBRIFICANTES.";"1";"Veículos Automotores";"ROSSO &amp; ROSSO COMERCIO DE COMBUSTIVEIS LTDA";"244.317.490/0015-1";"316638";"4";"2026-05-10T00:00:00";"71.76";"0";"71.76";"5";"2026";"0";"";"";"2235321";"";"";"";"3517";"8098337";"https://www.camara.leg.br/cota-parlamentar/nota-fiscal-eletronica?ideDocumentoFiscal=8098337"
"Wellington Roberto";"26254166453";"74043";"136";"2023";"PB";"PSD";"57";"3";"COMBUSTÍVEIS E LUBRIFICANTES.";"1";"Veículos Automotores";"GOES COMBUSTIVEIS, LUBRIFICANTES E GLP LTDA";"054.543.900/0019-3";"72133";"4";"2026-08-18T07:39:13";"298.15";"0";"298.15";"8";"2026";"0";"";"";"2262612";"";"";"";"1703";"8152158";"https://www.camara.leg.br/cota-parlamentar/nota-fiscal-eletronica?ideDocumentoFiscal=8152158"
"Luiz Lima";"07616393730";"204455";"311";"2023";"RJ";"NOVO";"57";"3";"COMBUSTÍVEIS E LUBRIFICANTES.";"1";"Veículos Automotores";"DRA4 DERIVADOS DE PETROLEO LTDA";"192.570.420/0013-0";"129702";"4";"2026-03-17T08:10:06";"230";"0";"230";"3";"2026";"0";"";"";"2218388";"";"";"";"3264";"8067133";"https://www.camara.leg.br/cota-parlamentar/nota-fiscal-eletronica?ideDocumentoFiscal=8067133"
"Patrus Ananias";"17486440687";"74160";"249";"2023";"MG";"PT";"57";"1";"MANUTENÇÃO DE ESCRITÓRIO DE APOIO À ATIVIDADE PARLAMENTAR";"0";"";"GPO EMPREENDIMENTOS IMOBILIARIOS LTDA";"651.804.160/0018-4";"4352547";"1";"2026-08-05T00:00:00";"6562.1";"5";"6557.1";"7";"2026";"0";"";"";"2257897";"";"";"";"1638";"8143140";"https://www.camara.leg.br/cota-parlamentar/documentos/publ/1638/2026/8143140.pdf"
"Beto Preto";"57382050904";"220698";"442";"2023";"PR";"PSD";"57";"122";"SERVIÇO DE TÁXI, PEDÁGIO E ESTACIONAMENTO";"0";"";"ASSOCIACAO NACIONAL DE TAXISTAS INFORMATIZADOS ANTAXI";"306.059.770/0010-1";"0000";"1";"2026-08-10T00:00:00";"73";"0";"73";"8";"2026";"0";"";"";"2258569";"";"";"";"3550";"8144294";"https://www.camara.leg.br/cota-parlamentar/documentos/publ/3550/2026/8144294.pdf"
"Maria Rosas";"61433934787";"204540";"374";"2023";"SP";"REPUBLICANOS";"57";"3";"COMBUSTÍVEIS E LUBRIFICANTES.";"1";"Veículos Automotores";"CHARAFEDDINE e CIA LTDA";"058.258.690/0019-9";"12438";"0";"2026-02-25T00:00:00";"100";"0";"100";"2";"2026";"0";"";"";"2214470";"";"";"";"3360";"8060354";"https://www.camara.leg.br/cota-parlamentar/documentos/publ/3360/2026/8060354.pdf"
"Dr. Luiz Ovando";"05134552134";"204351";"435";"2023";"MS";"PP";"57";"5";"DIVULGAÇÃO DA ATIVIDADE PARLAMENTAR.";"0";"";"RAFAEL RAMOS PALACIOS RODRIGUES";"376.698.040/0019-8";"310";"0";"2026-05-13T00:00:00";"1800";"0";"1800";"4";"2026";"0";"";"";"2236906";"";"";"";"3393";"8101355";"https://www.camara.leg.br/cota-parlamentar/documentos/publ/3393/2026/8101355.pdf"
"Daiana Santos";"00104610000";"220555";"505";"2023";"RS";"PCdoB";"57";"1";"MANUTENÇÃO DE ESCRITÓRIO DE APOIO À ATIVIDADE PARLAMENTAR";"0";"";"BENTUX TECNOLOGIA LTDA";"594.015.450/0015-2";"0001018";"1";"2026-03-13T00:00:00";"8756";"0";"8756";"2";"2026";"0";"";"";"2218930";"";"";"";"3647";"8068140";"https://www.camara.leg.br/cota-parlamentar/documentos/publ/3647/2026/8068140.pdf"
"Denise Pessôa";"81193157072";"220553";"509";"2023";"RS";"PT";"57";"122";"SERVIÇO DE TÁXI, PEDÁGIO E ESTACIONAMENTO";"0";"";"UBER DO BRASIL TECNOLOGIA LTDA.";"178.956.460/0018-7";"snr";"1";"2026-01-27T00:00:00";"13.58";"0";"13.58";"1";"2026";"0";"";"";"2207412";"";"";"";"3677";"8047523";"https://www.camara.leg.br/cota-parlamentar/documentos/publ/3677/2026/8047523.pdf"
"Welter";"68145888972";"224333";"540";"2023";"PR";"PT";"57";"14";"HOSPEDAGEM ,EXCETO DO PARLAMENTAR NO DISTRITO FEDERAL.";"0";"";"HOTELARIA ACCOR BRASIL S/A";"099.678.520/1167-6";"6123";"0";"2026-08-08T00:00:00";"292";"0";"292";"8";"2026";"0";"";"";"2259138";"";"";"";"3726";"8145465";"https://www.camara.leg.br/cota-parlamentar/documentos/publ/3726/2026/8145465.pdf"
"Pompeo de Mattos";"28346890087";"73486";"516";"2023";"RS";"PDT";"57";"3";"COMBUSTÍVEIS E LUBRIFICANTES.";"1";"Veículos Automotores";"JP SANTA LUCIA COMERCIO DE COMBUSTIVEIS";"176.958.130/0146-0";"790673";"4";"2026-07-19T15:51:30";"180.04";"0";"180.04";"7";"2026";"0";"";"";"2255716";"";"";"";"1458";"8138558";"https://www.camara.leg.br/cota-parlamentar/nota-fiscal-eletronica?ideDocumentoFiscal=8138558"
"Afonso Motta";"10777296004";"178835";"490";"2023";"RS";"PDT";"57";"14";"HOSPEDAGEM ,EXCETO DO PARLAMENTAR NO DISTRITO FEDERAL.";"0";"";"HOTEL PALACE FREDERICO LTDA";"001.010.400/0012-0";"2657";"0";"2026-07-29T00:00:00";"239";"0";"239";"7";"2026";"0";"";"";"2255634";"";"";"";"2880";"8138367";"https://www.camara.leg.br/cota-parlamentar/documentos/publ/2880/2026/8138367.pdf"
"Milton Vieira";"04976912809";"154178";"375";"2023";"SP";"REPUBLICANOS";"57";"120";"LOCAÇÃO OU FRETAMENTO DE VEÍCULOS AUTOMOTORES";"0";"";"NSF TRANSPORTES LTDA";"195.330.150/0014-3";"1713";"1";"2026-07-10T00:00:00";"6000";"0";"6000";"7";"2026";"0";"";"";"2251930";"";"";"";"2004";"8130785";"https://www.camara.leg.br/cota-parlamentar/documentos/publ/2004/2026/8130785.pdf"
"Pedro Paulo";"00262905701";"122158";"314";"2023";"RJ";"PSD";"57";"1";"MANUTENÇÃO DE ESCRITÓRIO DE APOIO À ATIVIDADE PARLAMENTAR";"0";"";"GPX RIO IMOVEIS LTDA";"210.117.000/0015-1";"1657";"1";"2026-05-28T00:00:00";"19113.4";"519.32";"18594.1";"5";"2026";"0";"";"";"2240680";"";"";"";"2386";"8108644";"https://www.camara.leg.br/cota-parlamentar/documentos/publ/2386/2026/8108644.pdf"
"Mauricio Marcon";"01117026078";"220550";"511";"2023";"RS";"PL";"57";"3";"COMBUSTÍVEIS E LUBRIFICANTES.";"1";"Veículos Automotores";"SMAFF COMBUSTIVEIS LTDA";"056.629.750/0010-7";"27764";"4";"2026-03-23T00:00:00";"256.44";"0";"256.44";"3";"2026";"0";"";"";"2220304";"";"";"";"3512";"8070801";"https://www.camara.leg.br/cota-parlamentar/nota-fiscal-eletronica?ideDocumentoFiscal=8070801"
"Lincoln Portela";"10254730191";"74585";"243";"2023";"MG";"PL";"57";"3";"COMBUSTÍVEIS E LUBRIFICANTES.";"1";"Veículos Automotores";"031 - 302 NORTE - CASCOL COMBUSTIVEIS PARA VEICULOS LTDA";"003.065.970/0311-2";"576462";"4";"2026-04-13T00:00:00";"200";"0";"200";"4";"2026";"0";"";"";"2247731";"";"";"";"1355";"8122375";"https://www.camara.leg.br/cota-parlamentar/nota-fiscal-eletronica?ideDocumentoFiscal=8122375"
"Vermelho";"33286957968";"204396";"455";"2023";"PR";"PL";"57";"1";"MANUTENÇÃO DE ESCRITÓRIO DE APOIO À ATIVIDADE PARLAMENTAR";"0";"";"PARLANET WEB E TECNOLOGIA EIRELI";"316.027.300/0019-6";"969";"0";"2026-01-14T00:00:00";"400";"0";"400";"1";"2026";"0";"";"";"2205114";"";"";"";"3330";"8043738";"https://www.camara.leg.br/cota-parlamentar/documentos/publ/3330/2026/8043738.pdf"
"Danrlei de Deus Hinterholz";"70157324087";"160552";"495";"2023";"RS";"PSD";"57";"14";"HOSPEDAGEM ,EXCETO DO PARLAMENTAR NO DISTRITO FEDERAL.";"0";"";"HOTEL 44 IJUI LTDA";"060.961.100/0018-5";"2331";"0";"2026-04-10T00:00:00";"197.1";"0";"197.1";"4";"2026";"0";"";"";"2234653";"";"";"";"2242";"8097151";"https://www.camara.leg.br/cota-parlamentar/documentos/publ/2242/2026/8097151.pdf"
"Eduardo da Fonte";"53467108415";"141421";"156";"2023";"PE";"PP";"57";"3";"COMBUSTÍVEIS E LUBRIFICANTES.";"1";"Veículos Automotores";"AUTO POSTO CENTENARIO LTDA";"059.520.010/0015-0";"1156237";"4";"2026-08-16T00:00:00";"380.01";"0";"380.01";"8";"2026";"0";"";"";"2262918";"";"";"";"1822";"8152698";"https://www.camara.leg.br/cota-parlamentar/nota-fiscal-eletronica?ideDocumentoFiscal=8152698"
"Daniel Trzeciak";"01297812077";"204409";"491";"2023";"RS";"PSDB";"57";"14";"HOSPEDAGEM ,EXCETO DO PARLAMENTAR NO DISTRITO FEDERAL.";"0";"";"ICH ADMINISTRACAO DE HOTEIS S.A";"025.849.240/0398-0";"8301";"0";"2026-03-07T00:00:00";"299.25";"0";"299.25";"3";"2026";"0";"";"";"2216544";"";"";"";"3328";"8063881";"https://www.camara.leg.br/cota-parlamentar/documentos/publ/3328/2026/8063881.pdf"
"Daniel Trzeciak";"01297812077";"204409";"491";"2023";"RS";"PSDB";"57";"3";"COMBUSTÍVEIS E LUBRIFICANTES.";"1";"Veículos Automotores";"SIM REDE DE POSTOS LTDA - TC LITORAL";"074.737.350/0409-8";"2800496";"4";"2026-01-28T18:21:32";"267.09";"0";"267.09";"1";"2026";"0";"";"";"2207346";"";"";"";"3328";"8047391";"https://www.camara.leg.br/cota-parlamentar/nota-fiscal-eletronica?ideDocumentoFiscal=8047391"
"Diego Coronel";"82411131534";"220691";"196";"2023";"BA";"REPUBLICANOS";"57";"3";"COMBUSTÍVEIS E LUBRIFICANTES.";"1";"Veículos Automotores";"WL COMERCIO DE COMBUSTIVEIS LTDA";"034.321.200/0015-6";"1111637";"4";"2026-08-13T00:00:00";"565.4";"0";"565.4";"8";"2026";"0";"";"";"2260514";"";"";"";"3679";"8148200";"https://www.camara.leg.br/cota-parlamentar/nota-fiscal-eletronica?ideDocumentoFiscal=8148200"
"Marcel van Hattem";"00731302060";"156190";"503";"2023";"RS";"NOVO";"57";"3";"COMBUSTÍVEIS E LUBRIFICANTES.";"1";"Veículos Automotores";"AUTO POSTO 303 NORTE LTDA";"381.942.120/0012-0";"74015";"4";"2026-06-08T00:00:00";"84.87";"0";"84.87";"6";"2026";"0";"";"";"2244325";"";"";"";"3299";"8115231";"https://www.camara.leg.br/cota-parlamentar/nota-fiscal-eletronica?ideDocumentoFiscal=8115231"
"Keniston Braga";"21023867249";"220677";"32";"2023";"PA";"MDB";"57";"3";"COMBUSTÍVEIS E LUBRIFICANTES.";"1";"Veículos Automotores";"AUTO POSTO 302 SUL LTDA";"306.427.010/0019-5";"800719";"4";"2026-05-21T10:04:42";"351.71";"0";"351.71";"5";"2026";"0";"";"";"2239079";"";"";"";"3600";"8105625";"https://www.camara.leg.br/cota-parlamentar/nota-fiscal-eletronica?ideDocumentoFiscal=8105625"
"Félix Mendonça Júnior";"24263630530";"160666";"195";"2023";"BA";"PDT";"57";"10";"TELEFONIA";"0";"";"Claro S/A - Embratel";"404.325.440/0014-7";"404031807";"1";"2026-05-05T00:00:00";"142";"4.72";"137.28";"4";"2026";"0";"";"";"2236995";"";"";"";"2307";"8101574";""
"Dandara";"11264753608";"220629";"232";"2023";"MG";"PT";"57";"14";"HOSPEDAGEM ,EXCETO DO PARLAMENTAR NO DISTRITO FEDERAL.";"0";"";"SAVANA HOTEL LTDA - EPP";"181.165.910/0012-2";"2350";"0";"2026-03-26T00:00:00";"987";"0";"987";"3";"2026";"0";"";"";"2221572";"";"";"";"3607";"8073149";"https://www.camara.leg.br/cota-parlamentar/documentos/publ/3607/2026/8073149.pdf"
"Patrus Ananias";"17486440687";"74160";"249";"2023";"MG";"PT";"57";"122";"SERVIÇO DE TÁXI, PEDÁGIO E ESTACIONAMENTO";"0";"";"EcoRioMinas Concessionaria de Rodovias S.A";"298.845.450/0019-0";"F6EC419F";"0";"2026-06-07T00:00:00";"12.8";"0";"12.8";"6";"2026";"0";"";"";"2243284";"";"";"";"1638";"8113374";"https://www.camara.leg.br/cota-parlamentar/documentos/publ/1638/2026/8113374.pdf"
"Ricardo Maia";"90586360549";"220694";"214";"2023";"BA";"MDB";"57";"3";"COMBUSTÍVEIS E LUBRIFICANTES.";"1";"Veículos Automotores";"POSTO PORTAL DA BAHIA 2 LTDA";"042.117.980/0017-1";"241936";"4";"2026-02-01T00:00:00";"315.37";"0";"315.37";"2";"2026";"0";"";"";"2205372";"";"";"";"3531";"8044166";"https://www.camara.leg.br/cota-parlamentar/nota-fiscal-eletronica?ideDocumentoFiscal=8044166"
"Sargento Portugal";"07296013745";"220618";"324";"2023";"RJ";"PODE";"57";"3";"COMBUSTÍVEIS E LUBRIFICANTES.";"1";"Veículos Automotores";"AUTO POSTO DE ABASTECIMENTO ANIL LTDA";"591.379.930/0019-0";"61220";"4";"2026-09-08T00:00:00";"200.01";"0";"200.01";"9";"2026";"0";"";"";"2264100";"";"";"";"3618";"8154989";"https://www.camara.leg.br/cota-parlamentar/nota-fiscal-eletronica?ideDocumentoFiscal=8154989"
"Chris Tonietto";"10448771705";"204462";"289";"2023";"RJ";"PL";"57";"3";"COMBUSTÍVEIS E LUBRIFICANTES.";"1";"Veículos Automotores";"AUTO POSTO ESTRADEIRO EIRELI";"039.025.340/0010-0";"29078";"4";"2026-07-29T00:00:00";"238.28";"0";"238.28";"7";"2026";"0";"";"";"2257050";"";"";"";"3367";"8141416";"https://www.camara.leg.br/cota-parlamentar/nota-fiscal-eletronica?ideDocumentoFiscal=8141416"
"Simone Marquetto";"25187356828";"220651";"395";"2023";"SP";"PP";"57";"3";"COMBUSTÍVEIS E LUBRIFICANTES.";"1";"Veículos Automotores";"AUTO POSTO PAVAO 91 LTDA";"236.520.870/0018-7";"3082";"0";"2026-01-06T00:00:00";"100";"0";"100";"1";"2026";"0";"";"";"2207509";"";"";"";"3596";"8047769";"https://www.camara.leg.br/cota-parlamentar/documentos/publ/3596/2026/8047769.pdf"
"Rafael Fera";"99668432215";"233594";"619";"2023";"RO";"PODE";"57";"1";"MANUTENÇÃO DE ESCRITÓRIO DE APOIO À ATIVIDADE PARLAMENTAR";"0";"";"C. CAVALCANTE MENDES IMOBILIARIA LTDA";"294.211.690/0010-5";"7";"1";"2026-06-26T00:00:00";"3202.35";"2.35";"3200";"7";"2026";"0";"";"";"2249325";"";"";"";"3794";"8125626";"https://www.camara.leg.br/cota-parlamentar/documentos/publ/3794/2026/8125626.pdf"
"Juarez Costa";"47843080910";"204474";"401";"2023";"MT";"REPUBLICANOS";"57";"14";"HOSPEDAGEM ,EXCETO DO PARLAMENTAR NO DISTRITO FEDERAL.";"0";"";"PAIAGUAS HOTEIS LTDA";"019.821.560/0018-8";"151014";"0";"2026-04-16T00:00:00";"588";"0";"588";"4";"2026";"0";"";"";"2227715";"";"";"";"3237";"8084307";"https://www.camara.leg.br/cota-parlamentar/documentos/publ/3237/2026/8084307.pdf"
"Ivoneide Caetano";"67016332500";"220696";"199";"2023";"BA";"PT";"57";"3";"COMBUSTÍVEIS E LUBRIFICANTES.";"1";"Veículos Automotores";"PETRONORTE COMBUSTIVEIS LTDA";"060.717.060/0055-4";"46957";"4";"2026-06-01T09:42:47";"373.21";"0";"373.21";"6";"2026";"0";"";"";"2245069";"";"";"";"3546";"8115848";"https://www.camara.leg.br/cota-parlamentar/nota-fiscal-eletronica?ideDocumentoFiscal=8115848"
"Igor Timo";"01374904619";"204508";"255";"2023";"MG";"UNIÃO";"57";"14";"HOSPEDAGEM ,EXCETO DO PARLAMENTAR NO DISTRITO FEDERAL.";"0";"";"EMPREENDIMENTOS HOTELEIRO TRES GS LTDA";"193.140.010/0013-9";"978";"0";"2026-05-01T00:00:00";"240";"0";"240";"5";"2026";"0";"";"";"2231642";"";"";"";"3223";"8091840";"https://www.camara.leg.br/cota-parlamentar/documentos/publ/3223/2026/8091840.pdf"
"Any Ortiz";"00400820080";"220549";"498";"2023";"RS";"PP";"57";"3";"COMBUSTÍVEIS E LUBRIFICANTES.";"1";"Veículos Automotores";"SIM REDE DE POSTOS LTDA - ALEGRETE";"074.737.350/1987-7";"634970";"4";"2026-04-25T00:00:00";"264.11";"0";"264.11";"4";"2026";"0";"";"";"2230874";"";"";"";"3702";"8090084";"https://www.camara.leg.br/cota-parlamentar/nota-fiscal-eletronica?ideDocumentoFiscal=8090084"
"Clarissa Tércio";"05967751483";"220665";"140";"2023";"PE";"PP";"57";"5";"DIVULGAÇÃO DA ATIVIDADE PARLAMENTAR.";"0";"";"PORTAL COMUNICAÇÃO E MARKETING LTDA";"334.704.390/0013-7";"121";"0";"2026-05-05T00:00:00";"3500";"0";"3500";"5";"2026";"0";"";"";"2232829";"";"";"";"3524";"8093950";"https://www.camara.leg.br/cota-parlamentar/documentos/publ/3524/2026/8093950.pdf"
"Fernando Coelho Filho";"04921093466";"141431";"158";"2023";"PE";"UNIÃO";"57";"120";"LOCAÇÃO OU FRETAMENTO DE VEÍCULOS AUTOMOTORES";"0";"";"STELLANTIS LOCADORA DE AUTOMOVEIS LTDA.";"174.649.720/0013-0";"478965";"1";"2026-07-03T00:00:00";"7200";"0";"7200";"7";"2026";"0";"";"";"2250324";"";"";"";"1833";"8127455";"https://www.camara.leg.br/cota-parlamentar/documentos/publ/1833/2026/8127455.pdf"
"Ana Pimentel";"05644598608";"220632";"224";"2023";"MG";"PT";"57";"3";"COMBUSTÍVEIS E LUBRIFICANTES.";"1";"Veículos Automotores";"Posto Canário Ltda";"252.960.240/0016-0";"337097";"1";"2026-04-25T00:00:00";"150";"0";"150";"4";"2026";"0";"";"";"2231374";"";"";"";"3626";"8091413";"https://www.camara.leg.br/cota-parlamentar/documentos/publ/3626/2026/8091413.pdf"
"Luiza Erundina";"00480584400";"74784";"371";"2023";"SP";"PSOL";"57";"122";"SERVIÇO DE TÁXI, PEDÁGIO E ESTACIONAMENTO";"0";"";"COOPERTAXI - COOPERATIVA DOS TAXISTAS AUTONOMOS DO DISTRITO FEDERAL LTDA.";"380.691.590/0013-5";"1379";"0";"2026-02-05T00:00:00";"594.35";"0";"594.35";"1";"2026";"0";"";"";"2212991";"";"";"";"1402";"8057692";"https://www.camara.leg.br/cota-parlamentar/documentos/publ/1402/2026/8057692.pdf"
"Heitor Schuch";"45479453068";"178964";"504";"2023";"RS";"PSD";"57";"13";"FORNECIMENTO DE ALIMENTAÇÃO DO PARLAMENTAR";"0";"";"TAIOBA SELF-SERVICE LTDA EPP";"033.466.710/0133-0";"504582";"4";"2026-04-08T00:00:00";"50.27";"0";"50.27";"4";"2026";"0";"";"";"2225000";"";"";"";"3056";"8079182";"https://www.camara.leg.br/cota-parlamentar/nota-fiscal-eletronica?ideDocumentoFiscal=8079182"
"Delegada Ione";"94621632604";"220625";"236";"2023";"MG";"PL";"57";"3";"COMBUSTÍVEIS E LUBRIFICANTES.";"1";"Veículos Automotores";"POSTO SÃO JOSÉ LTDA";"215.792.550/0012-0";"560146";"0";"2026-05-04T00:00:00";"140.62";"0";"140.62";"5";"2026";"0";"";"";"2233510";"";"";"";"3689";"8095185";"https://www.camara.leg.br/cota-parlamentar/documentos/publ/3689/2026/8095185.pdf"
"Claudio Cajado";"29474485534";"74537";"186";"2023";"BA";"PP";"57";"13";"FORNECIMENTO DE ALIMENTAÇÃO DO PARLAMENTAR";"0";"";"GREEN S ALIMENTOS LTDA";"371.247.240/0015-7";"700796";"4";"2026-02-03T00:00:00";"32.88";"0";"32.88";"2";"2026";"0";"";"";"2207157";"";"";"";"995";"8047243";"https://www.camara.leg.br/cota-parlamentar/nota-fiscal-eletronica?ideDocumentoFiscal=8047243"
"Toninho Wandscheer";"18591035968";"178934";"470";"2023";"PR";"PP";"57";"3";"COMBUSTÍVEIS E LUBRIFICANTES.";"1";"Veículos Automotores";"POSTO PAULISTA DE LIMEIRA LTDA";"173.370.550/0019-4";"108521";"0";"2026-03-15T00:00:00";"408.4";"0";"408.4";"3";"2026";"0";"";"";"2219601";"";"";"";"2940";"8069291";"https://www.camara.leg.br/cota-parlamentar/documentos/publ/2940/2026/8069291.pdf"
"Gutemberg Reis";"07733341736";"204456";"302";"2023";"RJ";"MDB";"57";"1";"MANUTENÇÃO DE ESCRITÓRIO DE APOIO À ATIVIDADE PARLAMENTAR";"0";"";"CONDOMÍNIO CENRO EMPRESARIAL WASHINGTON LUIZ";"059.993.600/0016-2";"00561577";"1";"2026-01-05T00:00:00";"1322.27";"62.97";"1259.3";"1";"2026";"0";"";"";"2200999";"";"";"";"3210";"8036717";"https://www.camara.leg.br/cota-parlamentar/documentos/publ/3210/2026/8036717.pdf"
"Delegado Palumbo";"24922395865";"220652";"348";"2023";"SP";"PODE";"57";"3";"COMBUSTÍVEIS E LUBRIFICANTES.";"1";"Veículos Automotores";"AUTO POSTO SANTA BÁRBARA D'OESTE";"470.209.460/0018-3";"8332";"0";"2026-03-03T00:00:00";"206.93";"0";"206.93";"3";"2026";"0";"";"";"2214184";"";"";"";"3597";"8059812";"https://www.camara.leg.br/cota-parlamentar/documentos/publ/3597/2026/8059812.pdf"
"Leur Lomanto Júnior";"87594749120";"92102";"200";"2023";"BA";"UNIÃO";"57";"5";"DIVULGAÇÃO DA ATIVIDADE PARLAMENTAR.";"0";"";"PASSOS & PASSOS PROPAGANDA LTDA-ME";"180.697.530/0011-9";"251";"0";"2026-04-23T00:00:00";"15214.7";"0";"15214.7";"4";"2026";"0";"";"";"2229623";"";"";"";"3345";"8087852";"https://www.camara.leg.br/cota-parlamentar/documentos/publ/3345/2026/8087852.pdf"
"Fabio Garcia";"65165870197";"178905";"408";"2023";"MT";"UNIÃO";"57";"14";"HOSPEDAGEM ,EXCETO DO PARLAMENTAR NO DISTRITO FEDERAL.";"0";"";"A C O DA SILVA HERMES & CIA LTDA";"041.778.140/0015-7";"4178";"0";"2026-07-17T00:00:00";"135";"0";"135";"7";"2026";"0";"";"";"2254114";"";"";"";"2961";"8135290";"https://www.camara.leg.br/cota-parlamentar/documentos/publ/2961/2026/8135290.pdf"
"Padovani";"01984308920";"220706";"458";"2023";"PR";"PP";"57";"122";"SERVIÇO DE TÁXI, PEDÁGIO E ESTACIONAMENTO";"0";"";"EPR IGUAÇU S.A.";"580.560.460/0010-2";"ITOL51TJ8254";"0";"2026-03-24T00:00:00";"16.1";"0";"16.1";"3";"2026";"0";"";"";"2222565";"";"";"";"3642";"8075012";"https://www.camara.leg.br/cota-parlamentar/documentos/publ/3642/2026/8075012.pdf"
"Dayany Bittencourt";"66083761387";"220659";"94";"2023";"CE";"UNIÃO";"57";"3";"COMBUSTÍVEIS E LUBRIFICANTES.";"1";"Veículos Automotores";"AUTO POSTO CINCO ESTRELAS LTDA";"006.924.180/0010-7";"1122095";"4";"2026-02-02T00:00:00";"188.67";"0";"188.67";"2";"2026";"0";"";"";"2205661";"";"";"";"3547";"8044660";"https://www.camara.leg.br/cota-parlamentar/nota-fiscal-eletronica?ideDocumentoFiscal=8044660"
"Raimundo Costa";"17672538500";"204567";"211";"2023";"BA";"PSD";"57";"3";"COMBUSTÍVEIS E LUBRIFICANTES.";"1";"Veículos Automotores";"096 - MANGUEIRAL - CASCOL COMBUSTIVEIS PARA VEICULOS LTDA";"003.065.970/0966-8";"3351186";"4";"2026-06-19T12:44:20";"283.29";"0";"283.29";"6";"2026";"0";"";"";"2250350";"";"";"";"3426";"8125457";"https://www.camara.leg.br/cota-parlamentar/nota-fiscal-eletronica?ideDocumentoFiscal=8125457"
"Eros Biondini";"84470666653";"160640";"242";"2023";"MG";"PL";"57";"3";"COMBUSTÍVEIS E LUBRIFICANTES.";"1";"Veículos Automotores";"São Luís Combustíveis Ltda.";"412.146.990/0017-0";"913758";"0";"2026-05-04T00:00:00";"243.7";"0";"243.7";"5";"2026";"0";"";"";"2232653";"";"";"";"2385";"8093579";"https://www.camara.leg.br/cota-parlamentar/documentos/publ/2385/2026/8093579.pdf"
"Magda Mofatto";"13205285115";"166402";"431";"2023";"GO";"PL";"57";"3";"COMBUSTÍVEIS E LUBRIFICANTES.";"1";"Veículos Automotores";"VALPOSTO COMBUSTIVEIS LTDA";"251.240.740/0016-0";"1051395";"4";"2026-04-10T00:00:00";"182.6";"0";"182.6";"4";"2026";"0";"";"";"2244067";"";"";"";"2437";"8114787";"https://www.camara.leg.br/cota-parlamentar/nota-fiscal-eletronica?ideDocumentoFiscal=8114787"
"Aluisio Mendes";"66746485749";"178881";"68";"2023";"MA";"REPUBLICANOS";"57";"3";"COMBUSTÍVEIS E LUBRIFICANTES.";"1";"Veículos Automotores";"NICOLAU DERIVADOS DE PETROLEO LTDAP8";"351.968.230/0089-5";"779991";"4";"2026-05-08T14:02:13";"150";"0";"150";"5";"2026";"0";"";"";"2237254";"";"";"";"2999";"8102053";"https://www.camara.leg.br/cota-parlamentar/nota-fiscal-eletronica?ideDocumentoFiscal=8102053"
"Maria do Rosário";"48989371015";"74398";"508";"2023";"RS";"PT";"57";"122";"SERVIÇO DE TÁXI, PEDÁGIO E ESTACIONAMENTO";"0";"";"UBER DO BRASIL TECNOLOGIA LTDA.";"178.956.460/0018-7";"sn";"1";"2026-02-23T00:00:00";"22.32";"0";"22.32";"2";"2026";"0";"";"";"2220194";"";"";"";"1605";"8070592";"https://www.camara.leg.br/cota-parlamentar/documentos/publ/1605/2026/8070592.pdf"
"Fred Costa";"02505101620";"204494";"244";"2023";"MG";"PRD";"57";"5";"DIVULGAÇÃO DA ATIVIDADE PARLAMENTAR.";"0";"";"CAPACITAR BR CAPACITAÇÃO E TREINAMENTO EIRELI";"357.025.530/0017-0";"5";"0";"2026-05-20T00:00:00";"3000";"0";"3000";"5";"2026";"0";"";"";"2237482";"";"";"";"3387";"8102487";"https://www.camara.leg.br/cota-parlamentar/documentos/publ/3387/2026/8102487.pdf"
"Celso Russomanno";"01252958803";"73441";"347";"2023";"SP";"REPUBLICANOS";"57";"3";"COMBUSTÍVEIS E LUBRIFICANTES.";"1";"Veículos Automotores";"RODOPOSTO BANDEIRANTES 81 LTDA";"464.728.220/0017-6";"260347";"0";"2026-07-11T00:00:00";"382.9";"0";"382.9";"7";"2026";"0";"";"";"2259725";"";"";"";"993";"8146443";"https://www.camara.leg.br/cota-parlamentar/documentos/publ/993/2026/8146443.pdf"
"Daniel Trzeciak";"01297812077";"204409";"491";"2023";"RS";"PSDB";"57";"120";"LOCAÇÃO OU FRETAMENTO DE VEÍCULOS AUTOMOTORES";"0";"";"SOM NA KAIXA COMÉRCIO DE ALARMES E SOM LTDA";"042.815.290/0018-1";"S/N";"1";"2026-02-01T00:00:00";"3500";"0";"3500";"2";"2026";"0";"";"";"2207730";"";"";"";"3328";"8048158";"https://www.camara.leg.br/cota-parlamentar/documentos/publ/3328/2026/8048158.pdf"
"Tarcísio Motta";"02045962709";"220598";"326";"2023";"RJ";"PSOL";"57";"3";"COMBUSTÍVEIS E LUBRIFICANTES.";"1";"Veículos Automotores";"AUTO POSTO VISCONDE LTDA- ME";"271.707.210/0010-4";"28349";"4";"2026-08-14T12:52:04";"100";"0";"100";"8";"2026";"0";"";"";"2260321";"";"";"";"3697";"8147811";"https://www.camara.leg.br/cota-parlamentar/nota-fiscal-eletronica?ideDocumentoFiscal=8147811"
"Mario Frias";"02105129706";"220655";"383";"2023";"SP";"PL";"57";"3";"COMBUSTÍVEIS E LUBRIFICANTES.";"1";"Veículos Automotores";"GOES COMBUSTIVEIS, LUBRIFICANTES E GLP LTDA";"054.543.900/0019-3";"46071";"4";"2026-02-09T00:00:00";"231.02";"0";"231.02";"2";"2026";"0";"";"";"2209195";"";"";"";"3641";"8050728";"https://www.camara.leg.br/cota-parlamentar/nota-fiscal-eletronica?ideDocumentoFiscal=8050728"
"Emanuel Pinheiro Neto";"00558574181";"198783";"403";"2023";"MT";"PSD";"57";"3";"COMBUSTÍVEIS E LUBRIFICANTES.";"1";"Veículos Automotores";"COMERCIAL AMAZONIA DE PETROLEO LTDA";"090.018.790/0121-3";"45595";"4";"2026-05-17T19:43:20";"157";"0";"157";"5";"2026";"0";"";"";"2237670";"";"";"";"3315";"8102832";"https://www.camara.leg.br/cota-parlamentar/nota-fiscal-eletronica?ideDocumentoFiscal=8102832"
"Rodrigo da Zaeli";"01739752910";"230767";"607";"2023";"MT";"PL";"57";"3";"COMBUSTÍVEIS E LUBRIFICANTES.";"1";"Veículos Automotores";"IMPERIAL COMERCIO DE COMBUSTIVEIS LTDA";"252.206.340/0034-2";"163459";"4";"2026-07-10T00:00:00";"313.17";"0";"313.17";"7";"2026";"0";"";"";"2252141";"";"";"";"3789";"8131110";"https://www.camara.leg.br/cota-parlamentar/nota-fiscal-eletronica?ideDocumentoFiscal=8131110"
"Claudio Cajado";"29474485534";"74537";"186";"2023";"BA";"PP";"57";"13";"FORNECIMENTO DE ALIMENTAÇÃO DO PARLAMENTAR";"0";"";"DANIEL BRIAND PATISSIER E CHOCOLATIER";"008.355.520/0011-0";"633427";"4";"2026-02-03T00:00:00";"42.9";"0";"42.9";"2";"2026";"0";"";"";"2206011";"";"";"";"995";"8045254";"https://www.camara.leg.br/cota-parlamentar/nota-fiscal-eletronica?ideDocumentoFiscal=8045254"
"Antonio Brito";"51488868549";"160553";"189";"2023";"BA";"PSD";"57";"10";"TELEFONIA";"0";"";"TELEFONICA BRASIL S.A.";"025.581.570/0245-9";"013020764";"0";"2026-06-28T00:00:00";"1682.76";"0";"1682.76";"6";"2026";"0";"";"";"2251818";"";"";"";"2407";"8130614";""
"Cabo Gilberto Silva";"03183427400";"220574";"128";"2023";"PB";"PL";"57";"3";"COMBUSTÍVEIS E LUBRIFICANTES.";"1";"Veículos Automotores";"REDE DAL TEOTONIO VILELA COMERCIO DE COMBUSTIVEL LTDA";"599.964.940/0015-9";"86105";"4";"2026-09-05T00:00:00";"264.12";"0";"264.12";"9";"2026";"0";"";"";"2265130";"";"";"";"3586";"8156996";"https://www.camara.leg.br/cota-parlamentar/nota-fiscal-eletronica?ideDocumentoFiscal=8156996"
"Zé Vitor";"07284044608";"204517";"266";"2023";"MG";"PL";"57";"3";"COMBUSTÍVEIS E LUBRIFICANTES.";"1";"Veículos Automotores";"LEAO AUTO POSTO LTDA";"024.425.200/0018-0";"579220";"0";"2026-01-25T00:00:00";"262.96";"0";"262.96";"1";"2026";"0";"";"";"2213987";"";"";"";"3279";"8059300";"https://www.camara.leg.br/cota-parlamentar/documentos/publ/3279/2026/8059300.pdf"
"Ismael";"51371944920";"98615";"478";"2023";"SC";"PL";"57";"1";"MANUTENÇÃO DE ESCRITÓRIO DE APOIO À ATIVIDADE PARLAMENTAR";"0";"";"PORTAL NEGOCIOS IMOBILIARIOS LTDA";"529.992.030/0013-7";"53708";"1";"2026-08-29T00:00:00";"3240.37";"316.75";"2923.62";"8";"2026";"0";"";"";"2264099";"";"";"";"3703";"8154957";"https://www.camara.leg.br/cota-parlamentar/documentos/publ/3703/2026/8154957.pdf"
"General Girão";"45312346772";"204473";"122";"2023";"RN";"PL";"57";"1";"MANUTENÇÃO DE ESCRITÓRIO DE APOIO À ATIVIDADE PARLAMENTAR";"0";"";"COSERN";"083.241.960/0018-1";"151696376";"0";"2026-01-12T00:00:00";"353.24";"0";"353.24";"1";"2026";"0";"";"";"2206614";"";"";"";"3327";"8046213";"https://www.camara.leg.br/cota-parlamentar/documentos/publ/3327/2026/8046213.pdf"
"Beto Richa";"54191750968";"220683";"443";"2023";"PR";"PSDB";"57";"14";"HOSPEDAGEM ,EXCETO DO PARLAMENTAR NO DISTRITO FEDERAL.";"0";"";"PRADO HOTELARIA LTDA / HOTEL LAWRENCE";"093.206.860/0017-2";"202600000000154";"0";"2026-02-24T00:00:00";"376";"0";"376";"2";"2026";"0";"";"";"2211814";"";"";"";"3694";"8054882";"https://www.camara.leg.br/cota-parlamentar/documentos/publ/3694/2026/8054882.pdf"
"Pedro Lucas Fernandes";"82994684349";"122974";"85";"2023";"MA";"UNIÃO";"57";"120";"LOCAÇÃO OU FRETAMENTO DE VEÍCULOS AUTOMOTORES";"0";"";"HLR GUTERRES LOCADORA E TRANSPORTE LTDA";"069.113.680/0019-8";"20";"1";"2026-06-26T00:00:00";"3800";"2029.58";"1770.42";"7";"2026";"0";"";"";"2250811";"";"";"";"3199";"8126159";"https://www.camara.leg.br/cota-parlamentar/documentos/publ/3199/2026/8126159.pdf"
"Marcos Aurélio Sampaio";"01742564348";"204431";"115";"2023";"PI";"MDB";"57";"5";"DIVULGAÇÃO DA ATIVIDADE PARLAMENTAR.";"0";"";"SS COMUNICACAO LTDA";"537.695.230/0016-3";"312";"0";"2026-06-01T00:00:00";"11000";"0";"11000";"5";"2026";"0";"";"";"2241078";"";"";"";"3247";"8109354";"https://www.camara.leg.br/cota-parlamentar/documentos/publ/3247/2026/8109354.pdf"
"Zezinho Barbary";"23356235249";"220592";"59";"2023";"AC";"PP";"57";"5";"DIVULGAÇÃO DA ATIVIDADE PARLAMENTAR.";"0";"";"OCIDENTAL FM RADIODIFUSÃO LTDA -ME";"231.139.970/0019-1";"9";"0";"2026-04-23T00:00:00";"2100";"0";"2100";"4";"2026";"0";"";"";"2230006";"";"";"";"3598";"8088696";"https://www.camara.leg.br/cota-parlamentar/documentos/publ/3598/2026/8088696.pdf"
"Bruno Farias";"05759623648";"210989";"226";"2023";"MG";"REPUBLICANOS";"57";"5";"DIVULGAÇÃO DA ATIVIDADE PARLAMENTAR.";"0";"";"PORTAL TEOFILO OTONI LTDA";"409.897.200/0014-6";"151";"0";"2026-03-02T00:00:00";"800";"0";"800";"2";"2026";"0";"";"";"2216396";"";"";"";"3624";"8063696";"https://www.camara.leg.br/cota-parlamentar/documentos/publ/3624/2026/8063696.pdf"
"Murilo Galdino";"03182571494";"220584";"134";"2023";"PB";"REPUBLICANOS";"57";"3";"COMBUSTÍVEIS E LUBRIFICANTES.";"1";"Veículos Automotores";"POSTO MONUMENTO COMERCIO VAREJISTA DE COMBUSTIVEIS LTDA";"087.358.910/0021-7";"120108";"4";"2026-03-07T00:00:00";"422.02";"22.26";"399.76";"3";"2026";"0";"";"";"2215619";"";"";"";"3634";"8062199";"https://www.camara.leg.br/cota-parlamentar/nota-fiscal-eletronica?ideDocumentoFiscal=8062199"
"Jorge Solla";"19530773587";"178857";"204";"2023";"BA";"PT";"57";"13";"FORNECIMENTO DE ALIMENTAÇÃO DO PARLAMENTAR";"0";"";"COMERCIAL DE ALIMENTOS SILVA CERQUEIRA LTDA - EPP";"005.787.560/0011-2";"525172";"4";"2026-05-22T00:00:00";"42";"0";"42";"5";"2026";"0";"";"";"2253846";"";"";"";"2938";"8134715";"https://www.camara.leg.br/cota-parlamentar/nota-fiscal-eletronica?ideDocumentoFiscal=8134715"
"Diego Coronel";"82411131534";"220691";"196";"2023";"BA";"REPUBLICANOS";"57";"3";"COMBUSTÍVEIS E LUBRIFICANTES.";"1";"Veículos Automotores";"AUTO POSTO LICINIO LTDA";"238.284.340/0018-0";"82544";"4";"2026-07-12T19:30:11";"365.04";"0";"365.04";"7";"2026";"0";"";"";"2253005";"";"";"";"3679";"8132836";"https://www.camara.leg.br/cota-parlamentar/nota-fiscal-eletronica?ideDocumentoFiscal=8132836"
"Zé Adriano";"21636230253";"230768";"605";"2023";"AC";"PP";"57";"1";"MANUTENÇÃO DE ESCRITÓRIO DE APOIO À ATIVIDADE PARLAMENTAR";"0";"";"METRO ENGENHARIA LTDA";"346.988.290/0012-1";"s/n";"1";"2026-05-04T00:00:00";"4000";"0";"4000";"5";"2026";"0";"";"";"2240551";"";"";"";"3785";"8107642";"https://www.camara.leg.br/cota-parlamentar/documentos/publ/3785/2026/8107642.pdf"
"Duda Salabert";"04967383645";"220623";"237";"2023";"MG";"PSOL";"57";"122";"SERVIÇO DE TÁXI, PEDÁGIO E ESTACIONAMENTO";"0";"";"SINPETAXI";"000.317.080/0010-0";"2958A";"1";"2026-04-07T00:00:00";"59.87";"0";"59.87";"4";"2026";"0";"";"";"2226813";"";"";"";"3522";"8082617";"https://www.camara.leg.br/cota-parlamentar/documentos/publ/3522/2026/8082617.pdf"
"Ivoneide Caetano";"67016332500";"220696";"199";"2023";"BA";"PT";"57";"3";"COMBUSTÍVEIS E LUBRIFICANTES.";"1";"Veículos Automotores";"HP COMERCIO E DERIVADOS DE PETROLEO LTDA";"028.180.120/0031-5";"442192";"4";"2026-02-24T00:00:00";"180.67";"0";"180.67";"2";"2026";"0";"";"";"2217470";"";"";"";"3546";"8065447";"https://www.camara.leg.br/cota-parlamentar/nota-fiscal-eletronica?ideDocumentoFiscal=8065447"
"Raimundo Costa";"17672538500";"204567";"211";"2023";"BA";"PSD";"57";"3";"COMBUSTÍVEIS E LUBRIFICANTES.";"1";"Veículos Automotores";"HP COMERCIO E DERIVADOS DE PETROLEO LTDA";"028.180.120/0023-4";"306957";"4";"2026-05-26T00:00:00";"200";"0";"200";"5";"2026";"0";"";"";"2241021";"";"";"";"3426";"8108319";"https://www.camara.leg.br/cota-parlamentar/nota-fiscal-eletronica?ideDocumentoFiscal=8108319"
"Daniel Trzeciak";"01297812077";"204409";"491";"2023";"RS";"PSDB";"57";"3";"COMBUSTÍVEIS E LUBRIFICANTES.";"1";"Veículos Automotores";"SAN REMO POSTO SERVICOS LTDA";"016.557.780/0052-5";"19196";"4";"2026-04-27T16:00:18";"244.77";"0";"244.77";"4";"2026";"0";"";"";"2229716";"";"";"";"3328";"8088005";"https://www.camara.leg.br/cota-parlamentar/nota-fiscal-eletronica?ideDocumentoFiscal=8088005"
"Bruno Farias";"05759623648";"210989";"226";"2023";"MG";"REPUBLICANOS";"57";"3";"COMBUSTÍVEIS E LUBRIFICANTES.";"1";"Veículos Automotores";"PAIVA & MENEZES LTDA";"473.777.820/0057-0";"15220";"0";"2026-05-12T00:00:00";"221.9";"0";"221.9";"5";"2026";"0";"";"";"2235643";"";"";"";"3624";"8098999";"https://www.camara.leg.br/cota-parlamentar/documentos/publ/3624/2026/8098999.pdf"
"Pastor Eurico";"23340541434";"160642";"155";"2023";"PE";"PSDB";"57";"10";"TELEFONIA";"0";"";"TELEFÔNICA BRASIL S.A - VIVO";"025.581.570/0016-2";"00000895803802";"0";"2026-02-10T00:00:00";"466.9";"190.9";"276";"2";"2026";"0";"";"";"2210817";"";"";"";"2264";"8053677";""
"Tadeu Veneri";"18438660991";"220682";"463";"2023";"PR";"PT";"57";"3";"COMBUSTÍVEIS E LUBRIFICANTES.";"1";"Veículos Automotores";"16 - QI 23 - CASCOL COMBUSTIVEIS PARA VEICULOS LTDA";"003.065.970/0168-3";"375581";"4";"2026-03-01T11:12:06";"252.76";"0";"252.76";"3";"2026";"0";"";"";"2214416";"";"";"";"3693";"8060191";"https://www.camara.leg.br/cota-parlamentar/nota-fiscal-eletronica?ideDocumentoFiscal=8060191"
"Mendonça Filho";"40530086468";"74428";"159";"2023";"PE";"PL";"57";"1";"MANUTENÇÃO DE ESCRITÓRIO DE APOIO À ATIVIDADE PARLAMENTAR";"0";"";"BROAD BRASIL LTDA";"489.496.410/0011-3";"1682";"0";"2026-06-24T00:00:00";"1050";"0";"1050";"6";"2026";"0";"";"";"2247660";"";"";"";"1087";"8122233";"https://www.camara.leg.br/cota-parlamentar/documentos/publ/1087/2026/8122233.pdf"
"Evair Vieira de Melo";"02261265794";"178871";"274";"2023";"ES";"REPUBLICANOS";"57";"3";"COMBUSTÍVEIS E LUBRIFICANTES.";"1";"Veículos Automotores";"AUTO POSTO ESMIG LTDA";"274.445.950/0012-0";"44727";"4";"2026-07-31T00:00:00";"2866.21";"0";"2866.21";"7";"2026";"0";"";"";"2256352";"";"";"";"2984";"8140028";"https://www.camara.leg.br/cota-parlamentar/nota-fiscal-eletronica?ideDocumentoFiscal=8140028"
"Gabriel Nunes";"01082083542";"220708";"197";"2023";"BA";"PSD";"57";"5";"DIVULGAÇÃO DA ATIVIDADE PARLAMENTAR.";"0";"";"SOUL AGENCIA DIGITAL LTDA";"321.299.840/0010-0";"202600000000003";"0";"2026-02-25T00:00:00";"12000";"0";"12000";"2";"2026";"0";"";"";"2213863";"";"";"";"3645";"8059234";"https://www.camara.leg.br/cota-parlamentar/documentos/publ/3645/2026/8059234.pdf"
"Rui Falcão";"61464686815";"73604";"390";"2023";"SP";"PT";"57";"1";"MANUTENÇÃO DE ESCRITÓRIO DE APOIO À ATIVIDADE PARLAMENTAR";"0";"";"PACHECO IMOVEIS";"629.667.830/0011-0";"280961";"1";"2026-03-24T00:00:00";"7961.77";"0";"7961.77";"3";"2026";"0";"";"";"2224403";"";"";"";"1502";"8078308";"https://www.camara.leg.br/cota-parlamentar/documentos/publ/1502/2026/8078308.pdf"
"Aguinaldo Ribeiro";"51921146400";"160527";"129";"2023";"PB";"PP";"57";"3";"COMBUSTÍVEIS E LUBRIFICANTES.";"1";"Veículos Automotores";"AUTO POSTO JK LTDA";"034.822.080/0018-2";"9258";"4";"2026-03-04T00:00:00";"277.19";"0";"277.19";"3";"2026";"0";"";"";"2214774";"";"";"";"2408";"8060859";"https://www.camara.leg.br/cota-parlamentar/nota-fiscal-eletronica?ideDocumentoFiscal=8060859"
"Franciane Bayer";"01320484000";"220551";"510";"2023";"RS";"REPUBLICANOS";"57";"3";"COMBUSTÍVEIS E LUBRIFICANTES.";"1";"Veículos Automotores";"ROTA POA COMERCIO DE COMBUSTIVEIS LTDA";"326.272.700/0020-2";"472201";"4";"2026-05-07T00:00:00";"60";"0";"60";"5";"2026";"0";"";"";"2233975";"";"";"";"3514";"8095909";"https://www.camara.leg.br/cota-parlamentar/nota-fiscal-eletronica?ideDocumentoFiscal=8095909"
"Odair Cunha";"94892393649";"74159";"269";"2023";"MG";"PT";"57";"3";"COMBUSTÍVEIS E LUBRIFICANTES.";"1";"Veículos Automotores";"AUTO POSTO 303 NORTE LTDA";"381.942.120/0012-0";"78857";"4";"2026-03-12T00:00:00";"333.6";"0";"333.6";"3";"2026";"0";"";"";"2217713";"";"";"";"1625";"8065899";"https://www.camara.leg.br/cota-parlamentar/nota-fiscal-eletronica?ideDocumentoFiscal=8065899"
"Bibo Nunes";"27236056049";"204388";"489";"2023";"RS";"PL";"57";"3";"COMBUSTÍVEIS E LUBRIFICANTES.";"1";"Veículos Automotores";"COML BUFFON COMB E TRANSP LTDA - POSTO 62";"934.892.430/0623-8";"3802415";"4";"2026-05-21T00:00:00";"100";"0";"100";"5";"2026";"0";"";"";"2241372";"";"";"";"3273";"8106022";"https://www.camara.leg.br/cota-parlamentar/nota-fiscal-eletronica?ideDocumentoFiscal=8106022"
"Ana Paula Lima";"51655438972";"220556";"471";"2023";"SC";"PT";"57";"3";"COMBUSTÍVEIS E LUBRIFICANTES.";"1";"Veículos Automotores";"MIMIM COMERCIO DE COMBUSTIVEIS EIRELI 01";"227.941.280/0010-7";"347528";"4";"2026-06-03T16:51:57";"304.16";"0";"304.16";"6";"2026";"0";"";"";"2242688";"";"";"";"3705";"8112093";"https://www.camara.leg.br/cota-parlamentar/nota-fiscal-eletronica?ideDocumentoFiscal=8112093"
"Raniery Paulino";"02367160422";"115200";"572";"2023";"PB";"REPUBLICANOS";"57";"3";"COMBUSTÍVEIS E LUBRIFICANTES.";"1";"Veículos Automotores";"MARQUES & LEITE COMERCIAL DE COMBUSTIVEL LTDA";"422.606.090/0014-0";"42154";"4";"2026-08-12T18:05:20";"141.63";"0";"141.63";"8";"2026";"0";"";"";"2261118";"";"";"";"3757";"8149452";"https://www.camara.leg.br/cota-parlamentar/nota-fiscal-eletronica?ideDocumentoFiscal=8149452"
"Marcon";"43434339000";"160535";"507";"2023";"RS";"PT";"57";"14";"HOSPEDAGEM ,EXCETO DO PARLAMENTAR NO DISTRITO FEDERAL.";"0";"";"JAIR NICKORN ME";"153.510.870/0011-9";"1228";"0";"2026-05-02T00:00:00";"160";"0";"160";"5";"2026";"0";"";"";"2233733";"";"";"";"2241";"8095514";"https://www.camara.leg.br/cota-parlamentar/documentos/publ/2241/2026/8095514.pdf"
"Maria do Rosário";"48989371015";"74398";"508";"2023";"RS";"PT";"57";"3";"COMBUSTÍVEIS E LUBRIFICANTES.";"1";"Veículos Automotores";"AUTO POSTO CINCO ESTRELAS LTDA";"006.924.180/0266-5";"1319620";"4";"2026-06-18T08:07:44";"78.09";"0";"78.09";"6";"2026";"0";"";"";"2246171";"";"";"";"1605";"8119039";"https://www.camara.leg.br/cota-parlamentar/nota-fiscal-eletronica?ideDocumentoFiscal=8119039"
"Antonio Carlos Rodrigues";"19990448868";"220638";"335";"2023";"SP";"PODE";"57";"14";"HOSPEDAGEM ,EXCETO DO PARLAMENTAR NO DISTRITO FEDERAL.";"0";"";"CAPOIAS HOTEL";"045.415.840/0016-3";"13441";"0";"2026-03-27T00:00:00";"139";"0";"139";"3";"2026";"0";"";"";"2227413";"";"";"";"3654";"8083732";"https://www.camara.leg.br/cota-parlamentar/documentos/publ/3654/2026/8083732.pdf"
"Rodrigo Rollemberg";"24529850153";"141533";"618";"2023";"DF";"PSB";"57";"3";"COMBUSTÍVEIS E LUBRIFICANTES.";"1";"Veículos Automotores";"AUTO POSTO ADE CEILANDIA SUL LTDA";"240.997.940/0015-0";"196627";"4";"2026-03-06T06:16:50";"177.21";"0";"177.21";"3";"2026";"0";"";"";"2220175";"";"";"";"1929";"8070551";"https://www.camara.leg.br/cota-parlamentar/nota-fiscal-eletronica?ideDocumentoFiscal=8070551"
"Diego Garcia";"04702291955";"178929";"447";"2023";"PR";"UNIÃO";"57";"122";"SERVIÇO DE TÁXI, PEDÁGIO E ESTACIONAMENTO";"0";"";"EPR PARANA S.A.";"609.784.950/0015-0";"2621980010200002358";"0";"2026-08-11T00:00:00";"17.1";"0";"17.1";"8";"2026";"0";"";"";"2259248";"";"";"";"3043";"8145687";"https://www.camara.leg.br/cota-parlamentar/documentos/publ/3043/2026/8145687.pdf"
"Eros Biondini";"84470666653";"160640";"242";"2023";"MG";"PL";"57";"10";"TELEFONIA";"0";"";"CLARO S.A.";"404.325.440/1126-2";"11278507";"0";"2026-07-18T00:00:00";"326.75";"0";"326.75";"7";"2026";"0";"";"";"2263436";"";"";"";"2385";"8153794";""
"Luiza Erundina";"00480584400";"74784";"371";"2023";"SP";"PSOL";"57";"10";"TELEFONIA";"0";"";"Claro S/A - Embratel";"404.325.440/0014-7";"007962138";"0";"2026-04-24T00:00:00";"18.9";"0";"18.9";"4";"2026";"0";"";"";"2229069";"";"";"";"1402";"8086757";""
"Coronel Chrisóstomo";"70335591787";"204378";"45";"2023";"RO";"PL";"57";"5";"DIVULGAÇÃO DA ATIVIDADE PARLAMENTAR.";"0";"";"E NASCIMENTO AGENCIA DE PUBLICIDADE E MARKETING";"132.794.340/0011-4";"1006";"0";"2026-01-22T00:00:00";"1000";"0";"1000";"1";"2026";"0";"";"";"2204474";"";"";"";"3370";"8042620";"https://www.camara.leg.br/cota-parlamentar/documentos/publ/3370/2026/8042620.pdf"
"Maria do Rosário";"48989371015";"74398";"508";"2023";"RS";"PT";"57";"122";"SERVIÇO DE TÁXI, PEDÁGIO E ESTACIONAMENTO";"0";"";"UBER DO BRASIL TECNOLOGIA LTDA.";"178.956.460/0018-7";"1318";"1";"2026-05-16T00:00:00";"13.18";"0";"13.18";"5";"2026";"0";"";"";"2236955";"";"";"";"1605";"8101246";"https://www.camara.leg.br/cota-parlamentar/documentos/publ/1605/2026/8101246.pdf"
"Dr. Ismael Alexandrino";"70225150182";"220570";"421";"2023";"GO";"PSD";"57";"3";"COMBUSTÍVEIS E LUBRIFICANTES.";"1";"Veículos Automotores";"POSTO SANTO ANTONIO DO DESCOBERTO LTDA";"298.351.230/0012-4";"306329";"4";"2026-05-13T20:31:00";"464.08";"0";"464.08";"5";"2026";"0";"";"";"2245090";"";"";"";"3542";"8116824";"https://www.camara.leg.br/cota-parlamentar/nota-fiscal-eletronica?ideDocumentoFiscal=8116824"
"Rogéria Santos";"87207656734";"220695";"220";"2023";"BA";"REPUBLICANOS";"57";"1";"MANUTENÇÃO DE ESCRITÓRIO DE APOIO À ATIVIDADE PARLAMENTAR";"0";"";"PERFECT ASSESSORIA EM LICITACAO LTDA";"420.517.680/0013-4";"002025";"1";"2026-04-02T00:00:00";"3500";"0";"3500";"4";"2026";"0";"";"";"2245630";"";"";"";"3533";"8117970";"https://www.camara.leg.br/cota-parlamentar/documentos/publ/3533/2026/8117970.pdf"
"Jack Rocha";"10106629700";"220527";"282";"2023";"ES";"PT";"57";"1";"MANUTENÇÃO DE ESCRITÓRIO DE APOIO À ATIVIDADE PARLAMENTAR";"0";"";"PRIVILEGE ADMINISTRAÇÃO E NEGÓCIOS IMOBILIÁRIOS LTDA";"113.684.820/0015-3";"sn";"1";"2026-02-10T00:00:00";"2100";"0";"2100";"2";"2026";"0";"";"";"2213051";"";"";"";"3651";"8057813";"https://www.camara.leg.br/cota-parlamentar/documentos/publ/3651/2026/8057813.pdf"
"Beto Richa";"54191750968";"220683";"443";"2023";"PR";"PSDB";"57";"3";"COMBUSTÍVEIS E LUBRIFICANTES.";"1";"Veículos Automotores";"ANTIGO SAO CRISTOVAO AUTO POSTO LTDA";"412.109.600/0016-3";"11898";"0";"2026-07-19T00:00:00";"142.25";"0";"142.25";"7";"2026";"0";"";"";"2258938";"";"";"";"3694";"8144565";"https://www.camara.leg.br/cota-parlamentar/documentos/publ/3694/2026/8144565.pdf"
"Marcon";"43434339000";"160535";"507";"2023";"RS";"PT";"57";"1";"MANUTENÇÃO DE ESCRITÓRIO DE APOIO À ATIVIDADE PARLAMENTAR";"0";"";"CLARO NXT TELECOMUNICACOES S/A";"669.702.290/0067-1";"0039813529";"0";"2026-06-17T00:00:00";"418.26";"0";"418.26";"6";"2026";"0";"";"";"2249071";"";"";"";"2241";"8125129";"https://www.camara.leg.br/cota-parlamentar/documentos/publ/2241/2026/8125129.pdf"
"Zezinho Barbary";"23356235249";"220592";"59";"2023";"AC";"PP";"57";"3";"COMBUSTÍVEIS E LUBRIFICANTES.";"1";"Veículos Automotores";"MARLIM COMBUSTIVEIS LTDA";"044.940.110/0020-7";"688283";"4";"2026-02-02T00:00:00";"200";"0";"200";"2";"2026";"0";"";"";"2208624";"";"";"";"3598";"8049691";"https://www.camara.leg.br/cota-parlamentar/nota-fiscal-eletronica?ideDocumentoFiscal=8049691"
"Cabo Gilberto Silva";"03183427400";"220574";"128";"2023";"PB";"PL";"57";"5";"DIVULGAÇÃO DA ATIVIDADE PARLAMENTAR.";"0";"";"ELDORADO COMUNICACAO E JORNALISMO LTDA";"378.947.490/0013-0";"839";"0";"2026-03-02T00:00:00";"12000";"0";"12000";"2";"2026";"0";"";"";"2216912";"";"";"";"3586";"8064584";"https://www.camara.leg.br/cota-parlamentar/documentos/publ/3586/2026/8064584.pdf"
"Helder Salomão";"76808742715";"178873";"279";"2023";"ES";"PT";"57";"3";"COMBUSTÍVEIS E LUBRIFICANTES.";"1";"Veículos Automotores";"AUTO SHOPPING DERIVADOS DE PETROLEO LTDA";"370.633.280/0130-9";"682276";"4";"2026-06-08T00:00:00";"221.37";"0";"221.37";"6";"2026";"0";"";"";"2242717";"";"";"";"2894";"8112268";"https://www.camara.leg.br/cota-parlamentar/nota-fiscal-eletronica?ideDocumentoFiscal=8112268"
"Nely Aquino";"03553151650";"220622";"252";"2023";"MG";"PODE";"57";"3";"COMBUSTÍVEIS E LUBRIFICANTES.";"1";"Veículos Automotores";"POSTO RODA D' AGUA LTDA";"081.009.160/0012-5";"300362";"0";"2026-04-12T00:00:00";"300";"0";"300";"4";"2026";"0";"";"";"2233187";"";"";"";"3519";"8093989";"https://www.camara.leg.br/cota-parlamentar/documentos/publ/3519/2026/8093989.pdf"
"Ivan Valente";"37655582815";"73531";"525";"2023";"SP";"PSOL";"57";"3";"COMBUSTÍVEIS E LUBRIFICANTES.";"1";"Veículos Automotores";"AUTO POSTO LUSON EIRELI";"614.765.860/0015-0";"5724";"0";"2026-02-15T00:00:00";"255.03";"0";"255.03";"2";"2026";"0";"";"";"2221100";"";"";"";"1049";"8072269";"https://www.camara.leg.br/cota-parlamentar/documentos/publ/1049/2026/8072269.pdf"
"Bohn Gass";"12558206249";"160538";"499";"2023";"RS";"PT";"57";"14";"HOSPEDAGEM ,EXCETO DO PARLAMENTAR NO DISTRITO FEDERAL.";"0";"";"TRI HOTEL CAXIAS LTDA";"209.474.580/0229-4";"554";"0";"2026-02-04T00:00:00";"234";"0";"234";"2";"2026";"0";"";"";"2208522";"";"";"";"2405";"8049489";"https://www.camara.leg.br/cota-parlamentar/documentos/publ/2405/2026/8049489.pdf"
"Márcio Biolchi";"80686958004";"179001";"515";"2023";"RS";"MDB";"57";"14";"HOSPEDAGEM ,EXCETO DO PARLAMENTAR NO DISTRITO FEDERAL.";"0";"";"RS EMPREENDIMENTOS HOTELEIROS LTDA";"611.841.610/0017-7";"1729";"0";"2026-08-22T00:00:00";"922.5";"0";"922.5";"8";"2026";"0";"";"";"2262040";"";"";"";"3086";"8151107";"https://www.camara.leg.br/cota-parlamentar/documentos/publ/3086/2026/8151107.pdf"
"Icaro de Valmir";"07393231565";"220563";"175";"2023";"SE";"REPUBLICANOS";"57";"3";"COMBUSTÍVEIS E LUBRIFICANTES.";"1";"Veículos Automotores";"AUTO POSTO NASCIMENTO LTDA";"076.627.900/0011-0";"349701";"4";"2026-01-28T00:00:00";"400";"0";"400";"1";"2026";"0";"";"";"2205986";"";"";"";"3617";"8045207";"https://www.camara.leg.br/cota-parlamentar/nota-fiscal-eletronica?ideDocumentoFiscal=8045207"
"Eduardo Velloso";"00120712695";"220589";"54";"2023";"AC";"SOLIDARIEDADE";"57";"3";"COMBUSTÍVEIS E LUBRIFICANTES.";"1";"Veículos Automotores";"A E S DERIVADO DE PETROLEO EIRELI";"151.129.470/0016-1";"1525980";"4";"2026-07-24T00:00:00";"280.07";"0";"280.07";"7";"2026";"0";"";"";"2258155";"";"";"";"3711";"8143087";"https://www.camara.leg.br/cota-parlamentar/nota-fiscal-eletronica?ideDocumentoFiscal=8143087"
"Heitor Schuch";"45479453068";"178964";"504";"2023";"RS";"PSD";"57";"122";"SERVIÇO DE TÁXI, PEDÁGIO E ESTACIONAMENTO";"0";"";"COOPERTAXI - COOPERATIVA DOS TAXISTAS AUTONOMOS DO DISTRITO FEDERAL LTDA.";"380.691.590/0013-5";"SN";"1";"2026-04-16T00:00:00";"50";"0";"50";"4";"2026";"0";"";"";"2236435";"";"";"";"3056";"8100191";"https://www.camara.leg.br/cota-parlamentar/documentos/publ/3056/2026/8100191.pdf"
"Yury do Paredão";"02364444330";"220660";"108";"2023";"CE";"MDB";"57";"3";"COMBUSTÍVEIS E LUBRIFICANTES.";"1";"Veículos Automotores";"SOUSA PETROLEO E SERVICOS LTDA";"070.415.510/0014-2";"39327";"0";"2026-08-28T00:00:00";"575.18";"0";"575.18";"8";"2026";"0";"";"";"2263821";"";"";"";"3640";"8154477";"https://www.camara.leg.br/cota-parlamentar/documentos/publ/3640/2026/8154477.pdf"
"Silvia Cristina";"01739396782";"204360";"50";"2023";"RO";"PP";"57";"3";"COMBUSTÍVEIS E LUBRIFICANTES.";"1";"Veículos Automotores";"MIRIAN VILHENA AUTO POSTO COM.COMB.LUBRIF.GAS.CULT.MAD. LTDA";"023.937.800/0010-2";"913797";"0";"2026-01-18T00:00:00";"458.57";"0";"458.57";"1";"2026";"0";"";"";"2206756";"";"";"";"3278";"8046320";"https://www.camara.leg.br/cota-parlamentar/documentos/publ/3278/2026/8046320.pdf"
"Roberto Duarte";"67681468072";"220588";"57";"2023";"AC";"REPUBLICANOS";"57";"5";"DIVULGAÇÃO DA ATIVIDADE PARLAMENTAR.";"0";"";"R.S.FERREIRA RIBEIRO - ME";"114.642.050/0014-4";"175";"0";"2026-02-25T00:00:00";"15000";"0";"15000";"2";"2026";"0";"";"";"2212195";"";"";"";"3575";"8056268";"https://www.camara.leg.br/cota-parlamentar/documentos/publ/3575/2026/8056268.pdf"
"Félix Mendonça Júnior";"24263630530";"160666";"195";"2023";"BA";"PDT";"57";"3";"COMBUSTÍVEIS E LUBRIFICANTES.";"1";"Veículos Automotores";"POSTO GAMELEIRA OGUNJA LTDA";"489.251.960/0015-1";"407121";"4";"2026-02-26T00:00:00";"44.28";"0";"44.28";"2";"2026";"0";"";"";"2224915";"";"";"";"2307";"8079076";"https://www.camara.leg.br/cota-parlamentar/nota-fiscal-eletronica?ideDocumentoFiscal=8079076"
"Rosana Valle";"10851776884";"204525";"388";"2023";"SP";"PL";"57";"1";"MANUTENÇÃO DE ESCRITÓRIO DE APOIO À ATIVIDADE PARLAMENTAR";"0";"";"PORTO SEGURO COMPANHIA DE SEGUROS GERAIS";"611.981.640/0016-0";"118 22 04052715";"0";"2026-04-25T00:00:00";"229.44";"0";"229.44";"4";"2026";"0";"";"";"2230126";"";"";"";"3281";"8088915";"https://www.camara.leg.br/cota-parlamentar/documentos/publ/3281/2026/8088915.pdf"
"Coronel Assis";"68902417115";"220594";"405";"2023";"MT";"PL";"57";"3";"COMBUSTÍVEIS E LUBRIFICANTES.";"1";"Veículos Automotores";"JGJ COMERCIO DE PETROLEO LTDA";"065.397.800/0012-9";"1968969";"0";"2026-01-18T00:00:00";"227.04";"0";"227.04";"1";"2026";"0";"";"";"2226206";"";"";"";"3544";"8081450";"https://www.camara.leg.br/cota-parlamentar/documentos/publ/3544/2026/8081450.pdf"
"Bruno Farias";"05759623648";"210989";"226";"2023";"MG";"REPUBLICANOS";"57";"3";"COMBUSTÍVEIS E LUBRIFICANTES.";"1";"Veículos Automotores";"GAS BRAS LTDA";"042.740.960/0013-7";"2111125";"0";"2026-05-03T00:00:00";"100";"0";"100";"5";"2026";"0";"";"";"2231645";"";"";"";"3624";"8091881";"https://www.camara.leg.br/cota-parlamentar/documentos/publ/3624/2026/8091881.pdf"
"Ricardo Salles";"25298000819";"220633";"386";"2023";"SP";"NOVO";"57";"3";"COMBUSTÍVEIS E LUBRIFICANTES.";"1";"Veículos Automotores";"Auto Posto Gazoli LTDA";"527.051.180/0011-9";"30950";"0";"2026-04-10T00:00:00";"537.31";"0";"537.31";"4";"2026";"0";"";"";"2227629";"";"";"";"3572";"8084105";"https://www.camara.leg.br/cota-parlamentar/documentos/publ/3572/2026/8084105.pdf"
"Denise Pessôa";"81193157072";"220553";"509";"2023";"RS";"PT";"57";"3";"COMBUSTÍVEIS E LUBRIFICANTES.";"1";"Veículos Automotores";"FANTI COMERCIO DE COMBUSTIVEIS LTDA";"052.946.930/0019-6";"357305";"4";"2026-03-06T10:58:34";"290.04";"0";"290.04";"3";"2026";"0";"";"";"2217173";"";"";"";"3677";"8064917";"https://www.camara.leg.br/cota-parlamentar/nota-fiscal-eletronica?ideDocumentoFiscal=8064917"
"Márcio Honaiser";"27848779300";"220687";"77";"2023";"MA";"SOLIDARIEDADE";"57";"3";"COMBUSTÍVEIS E LUBRIFICANTES.";"1";"Veículos Automotores";"CNS COMBUSTIVEIS E DERIVADOS LTDA";"226.004.160/0018-3";"257427";"4";"2026-04-28T00:00:00";"485.69";"0";"485.69";"4";"2026";"0";"";"";"2245942";"";"";"";"3658";"8118583";"https://www.camara.leg.br/cota-parlamentar/nota-fiscal-eletronica?ideDocumentoFiscal=8118583"
"Diego Garcia";"04702291955";"178929";"447";"2023";"PR";"UNIÃO";"57";"122";"SERVIÇO DE TÁXI, PEDÁGIO E ESTACIONAMENTO";"0";"";"EPR LITORAL PIONEIRO S.A.";"511.370.310/0012-0";"P1PQ075J8527";"1";"2026-07-26T00:00:00";"24";"0";"24";"7";"2026";"0";"";"";"2255463";"";"";"";"3043";"8137980";"https://www.camara.leg.br/cota-parlamentar/documentos/publ/3043/2026/8137980.pdf"
"Gilson Daniel";"07454479707";"220529";"278";"2023";"ES";"PODE";"57";"3";"COMBUSTÍVEIS E LUBRIFICANTES.";"1";"Veículos Automotores";"POSTO SHOPPING LTDA";"572.128.610/0015-0";"66199";"4";"2026-01-26T08:59:20";"200";"0";"200";"1";"2026";"0";"";"";"2206841";"";"";"";"3616";"8046727";"https://www.camara.leg.br/cota-parlamentar/nota-fiscal-eletronica?ideDocumentoFiscal=8046727"
"Dilceu Sperafico";"11979216991";"73768";"452";"2023";"PR";"PP";"57";"5";"DIVULGAÇÃO DA ATIVIDADE PARLAMENTAR.";"0";"";"ELCIR JOSE TODESCHINI";"446.961.270/0016-2";"9";"0";"2026-04-17T00:00:00";"1000";"0";"1000";"4";"2026";"0";"";"";"2227927";"";"";"";"1001";"8084612";"https://www.camara.leg.br/cota-parlamentar/documentos/publ/1001/2026/8084612.pdf"
"Dr. Ismael Alexandrino";"70225150182";"220570";"421";"2023";"GO";"PSD";"57";"3";"COMBUSTÍVEIS E LUBRIFICANTES.";"1";"Veículos Automotores";"AUTO POSTO AEROPORTO LTDA";"082.021.160/0011-5";"31910";"4";"2026-01-27T00:00:00";"450.2";"0";"450.2";"1";"2026";"0";"";"";"2206986";"";"";"";"3542";"8046931";"https://www.camara.leg.br/cota-parlamentar/nota-fiscal-eletronica?ideDocumentoFiscal=8046931"
"Caroline de Toni";"05858392989";"204369";"474";"2023";"SC";"PL";"57";"3";"COMBUSTÍVEIS E LUBRIFICANTES.";"1";"Veículos Automotores";"AUTO POSTO VO CLOVIS LTDA";"265.298.300/0036-6";"425383";"4";"2026-02-26T00:00:00";"275.94";"0";"275.94";"2";"2026";"0";"";"";"2213081";"";"";"";"3241";"8057858";"https://www.camara.leg.br/cota-parlamentar/nota-fiscal-eletronica?ideDocumentoFiscal=8057858"
"Carlos Jordy";"09650185712";"204460";"285";"2023";"RJ";"PL";"57";"3";"COMBUSTÍVEIS E LUBRIFICANTES.";"1";"Veículos Automotores";"POSTO MONZA LTDA";"285.235.460/0014-6";"1564201";"4";"2026-07-25T09:18:48";"200";"0";"200";"7";"2026";"0";"";"";"2256658";"";"";"";"3320";"8139848";"https://www.camara.leg.br/cota-parlamentar/nota-fiscal-eletronica?ideDocumentoFiscal=8139848"
"LID.GOV-CD";"";"";"";"2023";"NA";"";"57";"3";"COMBUSTÍVEIS E LUBRIFICANTES.";"1";"Veículos Automotores";"DRA4 DERIVADOS DE PETROLEO LTDA";"192.570.420/0013-0";"200610";"4";"2026-07-14T09:35:09";"200";"0";"200";"7";"2026";"0";"";"";"2253224";"";"";"";"2812";"8133332";"https://www.camara.leg.br/cota-parlamentar/nota-fiscal-eletronica?ideDocumentoFiscal=8133332"
"Benes Leocádio";"40665429487";"109429";"120";"2023";"RN";"UNIÃO";"57";"1";"MANUTENÇÃO DE ESCRITÓRIO DE APOIO À ATIVIDADE PARLAMENTAR";"0";"";"Claudio Manoel de Amorim Santos";"106.850.904/00  -";"S/N";"1";"2026-03-31T00:00:00";"9646";"0";"9646";"3";"2026";"0";"";"";"2228756";"";"";"";"3352";"8086187";"https://www.camara.leg.br/cota-parlamentar/documentos/publ/3352/2026/8086187.pdf"
"Giovani Cherini";"31050778049";"160673";"502";"2023";"RS";"PL";"57";"3";"COMBUSTÍVEIS E LUBRIFICANTES.";"1";"Veículos Automotores";"IVAN CARLOS VIEIRA SARMENTO";"061.778.800/0015-2";"59987";"4";"2026-01-16T07:49:19";"256.39";"0";"256.39";"1";"2026";"0";"";"";"2214633";"";"";"";"2281";"8058692";"https://www.camara.leg.br/cota-parlamentar/nota-fiscal-eletronica?ideDocumentoFiscal=8058692"
"Pastor Henrique Vieira";"12281169707";"220615";"320";"2023";"RJ";"PSOL";"57";"3";"COMBUSTÍVEIS E LUBRIFICANTES.";"1";"Veículos Automotores";"POSTO DE GASOLINA MAIOR LTDA";"291.402.170/0018-9";"138489";"4";"2026-03-06T10:10:52";"187.51";"0";"187.51";"3";"2026";"0";"";"";"2216753";"";"";"";"3602";"8064294";"https://www.camara.leg.br/cota-parlamentar/nota-fiscal-eletronica?ideDocumentoFiscal=8064294"
"Carlos Gomes";"02142743730";"178962";"492";"2023";"RS";"REPUBLICANOS";"57";"3";"COMBUSTÍVEIS E LUBRIFICANTES.";"1";"Veículos Automotores";"SAO BERNARDO SERVICOS AUTOMOTIVOS LTDA";"014.277.440/0015-0";"597015";"4";"2026-06-21T00:00:00";"100";"0";"100";"6";"2026";"0";"";"";"2248167";"";"";"";"2900";"8123293";"https://www.camara.leg.br/cota-parlamentar/nota-fiscal-eletronica?ideDocumentoFiscal=8123293"
"Cobalchini";"33944709187";"98148";"472";"2023";"SC";"MDB";"57";"1";"MANUTENÇÃO DE ESCRITÓRIO DE APOIO À ATIVIDADE PARLAMENTAR";"0";"";"JK ADMINISTRAÇÃO IMOBILIARIA LTDA";"219.510.680/0012-6";"1683737";"1";"2026-04-01T00:00:00";"951";"0";"951";"3";"2026";"0";"";"";"2225306";"";"";"";"3704";"8079839";"https://www.camara.leg.br/cota-parlamentar/documentos/publ/3704/2026/8079839.pdf"
"Rodrigo Estacho";"07239567907";"223128";"535";"2023";"PR";"PSD";"57";"3";"COMBUSTÍVEIS E LUBRIFICANTES.";"1";"Veículos Automotores";"REDE SALVARO - AUTO POSTO AVENTADOR LTDA";"289.989.100/0012-4";"2016870";"4";"2026-03-05T20:58:14";"232.95";"0";"232.95";"3";"2026";"0";"";"";"2215357";"";"";"";"3720";"8061758";"https://www.camara.leg.br/cota-parlamentar/nota-fiscal-eletronica?ideDocumentoFiscal=8061758"
"Dilceu Sperafico";"11979216991";"73768";"452";"2023";"PR";"PP";"57";"5";"DIVULGAÇÃO DA ATIVIDADE PARLAMENTAR.";"0";"";"CAVALLERI PRODUCOES E SERVICOS LTDA";"119.602.470/0017-6";"312";"0";"2026-04-17T00:00:00";"3000";"0";"3000";"4";"2026";"0";"";"";"2227928";"";"";"";"1001";"8084629";"https://www.camara.leg.br/cota-parlamentar/documentos/publ/1001/2026/8084629.pdf"
"Dilceu Sperafico";"11979216991";"73768";"452";"2023";"PR";"PP";"57";"10";"TELEFONIA";"0";"";"CELULAR FUNCIONAL";"000.000.000/0000-1";"8123397";"0";"";"91.43";"0";"91.43";"2";"2026";"0";"";"";"0";"0";"";"";"1001";"0";""
"Luiz Carlos Busato";"05698960020";"141485";"500";"2023";"RS";"UNIÃO";"57";"13";"FORNECIMENTO DE ALIMENTAÇÃO DO PARLAMENTAR";"0";"";"CJ FREITAS PROD NATURAIS LTDA";"168.059.770/0011-6";"30991";"4";"2026-05-17T00:00:00";"73.5";"0";"73.5";"5";"2026";"0";"";"";"2237845";"";"";"";"1793";"8103064";"https://www.camara.leg.br/cota-parlamentar/nota-fiscal-eletronica?ideDocumentoFiscal=8103064"
"Pedro Uczai";"47721855934";"160604";"481";"2023";"SC";"PT";"57";"14";"HOSPEDAGEM ,EXCETO DO PARLAMENTAR NO DISTRITO FEDERAL.";"0";"";"EMPREENDIMENTOS HOTELEIROS VILA VERDE LTDA";"753.038.670/0011-5";"31";"0";"2026-04-17T00:00:00";"480";"0";"480";"4";"2026";"0";"";"";"2229630";"";"";"";"2243";"8087048";"https://www.camara.leg.br/cota-parlamentar/documentos/publ/2243/2026/8087048.pdf"
"Eli Borges";"21821003187";"204364";"63";"2023";"TO";"REPUBLICANOS";"57";"3";"COMBUSTÍVEIS E LUBRIFICANTES.";"1";"Veículos Automotores";"Matsuse Comercio de Derivados de Petroleo Ltda";"025.034.520/0011-1";"762454";"4";"2026-02-09T00:00:00";"321.26";"17.25";"304.01";"2";"2026";"0";"";"";"2208663";"";"";"";"3435";"8049757";"https://www.camara.leg.br/cota-parlamentar/nota-fiscal-eletronica?ideDocumentoFiscal=8049757"
"Hugo Leal";"41365585620";"141450";"306";"2023";"RJ";"PSD";"57";"120";"LOCAÇÃO OU FRETAMENTO DE VEÍCULOS AUTOMOTORES";"0";"";"localiza rent a car";"166.700.850/0015-5";"3246618";"1";"2026-04-17T00:00:00";"4277";"0";"4277";"4";"2026";"0";"";"";"2234255";"";"";"";"1848";"8096524";"https://www.camara.leg.br/cota-parlamentar/documentos/publ/1848/2026/8096524.pdf"
"Roberto Duarte";"67681468072";"220588";"57";"2023";"AC";"REPUBLICANOS";"57";"3";"COMBUSTÍVEIS E LUBRIFICANTES.";"1";"Veículos Automotores";"AUTO POSTO SANTO ANTONIO LTDA";"144.120.760/0013-9";"874454";"4";"2026-03-23T19:55:00";"400.78";"0";"400.78";"3";"2026";"0";"";"";"2221768";"";"";"";"3575";"8073478";"https://www.camara.leg.br/cota-parlamentar/nota-fiscal-eletronica?ideDocumentoFiscal=8073478"
"Claudio Cajado";"29474485534";"74537";"186";"2023";"BA";"PP";"57";"13";"FORNECIMENTO DE ALIMENTAÇÃO DO PARLAMENTAR";"0";"";"DOOG ORIGINAL S/A";"168.034.690/0095-6";"211552";"4";"2026-04-08T00:00:00";"59";"0";"59";"4";"2026";"0";"";"";"2230246";"";"";"";"995";"8089135";"https://www.camara.leg.br/cota-parlamentar/nota-fiscal-eletronica?ideDocumentoFiscal=8089135"
"Dr. Zacharias Calil";"11833050100";"204412";"420";"2023";"GO";"MDB";"57";"3";"COMBUSTÍVEIS E LUBRIFICANTES.";"1";"Veículos Automotores";"Auto Posto Global Arena Ltda";"299.527.960/0016-4";"79886";"4";"2026-03-12T11:21:55";"165.26";"0";"165.26";"3";"2026";"0";"";"";"2219270";"";"";"";"3381";"8068497";"https://www.camara.leg.br/cota-parlamentar/nota-fiscal-eletronica?ideDocumentoFiscal=8068497"
"Gilberto Nascimento";"64817407891";"74270";"360";"2023";"SP";"PODE";"57";"3";"COMBUSTÍVEIS E LUBRIFICANTES.";"1";"Veículos Automotores";"POSTO DE SERVICOS CHICAJULIA LTDA";"439.111.060/0015-0";"5008";"0";"2026-07-01T00:00:00";"4947.12";"0";"4947.12";"6";"2026";"0";"";"";"2248550";"";"";"";"1652";"8124046";"https://www.camara.leg.br/cota-parlamentar/documentos/publ/1652/2026/8124046.pdf"
"Eduardo da Fonte";"53467108415";"141421";"156";"2023";"PE";"PP";"57";"5";"DIVULGAÇÃO DA ATIVIDADE PARLAMENTAR.";"0";"";"SX MARJETING DIGITAL";"417.071.940/0014-7";"355";"0";"2026-05-22T00:00:00";"500";"0";"500";"5";"2026";"0";"";"";"2239895";"";"";"";"1822";"8107154";"https://www.camara.leg.br/cota-parlamentar/documentos/publ/1822/2026/8107154.pdf"
"Pezenti";"05735414933";"161440";"484";"2023";"SC";"MDB";"57";"14";"HOSPEDAGEM ,EXCETO DO PARLAMENTAR NO DISTRITO FEDERAL.";"0";"";"POENTE HOTEL S.A";"151.718.370/0017-0";"00000001040";"0";"2026-04-23T00:00:00";"739";"0";"739";"4";"2026";"0";"";"";"2236086";"";"";"";"3625";"8099787";"https://www.camara.leg.br/cota-parlamentar/documentos/publ/3625/2026/8099787.pdf"
"Marussa Boldrin";"02710089114";"220572";"429";"2023";"GO";"REPUBLICANOS";"57";"3";"COMBUSTÍVEIS E LUBRIFICANTES.";"1";"Veículos Automotores";"UBRASPETRO COM DE DERIV. DE PETROLEO LTDA";"058.498.500/0018-2";"123382311";"4";"2026-03-07T00:00:00";"365.18";"0";"365.18";"3";"2026";"0";"";"";"2216958";"";"";"";"3638";"8064656";"https://www.camara.leg.br/cota-parlamentar/nota-fiscal-eletronica?ideDocumentoFiscal=8064656"
"Ricardo Maia";"90586360549";"220694";"214";"2023";"BA";"MDB";"57";"3";"COMBUSTÍVEIS E LUBRIFICANTES.";"1";"Veículos Automotores";"POSTO SAO ROQUE ALVORADA LTDA";"352.734.510/0018-7";"742749";"4";"2026-05-21T13:52:55";"650.05";"0";"650.05";"5";"2026";"0";"";"";"2239047";"";"";"";"3531";"8105419";"https://www.camara.leg.br/cota-parlamentar/nota-fiscal-eletronica?ideDocumentoFiscal=8105419"
"Daniela Reinehr";"01932951997";"220557";"475";"2023";"SC";"PL";"57";"14";"HOSPEDAGEM ,EXCETO DO PARLAMENTAR NO DISTRITO FEDERAL.";"0";"";"MOGANO HOTEL";"049.420.440/0019-1";"458644";"0";"2026-04-13T00:00:00";"313.04";"0";"313.04";"4";"2026";"0";"";"";"2226025";"";"";"";"3517";"8081152";"https://www.camara.leg.br/cota-parlamentar/documentos/publ/3517/2026/8081152.pdf"
"Lincoln Portela";"10254730191";"74585";"243";"2023";"MG";"PL";"57";"1";"MANUTENÇÃO DE ESCRITÓRIO DE APOIO À ATIVIDADE PARLAMENTAR";"0";"";"JH Computadores Ltda";"022.568.820/0018-6";"69509";"0";"2026-04-08T00:00:00";"444.8";"0";"444.8";"3";"2026";"0";"";"";"2239454";"";"";"";"1355";"8094320";"https://www.camara.leg.br/cota-parlamentar/documentos/publ/1355/2026/8094320.pdf"
"Marcelo Queiroz";"11004696728";"160161";"313";"2023";"RJ";"PSDB";"57";"5";"DIVULGAÇÃO DA ATIVIDADE PARLAMENTAR.";"0";"";"ONMOVEON PRODUCOES ARTISTICAS LTDA ME";"189.436.220/0011-9";"1";"0";"2026-03-10T00:00:00";"10000";"333.33";"9666.67";"3";"2026";"0";"";"";"2217207";"";"";"";"3698";"8064716";"https://www.camara.leg.br/cota-parlamentar/documentos/publ/3698/2026/8064716.pdf"
"Julia Zanatta";"04796165908";"220559";"483";"2023";"SC";"PL";"57";"14";"HOSPEDAGEM ,EXCETO DO PARLAMENTAR NO DISTRITO FEDERAL.";"0";"";"HBS HOTELARIA LTDA";"083.958.750/0014-1";"4806";"0";"2026-05-13T00:00:00";"834.35";"0";"834.35";"5";"2026";"0";"";"";"2238792";"";"";"";"3629";"8104039";"https://www.camara.leg.br/cota-parlamentar/documentos/publ/3629/2026/8104039.pdf"
"Carlos Gomes";"02142743730";"178962";"492";"2023";"RS";"REPUBLICANOS";"57";"3";"COMBUSTÍVEIS E LUBRIFICANTES.";"1";"Veículos Automotores";"POSTO DE COMBUSTIVEIS CONNECTA CEILANDIA SUL LTDA";"121.237.800/0022-7";"365246";"4";"2026-07-07T00:00:00";"100";"0";"100";"7";"2026";"0";"";"";"2251466";"";"";"";"2900";"8129863";"https://www.camara.leg.br/cota-parlamentar/nota-fiscal-eletronica?ideDocumentoFiscal=8129863"
"Samuel Viana";"06373252655";"220631";"273";"2023";"MG";"UNIÃO";"57";"1";"MANUTENÇÃO DE ESCRITÓRIO DE APOIO À ATIVIDADE PARLAMENTAR";"0";"";"CEMIG DISTRIBUIÇÃO S.A.";"069.811.800/0011-6";"397028533";"0";"2026-06-06T00:00:00";"428";"0";"428";"6";"2026";"0";"";"";"2245280";"";"";"";"3622";"8115668";"https://www.camara.leg.br/cota-parlamentar/documentos/publ/3622/2026/8115668.pdf"
"Fabio Reis";"57126500378";"171623";"178";"2023";"SE";"PSD";"57";"1";"MANUTENÇÃO DE ESCRITÓRIO DE APOIO À ATIVIDADE PARLAMENTAR";"0";"";"IGUÁ SERGIPE S/A";"580.704.520/0012-0";"85905950042026001";"0";"2026-04-15T00:00:00";"92.93";"0";"92.93";"4";"2026";"0";"";"";"2229798";"";"";"";"2820";"8087883";"https://www.camara.leg.br/cota-parlamentar/documentos/publ/2820/2026/8087883.pdf"
"André Ferreira";"77050363472";"204423";"139";"2023";"PE";"PL";"57";"3";"COMBUSTÍVEIS E LUBRIFICANTES.";"1";"Veículos Automotores";"VIP 3 COMERCIO DE DERIVADOS DE PETROLEO LTDA - EPP";"180.346.640/0013-7";"389364";"4";"2026-04-08T18:41:25";"100";"0";"100";"4";"2026";"0";"";"";"2231463";"";"";"";"3368";"8091574";"https://www.camara.leg.br/cota-parlamentar/nota-fiscal-eletronica?ideDocumentoFiscal=8091574"
"Cezinha de Madureira";"65188845504";"204504";"351";"2023";"SP";"PL";"57";"1";"MANUTENÇÃO DE ESCRITÓRIO DE APOIO À ATIVIDADE PARLAMENTAR";"0";"";"VERA MARIA DE MOURA LEME";"116.402.898/79  -";"s/n";"1";"2026-04-20T00:00:00";"8220";"0";"8220";"4";"2026";"0";"";"";"2230969";"";"";"";"3283";"8090664";"https://www.camara.leg.br/cota-parlamentar/documentos/publ/3283/2026/8090664.pdf"
"Matheus Noronha";"01697845258";"220661";"107";"2023";"CE";"PL";"57";"5";"DIVULGAÇÃO DA ATIVIDADE PARLAMENTAR.";"0";"";"LIMA E SILVA AGENCIA DE NOTICIAS";"181.722.060/0016-4";"1286";"0";"2026-02-03T00:00:00";"1500";"0";"1500";"1";"2026";"0";"";"";"2208390";"";"";"";"3643";"8049251";"https://www.camara.leg.br/cota-parlamentar/documentos/publ/3643/2026/8049251.pdf"
"Chris Tonietto";"10448771705";"204462";"289";"2023";"RJ";"PL";"57";"122";"SERVIÇO DE TÁXI, PEDÁGIO E ESTACIONAMENTO";"0";"";"UBER DO BRASIL TECNOLOGIA LTDA.";"178.956.460/0018-7";"Uber Fabricio - 27.03 - 01";"1";"2026-03-27T00:00:00";"61.99";"0";"61.99";"3";"2026";"0";"";"";"2225426";"";"";"";"3367";"8079846";"https://www.camara.leg.br/cota-parlamentar/documentos/publ/3367/2026/8079846.pdf"
"Jefferson Campos";"02684165831";"74273";"349";"2023";"SP";"PL";"57";"1";"MANUTENÇÃO DE ESCRITÓRIO DE APOIO À ATIVIDADE PARLAMENTAR";"0";"";"CLOUD SECURITY LTDA";"446.629.830/0010-5";"sn";"1";"2026-05-31T00:00:00";"6200";"0";"6200";"5";"2026";"0";"";"";"2249379";"";"";"";"1669";"8125718";"https://www.camara.leg.br/cota-parlamentar/documentos/publ/1669/2026/8125718.pdf"
"Daniel Freitas";"03751859926";"204367";"476";"2023";"SC";"PL";"57";"3";"COMBUSTÍVEIS E LUBRIFICANTES.";"1";"Veículos Automotores";"POSTO DE ABASTECIMENTO MORRO DOS CONVENTOS LTDA";"838.203.080/0010-0";"357307";"4";"2026-01-31T17:19:16";"225.32";"0";"225.32";"1";"2026";"0";"";"";"2208868";"";"";"";"3301";"8050144";"https://www.camara.leg.br/cota-parlamentar/nota-fiscal-eletronica?ideDocumentoFiscal=8050144"
"Sergio Souza";"75687658904";"178933";"467";"2023";"PR";"MDB";"57";"5";"DIVULGAÇÃO DA ATIVIDADE PARLAMENTAR.";"0";"";"LOKAHI MEDIA HOUSE LTDA.";"264.906.580/0011-2";"6";"0";"2026-01-06T00:00:00";"7500";"0";"7500";"1";"2026";"0";"";"";"2201306";"";"";"";"3062";"8037272";"https://www.camara.leg.br/cota-parlamentar/documentos/publ/3062/2026/8037272.pdf"
"Márcio Honaiser";"27848779300";"220687";"77";"2023";"MA";"SOLIDARIEDADE";"57";"1";"MANUTENÇÃO DE ESCRITÓRIO DE APOIO À ATIVIDADE PARLAMENTAR";"0";"";"EXATA IMÓVEIS";"118.862.410/0010-4";"S/N";"1";"2026-02-11T00:00:00";"4526.04";"0";"4526.04";"1";"2026";"0";"";"";"2209278";"";"";"";"3658";"8050851";"https://www.camara.leg.br/cota-parlamentar/documentos/publ/3658/2026/8050851.pdf"
"Rafael Simoes";"45754276672";"220626";"264";"2023";"MG";"UNIÃO";"57";"5";"DIVULGAÇÃO DA ATIVIDADE PARLAMENTAR.";"0";"";"M.M Calafiori Resende Produções ME";"214.144.720/0016-0";"129";"0";"2026-05-05T00:00:00";"10000";"0";"10000";"4";"2026";"0";"";"";"2233937";"";"";"";"3556";"8095824";"https://www.camara.leg.br/cota-parlamentar/documentos/publ/3556/2026/8095824.pdf"
"Bacelar";"10626409500";"69871";"184";"2023";"BA";"PV";"57";"1";"MANUTENÇÃO DE ESCRITÓRIO DE APOIO À ATIVIDADE PARLAMENTAR";"0";"";"AFRANIO CEZAR OLIVA DE MATTOS FILHO";"899.821.855/00  -";"S/N";"1";"2026-04-13T00:00:00";"11186.8";"0";"11186.8";"4";"2026";"0";"";"";"2239525";"";"";"";"2985";"8106422";"https://www.camara.leg.br/cota-parlamentar/documentos/publ/2985/2026/8106422.pdf"
"Delegada Ione";"94621632604";"220625";"236";"2023";"MG";"PL";"57";"3";"COMBUSTÍVEIS E LUBRIFICANTES.";"1";"Veículos Automotores";"POSTO EXPRESSO SAO JOSE LTDA";"215.792.550/0012-0";"576748";"0";"2026-08-03T00:00:00";"256.74";"0";"256.74";"8";"2026";"0";"";"";"2257743";"";"";"";"3689";"8142785";"https://www.camara.leg.br/cota-parlamentar/documentos/publ/3689/2026/8142785.pdf"
"Paulo Lemos";"40187365253";"233592";"623";"2023";"AP";"PT";"57";"122";"SERVIÇO DE TÁXI, PEDÁGIO E ESTACIONAMENTO";"0";"";"UBER DO BRASIL TECNOLOGIA LTDA.";"178.956.460/0018-7";"S/N";"1";"2026-04-08T00:00:00";"39.61";"0";"39.61";"4";"2026";"0";"";"";"2229126";"";"";"";"3795";"8086894";"https://www.camara.leg.br/cota-parlamentar/documentos/publ/3795/2026/8086894.pdf"
"Delegado Bruno Lima";"35750325806";"220642";"343";"2023";"SP";"PODE";"57";"120";"LOCAÇÃO OU FRETAMENTO DE VEÍCULOS AUTOMOTORES";"0";"";"VIMPE TRANSPORTES RODOVIARIOS LTDA";"115.351.240/0019-8";"377";"1";"2026-08-04T00:00:00";"10500";"0";"10500";"8";"2026";"0";"";"";"2262358";"";"";"";"3661";"8151657";"https://www.camara.leg.br/cota-parlamentar/documentos/publ/3661/2026/8151657.pdf"
"Ana Paula Lima";"51655438972";"220556";"471";"2023";"SC";"PT";"57";"3";"COMBUSTÍVEIS E LUBRIFICANTES.";"1";"Veículos Automotores";"MIMIM COMERCIO DE COMBUSTIVEIS EIRELI 09";"227.941.280/0053-0";"1174382";"4";"2026-06-18T07:27:56";"151.06";"0";"151.06";"6";"2026";"0";"";"";"2246452";"";"";"";"3705";"8119645";"https://www.camara.leg.br/cota-parlamentar/nota-fiscal-eletronica?ideDocumentoFiscal=8119645"
"Ricardo Salles";"25298000819";"220633";"386";"2023";"SP";"NOVO";"57";"5";"DIVULGAÇÃO DA ATIVIDADE PARLAMENTAR.";"0";"";"CONNECTVIEW LTDA";"583.962.380/0016-8";"00000028";"0";"2026-04-03T00:00:00";"6000";"0";"6000";"3";"2026";"0";"";"";"2223211";"";"";"";"3572";"8076183";"https://www.camara.leg.br/cota-parlamentar/documentos/publ/3572/2026/8076183.pdf"
"Luciano Amaral";"06376277411";"220581";"172";"2023";"AL";"PSD";"57";"3";"COMBUSTÍVEIS E LUBRIFICANTES.";"1";"Veículos Automotores";"MAJH COM. DE COMBUST. E DERIV DE  PETRO.LTDA EPP";"088.868.850/0018-0";"705307";"4";"2026-06-22T00:00:00";"347";"0";"347";"6";"2026";"0";"";"";"2246680";"";"";"";"3621";"8120195";"https://www.camara.leg.br/cota-parlamentar/nota-fiscal-eletronica?ideDocumentoFiscal=8120195"
"Domingos Sávio";"22275150668";"160758";"233";"2023";"MG";"PL";"57";"14";"HOSPEDAGEM ,EXCETO DO PARLAMENTAR NO DISTRITO FEDERAL.";"0";"";"MAXIMA GESTAO DE EMPREENDIMENTOS HOTELEIROS LTDA";"445.149.240/0018-1";"6654";"0";"2026-06-30T00:00:00";"289.94";"0";"289.94";"6";"2026";"0";"";"";"2248487";"";"";"";"2235";"8123816";"https://www.camara.leg.br/cota-parlamentar/documentos/publ/2235/2026/8123816.pdf"
"Rogério Correia";"47102500653";"204480";"262";"2023";"MG";"PT";"57";"14";"HOSPEDAGEM ,EXCETO DO PARLAMENTAR NO DISTRITO FEDERAL.";"0";"";"MONTES CLAROS EXECUTIVO HOTEL LTDA";"214.891.740/0013-0";"1568";"0";"2026-07-03T00:00:00";"265";"0";"265";"7";"2026";"0";"";"";"2251507";"";"";"";"3380";"8129268";"https://www.camara.leg.br/cota-parlamentar/documentos/publ/3380/2026/8129268.pdf"
"Alexandre Lindenmeyer";"47282428034";"220554";"494";"2023";"RS";"PT";"57";"1";"MANUTENÇÃO DE ESCRITÓRIO DE APOIO À ATIVIDADE PARLAMENTAR";"0";"";"COMPANHIA RIOGRANDENSE DE SANEAMENTO - CORSAN";"928.027.840/0019-0";"1812573";"0";"2026-09-04T00:00:00";"530.62";"3.27";"527.35";"8";"2026";"0";"";"";"2264593";"";"";"";"3554";"8154725";"https://www.camara.leg.br/cota-parlamentar/documentos/publ/3554/2026/8154725.pdf"
"Osmar Terra";"19971478072";"73692";"497";"2023";"RS";"PL";"57";"3";"COMBUSTÍVEIS E LUBRIFICANTES.";"1";"Veículos Automotores";"AUTO POSTO TRONCA LTDA";"285.505.710/0011-9";"2766870";"4";"2026-07-15T15:06:53";"70";"0";"70";"7";"2026";"0";"";"";"2253728";"";"";"";"1514";"8133231";"https://www.camara.leg.br/cota-parlamentar/nota-fiscal-eletronica?ideDocumentoFiscal=8133231"
"Franciane Bayer";"01320484000";"220551";"510";"2023";"RS";"REPUBLICANOS";"57";"3";"COMBUSTÍVEIS E LUBRIFICANTES.";"1";"Veículos Automotores";"FARGO COML DE COMB LTDA";"300.646.810/0011-2";"466364";"4";"2026-08-29T00:00:00";"158.71";"0";"158.71";"8";"2026";"0";"";"";"2265098";"";"";"";"3514";"8156914";"https://www.camara.leg.br/cota-parlamentar/nota-fiscal-eletronica?ideDocumentoFiscal=8156914"
"Gilson Marques";"00824207939";"204365";"480";"2023";"SC";"NOVO";"57";"14";"HOSPEDAGEM ,EXCETO DO PARLAMENTAR NO DISTRITO FEDERAL.";"0";"";"R3 ADMINISTRACAO HOTELEIRA LTDA";"612.441.870/0016-3";"8841";"0";"2026-05-14T00:00:00";"1875.8";"0";"1875.8";"5";"2026";"0";"";"";"2248088";"";"";"";"3357";"8123070";"https://www.camara.leg.br/cota-parlamentar/documentos/publ/3357/2026/8123070.pdf"
"Paulo Azi";"28870646572";"178860";"215";"2023";"BA";"UNIÃO";"57";"3";"COMBUSTÍVEIS E LUBRIFICANTES.";"1";"Veículos Automotores";"PACIFICO COMERCIO E SERVICOS DE COMBUSTIVEIS LTDA";"069.486.230/0017-7";"197866";"4";"2026-08-08T00:00:00";"300";"0";"300";"8";"2026";"0";"";"";"2262378";"";"";"";"2929";"8151718";"https://www.camara.leg.br/cota-parlamentar/nota-fiscal-eletronica?ideDocumentoFiscal=8151718"
"Daniela Reinehr";"01932951997";"220557";"475";"2023";"SC";"PL";"57";"120";"LOCAÇÃO OU FRETAMENTO DE VEÍCULOS AUTOMOTORES";"0";"";"PONTA LOCAÇÃO DE VEÍCULOS LTDA";"427.618.720/0011-2";"0632";"1";"2026-02-02T00:00:00";"4800";"0";"4800";"1";"2026";"0";"";"";"2206328";"";"";"";"3517";"8045826";"https://www.camara.leg.br/cota-parlamentar/documentos/publ/3517/2026/8045826.pdf"
"Murillo Gouvea";"11519951779";"220617";"319";"2023";"RJ";"PSDB";"57";"3";"COMBUSTÍVEIS E LUBRIFICANTES.";"1";"Veículos Automotores";"ITA POSTO DE GASOLINA LTDA.";"297.957.210/0011-7";"8600";"4";"2026-05-26T10:28:41";"197.6";"0";"197.6";"5";"2026";"0";"";"";"2242842";"";"";"";"3606";"8112520";"https://www.camara.leg.br/cota-parlamentar/nota-fiscal-eletronica?ideDocumentoFiscal=8112520"
"Pedro Campos";"10779586417";"220667";"161";"2023";"PE";"PSB";"57";"1";"MANUTENÇÃO DE ESCRITÓRIO DE APOIO À ATIVIDADE PARLAMENTAR";"0";"";"Companhia Energética de Pernambuco";"108.359.320/0010-8";"400017720";"0";"2026-02-23T00:00:00";"395.81";"0";"395.81";"2";"2026";"0";"";"";"2216788";"";"";"";"3608";"8064355";"https://www.camara.leg.br/cota-parlamentar/documentos/publ/3608/2026/8064355.pdf"
"Maria Arraes";"10304815470";"220668";"157";"2023";"PE";"PSB";"57";"3";"COMBUSTÍVEIS E LUBRIFICANTES.";"1";"Veículos Automotores";"VERDEJANTE COMERCIAL LTDA";"410.575.710/0022-0";"659644";"4";"2026-06-07T18:54:35";"471.3";"0";"471.3";"6";"2026";"0";"";"";"2243663";"";"";"";"3610";"8114064";"https://www.camara.leg.br/cota-parlamentar/nota-fiscal-eletronica?ideDocumentoFiscal=8114064"
"Sanderson";"49941720053";"204416";"517";"2023";"RS";"PL";"57";"3";"COMBUSTÍVEIS E LUBRIFICANTES.";"1";"Veículos Automotores";"ABAST DE COMB ROTA DA PRAIA LTDA";"228.747.820/0012-0";"207420";"4";"2026-01-23T00:00:00";"131.89";"0";"131.89";"1";"2026";"0";"";"";"2204363";"";"";"";"3418";"8042416";"https://www.camara.leg.br/cota-parlamentar/nota-fiscal-eletronica?ideDocumentoFiscal=8042416"
"Erika Kokay";"22441107100";"160575";"407";"2023";"DF";"PT";"57";"122";"SERVIÇO DE TÁXI, PEDÁGIO E ESTACIONAMENTO";"0";"";"UBER DO BRASIL TECNOLOGIA LTDA.";"178.956.460/0018-7";"010121";"1";"2026-06-08T00:00:00";"43.93";"0";"43.93";"6";"2026";"0";"";"";"2244524";"";"";"";"2403";"8115654";"https://www.camara.leg.br/cota-parlamentar/documentos/publ/2403/2026/8115654.pdf"
"Saulo Pedroso";"30420230874";"226837";"559";"2023";"SP";"PSD";"57";"13";"FORNECIMENTO DE ALIMENTAÇÃO DO PARLAMENTAR";"0";"";"AMARELINHO DAS BATIDAS BAR E RESTAURANTE LTDA";"249.024.560/0010-5";"669";"0";"2026-01-30T00:00:00";"59.4";"5.4";"54";"1";"2026";"0";"";"";"2213376";"";"";"";"3748";"8058446";"https://www.camara.leg.br/cota-parlamentar/documentos/publ/3748/2026/8058446.pdf"
"Raimundo Costa";"17672538500";"204567";"211";"2023";"BA";"PSD";"57";"5";"DIVULGAÇÃO DA ATIVIDADE PARLAMENTAR.";"0";"";"MARINALVA ALVES DE OLIVEIRA - ME";"244.287.190/0019-6";"00000647";"0";"2026-03-09T00:00:00";"1000";"0";"1000";"2";"2026";"0";"";"";"2219174";"";"";"";"3426";"8067637";"https://www.camara.leg.br/cota-parlamentar/documentos/publ/3426/2026/8067637.pdf"
"Pedro Westphalen";"20040954072";"204406";"514";"2023";"RS";"PP";"57";"10";"TELEFONIA";"0";"";"STARLINK BRAZIL SERVICOS DE INTERNET LTDA";"401.548.840/0015-3";"003502008";"0";"2026-02-22T00:00:00";"576";"0";"576";"2";"2026";"0";"";"";"2210885";"";"";"";"3280";"8053803";""
"Marcon";"43434339000";"160535";"507";"2023";"RS";"PT";"57";"3";"COMBUSTÍVEIS E LUBRIFICANTES.";"1";"Veículos Automotores";"SIM REDE DE POSTOS LTDA - CORONEL BICACO PARADOURO";"074.737.350/2053-0";"354140";"4";"2026-04-29T00:00:00";"224.96";"0";"224.96";"4";"2026";"0";"";"";"2231553";"";"";"";"2241";"8091602";"https://www.camara.leg.br/cota-parlamentar/nota-fiscal-eletronica?ideDocumentoFiscal=8091602"
"Welter";"68145888972";"224333";"540";"2023";"PR";"PT";"57";"14";"HOSPEDAGEM ,EXCETO DO PARLAMENTAR NO DISTRITO FEDERAL.";"0";"";"HOTEL CAIUA EXPRESS LTDA";"108.354.420/0010-1";"120550";"0";"2026-06-27T00:00:00";"247.2";"0";"247.2";"6";"2026";"0";"";"";"2249981";"";"";"";"3726";"8126897";"https://www.camara.leg.br/cota-parlamentar/documentos/publ/3726/2026/8126897.pdf"
"Alexandre Lindenmeyer";"47282428034";"220554";"494";"2023";"RS";"PT";"57";"122";"SERVIÇO DE TÁXI, PEDÁGIO E ESTACIONAMENTO";"0";"";"EMPRESA CONCESSIONARIA DE RODOVIAS DO SUL S/A - ECOSUL";"025.110.480/0019-0";"C6C41E8E";"0";"2026-02-05T00:00:00";"19.6";"0";"19.6";"2";"2026";"0";"";"";"2207755";"";"";"";"3554";"8048193";"https://www.camara.leg.br/cota-parlamentar/documentos/publ/3554/2026/8048193.pdf"
"Alexandre Lindenmeyer";"47282428034";"220554";"494";"2023";"RS";"PT";"57";"122";"SERVIÇO DE TÁXI, PEDÁGIO E ESTACIONAMENTO";"0";"";"ASSOCIACAO PONTO FIXO DE TAXI DO AEROPORTO INTERNACIONAL SALGADO FILHO";"553.867.960/0015-4";"884";"1";"2026-07-15T00:00:00";"50";"0";"50";"7";"2026";"0";"";"";"2254160";"";"";"";"3554";"8135126";"https://www.camara.leg.br/cota-parlamentar/documentos/publ/3554/2026/8135126.pdf"
"Gilberto Nascimento";"64817407891";"74270";"360";"2023";"SP";"PODE";"57";"3";"COMBUSTÍVEIS E LUBRIFICANTES.";"1";"Veículos Automotores";"POSTO DE SERVICOS CHICAJULIA LT";"439.111.060/0015-0";"4865";"0";"2026-04-01T00:00:00";"3836.21";"0";"3836.21";"3";"2026";"0";"";"";"2222795";"";"";"";"1652";"8075466";"https://www.camara.leg.br/cota-parlamentar/documentos/publ/1652/2026/8075466.pdf"
"Afonso Hamm";"37040642034";"136811";"487";"2023";"RS";"PP";"57";"13";"FORNECIMENTO DE ALIMENTAÇÃO DO PARLAMENTAR";"0";"";"REST DAS CUCAS LTDA";"888.415.640/0010-6";"122546";"4";"2026-02-05T00:00:00";"103";"0";"103";"2";"2026";"0";"";"";"2209861";"";"";"";"1758";"8051900";"https://www.camara.leg.br/cota-parlamentar/nota-fiscal-eletronica?ideDocumentoFiscal=8051900"
"Márcio Biolchi";"80686958004";"179001";"515";"2023";"RS";"MDB";"57";"1";"MANUTENÇÃO DE ESCRITÓRIO DE APOIO À ATIVIDADE PARLAMENTAR";"0";"";"NP IMOVEIS LTDA";"891.768.870/0018-7";"56642";"1";"2026-08-26T00:00:00";"566.42";"0";"566.42";"8";"2026";"0";"";"";"2262290";"";"";"";"3086";"8151569";"https://www.camara.leg.br/cota-parlamentar/documentos/publ/3086/2026/8151569.pdf"
"Delegada Katarina";"69491348515";"220561";"174";"2023";"SE";"PSD";"57";"3";"COMBUSTÍVEIS E LUBRIFICANTES.";"1";"Veículos Automotores";"COMERCIAL MARIVAN LTDA";"131.792.470/0016-9";"599128";"4";"2026-02-01T00:00:00";"279.25";"0";"279.25";"2";"2026";"0";"";"";"2215844";"";"";"";"3543";"8062634";"https://www.camara.leg.br/cota-parlamentar/nota-fiscal-eletronica?ideDocumentoFiscal=8062634"
"Márcio Jerry";"29246830334";"81055";"82";"2023";"MA";"PCdoB";"57";"1";"MANUTENÇÃO DE ESCRITÓRIO DE APOIO À ATIVIDADE PARLAMENTAR";"0";"";"EQUATORIAL MARANHÃO DISTRIBUIDORA DE ENERGIA S.A";"062.727.930/0018-4";"145141460";"0";"2026-01-28T00:00:00";"169.58";"0";"169.58";"1";"2026";"0";"";"";"2210088";"";"";"";"3313";"8052319";"https://www.camara.leg.br/cota-parlamentar/documentos/publ/3313/2026/8052319.pdf"
"Eros Biondini";"84470666653";"160640";"242";"2023";"MG";"PL";"57";"14";"HOSPEDAGEM ,EXCETO DO PARLAMENTAR NO DISTRITO FEDERAL.";"0";"";"SOCIEDADE HOTELEIRA NOROESTE DE MINAS LTDA";"186.507.050/0011-0";"3875";"0";"2026-08-18T00:00:00";"265";"0";"265";"8";"2026";"0";"";"";"2261424";"";"";"";"2385";"8149964";"https://www.camara.leg.br/cota-parlamentar/documentos/publ/2385/2026/8149964.pdf"
"Daiana Santos";"00104610000";"220555";"505";"2023";"RS";"PCdoB";"57";"1";"MANUTENÇÃO DE ESCRITÓRIO DE APOIO À ATIVIDADE PARLAMENTAR";"0";"";"CANVA";"000.000.000/0001-0";"04912-79362564";"1";"2026-06-14T00:00:00";"108";"0";"108";"6";"2026";"0";"";"";"2246124";"";"";"";"3647";"8118943";"https://www.camara.leg.br/cota-parlamentar/documentos/publ/3647/2026/8118943.pdf"
"Sérgio Brito";"18635458591";"73808";"213";"2023";"BA";"PSD";"57";"10";"TELEFONIA";"0";"";"TELEFONICA BRASIL S/A - VIVO";"025.581.570/0016-2";"00000977569208";"0";"2026-03-26T00:00:00";"120";"0";"120";"3";"2026";"0";"";"";"2239872";"";"";"";"169";"8107133";""
"Danrlei de Deus Hinterholz";"70157324087";"160552";"495";"2023";"RS";"PSD";"57";"120";"LOCAÇÃO OU FRETAMENTO DE VEÍCULOS AUTOMOTORES";"0";"";"AUTO LOCADORA LINCK E MELLO LTDA";"091.467.490/0011-6";"46488";"1";"2026-01-28T00:00:00";"7500";"0";"7500";"1";"2026";"0";"";"";"2205205";"";"";"";"2242";"8043876";"https://www.camara.leg.br/cota-parlamentar/documentos/publ/2242/2026/8043876.pdf"
"Dandara";"11264753608";"220629";"232";"2023";"MG";"PT";"57";"5";"DIVULGAÇÃO DA ATIVIDADE PARLAMENTAR.";"0";"";"W COLLOR EDITORA GRAFICA LTDA - ME";"050.331.250/0013-1";"202600000007173";"0";"2026-03-06T00:00:00";"800";"0";"800";"3";"2026";"0";"";"";"2225267";"";"";"";"3607";"8079771";"https://www.camara.leg.br/cota-parlamentar/documentos/publ/3607/2026/8079771.pdf"
"Pauderney Avelino";"03465268253";"74095";"573";"2023";"AM";"UNIÃO";"57";"14";"HOSPEDAGEM ,EXCETO DO PARLAMENTAR NO DISTRITO FEDERAL.";"0";"";"INDUSTRIA DE HOTEIS GUZZONI S/A";"646.313.440/0026-2";"00115779";"0";"2026-02-10T00:00:00";"623.7";"0";"623.7";"2";"2026";"0";"";"";"2208628";"";"";"";"586";"8049696";"https://www.camara.leg.br/cota-parlamentar/documentos/publ/586/2026/8049696.pdf"
"Carlos Jordy";"09650185712";"204460";"285";"2023";"RJ";"PL";"57";"3";"COMBUSTÍVEIS E LUBRIFICANTES.";"1";"Veículos Automotores";"AUTO SERVICO CACHOEIRA LTDA";"285.425.380/0014-7";"133047";"4";"2026-02-23T00:00:00";"200";"0";"200";"2";"2026";"0";"";"";"2212073";"";"";"";"3320";"8056035";"https://www.camara.leg.br/cota-parlamentar/nota-fiscal-eletronica?ideDocumentoFiscal=8056035"
"Bibo Nunes";"27236056049";"204388";"489";"2023";"RS";"PL";"57";"3";"COMBUSTÍVEIS E LUBRIFICANTES.";"1";"Veículos Automotores";"JP SANTA LUCIA COMERCIO DE COMB. LTDA";"176.958.130/0120-7";"448121";"4";"2026-05-08T00:00:00";"150";"0";"150";"5";"2026";"0";"";"";"2234060";"";"";"";"3273";"8095949";"https://www.camara.leg.br/cota-parlamentar/nota-fiscal-eletronica?ideDocumentoFiscal=8095949"
"Carlos Jordy";"09650185712";"204460";"285";"2023";"RJ";"PL";"57";"3";"COMBUSTÍVEIS E LUBRIFICANTES.";"1";"Veículos Automotores";"COMERCIAL CHARITAS DE PETROLEO LTDA";"297.934.290/0016-5";"221582";"4";"2026-03-13T00:00:00";"208.7";"0";"208.7";"3";"2026";"0";"";"";"2218986";"";"";"";"3320";"8067418";"https://www.camara.leg.br/cota-parlamentar/nota-fiscal-eletronica?ideDocumentoFiscal=8067418"
"Gilberto Abramo";"08567392861";"204491";"246";"2023";"MG";"REPUBLICANOS";"57";"3";"COMBUSTÍVEIS E LUBRIFICANTES.";"1";"Veículos Automotores";"POSTO PAULISTINHA LTDA";"014.387.540/0019-0";"367538";"0";"2026-05-16T00:00:00";"228.02";"0";"228.02";"5";"2026";"0";"";"";"2239188";"";"";"";"3373";"8105724";"https://www.camara.leg.br/cota-parlamentar/documentos/publ/3373/2026/8105724.pdf"
"Carlos Veras";"03987461411";"204426";"142";"2023";"PE";"PT";"57";"1";"MANUTENÇÃO DE ESCRITÓRIO DE APOIO À ATIVIDADE PARLAMENTAR";"0";"";"Secretaria de Finanças do Recife";"105.650.000/0019-2";"061004";"1";"2026-06-10T00:00:00";"338.81";"86.96";"251.85";"6";"2026";"0";"";"";"2245927";"";"";"";"3234";"8118567";"https://www.camara.leg.br/cota-parlamentar/documentos/publ/3234/2026/8118567.pdf"
"Merlong Solano";"13891820372";"188097";"518";"2023";"PI";"PT";"57";"3";"COMBUSTÍVEIS E LUBRIFICANTES.";"1";"Veículos Automotores";"POSTO SAO BENEDITO PETROLEO LTDA";"455.420.780/0017-6";"165494";"4";"2026-06-05T13:29:15";"300.04";"0";"300.04";"6";"2026";"0";"";"";"2243352";"";"";"";"3121";"8113466";"https://www.camara.leg.br/cota-parlamentar/nota-fiscal-eletronica?ideDocumentoFiscal=8113466"
"Eduardo da Fonte";"53467108415";"141421";"156";"2023";"PE";"PP";"57";"5";"DIVULGAÇÃO DA ATIVIDADE PARLAMENTAR.";"0";"";"BLOG EDMAR LYRA";"177.821.020/0010-9";"61";"0";"2026-02-17T00:00:00";"2000";"0";"2000";"2";"2026";"0";"";"";"2212394";"";"";"";"1822";"8056638";"https://www.camara.leg.br/cota-parlamentar/documentos/publ/1822/2026/8056638.pdf"
"LIDERANÇA DO PSDB";"";"";"";"2023";"NA";"";"57";"13";"FORNECIMENTO DE ALIMENTAÇÃO DO PARLAMENTAR";"0";"";"RCS SERVIÇOS DE ALIMENTAÇÃO LTDA";"512.702.430/0018-0";"1678";"0";"2026-06-17T00:00:00";"1140";"0";"1140";"6";"2026";"0";"";"";"2245765";"";"";"";"2442";"8118250";"https://www.camara.leg.br/cota-parlamentar/documentos/publ/2442/2026/8118250.pdf"
"Juscelino Filho";"85290211349";"178886";"79";"2023";"MA";"PSDB";"57";"3";"COMBUSTÍVEIS E LUBRIFICANTES.";"1";"Veículos Automotores";"BELIZE COMPANY AUTO POSTO LTDA.";"290.328.200/0014-7";"8439";"4";"2026-08-04T00:00:00";"1129.85";"0";"1129.85";"8";"2026";"0";"";"";"2258699";"";"";"";"3020";"8144530";"https://www.camara.leg.br/cota-parlamentar/nota-fiscal-eletronica?ideDocumentoFiscal=8144530"
"Pedro Westphalen";"20040954072";"204406";"514";"2023";"RS";"PP";"57";"3";"COMBUSTÍVEIS E LUBRIFICANTES.";"1";"Veículos Automotores";"COMERCIO DE COMBUSTIVEIS NEVOEIRO LTDA";"954.253.690/0031-4";"315725";"4";"2026-03-22T00:00:00";"166.86";"0";"166.86";"3";"2026";"0";"";"";"2219904";"";"";"";"3280";"8069929";"https://www.camara.leg.br/cota-parlamentar/nota-fiscal-eletronica?ideDocumentoFiscal=8069929"
"Clodoaldo Magalhães";"01835730485";"88256";"143";"2023";"PE";"PV";"57";"3";"COMBUSTÍVEIS E LUBRIFICANTES.";"1";"Veículos Automotores";"AUTO POSTO LS COMERCIO DERIVADOS DE PETROLEO LTDA";"052.567.940/0017-2";"153545";"4";"2026-08-13T00:00:00";"307.32";"0";"307.32";"8";"2026";"0";"";"";"2260431";"";"";"";"3690";"8147951";"https://www.camara.leg.br/cota-parlamentar/nota-fiscal-eletronica?ideDocumentoFiscal=8147951"
"Delegado Matheus Laiola";"22651912808";"220701";"445";"2023";"PR";"UNIÃO";"57";"3";"COMBUSTÍVEIS E LUBRIFICANTES.";"1";"Veículos Automotores";"CONDOR AUTO POSTO CHAMPAGNAT LTDA";"764.943.270/0020-0";"438705";"0";"2026-07-17T00:00:00";"250";"0";"250";"7";"2026";"0";"";"";"2254351";"";"";"";"3599";"8135741";"https://www.camara.leg.br/cota-parlamentar/documentos/publ/3599/2026/8135741.pdf"
"Sargento Fahur";"53447468904";"204387";"464";"2023";"PR";"PL";"57";"1";"MANUTENÇÃO DE ESCRITÓRIO DE APOIO À ATIVIDADE PARLAMENTAR";"0";"";"SANEPAR";"764.840.130/0014-5";"33990707/012026";"0";"2026-01-28T00:00:00";"96.73";"0";"96.73";"1";"2026";"0";"";"";"2215017";"";"";"";"3211";"8061202";"https://www.camara.leg.br/cota-parlamentar/documentos/publ/3211/2026/8061202.pdf"
"Dimas Fabiano";"03694339639";"160599";"231";"2023";"MG";"PP";"57";"122";"SERVIÇO DE TÁXI, PEDÁGIO E ESTACIONAMENTO";"0";"";"00SUL DE MINAS POUSO ALEGRE";"481.270.080/0014-0";"NNNTOLTJ82K2";"0";"2026-03-16T00:00:00";"10.1";"0";"10.1";"3";"2026";"0";"";"";"2223478";"";"";"";"2356";"8075779";"https://www.camara.leg.br/cota-parlamentar/documentos/publ/2356/2026/8075779.pdf"
"Duda Ramos";"00006304974";"220540";"3";"2023";"RR";"PODE";"57";"3";"COMBUSTÍVEIS E LUBRIFICANTES.";"1";"Veículos Automotores";"GOES COMBUSTIVEIS, LUBRIFICANTES E GLP LTDA";"054.543.900/0019-3";"3808";"4";"2026-02-04T00:00:00";"1927.66";"0";"1927.66";"1";"2026";"0";"";"";"2207728";"";"";"";"3648";"8048159";"https://www.camara.leg.br/cota-parlamentar/nota-fiscal-eletronica?ideDocumentoFiscal=8048159"
"Fabiano Cazeca";"27576965649";"234388";"628";"2023";"MG";"PRD";"57";"122";"SERVIÇO DE TÁXI, PEDÁGIO E ESTACIONAMENTO";"0";"";"UBER DO BRASIL TECNOLOGIA LTDA.";"178.956.460/0018-7";"s/n";"1";"2026-01-13T00:00:00";"12.94";"0";"12.94";"1";"2026";"0";"";"";"2202938";"";"";"";"3798";"8039822";"https://www.camara.leg.br/cota-parlamentar/documentos/publ/3798/2026/8039822.pdf"
"Leandre";"80635083949";"178832";"453";"2023";"PR";"PSD";"57";"122";"SERVIÇO DE TÁXI, PEDÁGIO E ESTACIONAMENTO";"0";"";"EPR IGUACU S.A.";"580.560.460/0010-2";"T2HEG15J82MM";"1";"2026-07-10T00:00:00";"16.1";"0";"16.1";"7";"2026";"0";"";"";"2252353";"";"";"";"3044";"8131610";"https://www.camara.leg.br/cota-parlamentar/documentos/publ/3044/2026/8131610.pdf"
"Guilherme Uchoa";"65280849472";"220664";"149";"2023";"PE";"PSD";"57";"3";"COMBUSTÍVEIS E LUBRIFICANTES.";"1";"Veículos Automotores";"POSTO CAPRI COMERCIO DE PETROLEO LTDA";"077.332.000/0028-3";"117450";"4";"2026-06-04T17:36:27";"100";"0";"100";"6";"2026";"0";"";"";"2242878";"";"";"";"3691";"8112600";"https://www.camara.leg.br/cota-parlamentar/nota-fiscal-eletronica?ideDocumentoFiscal=8112600"
"Fernando Rodolfo";"04445225495";"204427";"147";"2023";"PE";"PRD";"57";"3";"COMBUSTÍVEIS E LUBRIFICANTES.";"1";"Veículos Automotores";"CJCM PETROLEO LTDA";"139.017.900/0063-2";"43653";"4";"2026-06-03T00:00:00";"50";"0";"50";"6";"2026";"0";"";"";"2242566";"";"";"";"3243";"8111966";"https://www.camara.leg.br/cota-parlamentar/nota-fiscal-eletronica?ideDocumentoFiscal=8111966"
"Coronel Assis";"68902417115";"220594";"405";"2023";"MT";"PL";"57";"3";"COMBUSTÍVEIS E LUBRIFICANTES.";"1";"Veículos Automotores";"Posto Bela Vista";"023.509.200/0032-7";"135644";"0";"2026-04-27T00:00:00";"262.27";"0";"262.27";"4";"2026";"0";"";"";"2242176";"";"";"";"3544";"8111259";"https://www.camara.leg.br/cota-parlamentar/documentos/publ/3544/2026/8111259.pdf"
"Thiago Flores";"21933933895";"220597";"51";"2023";"RO";"UNIÃO";"57";"120";"LOCAÇÃO OU FRETAMENTO DE VEÍCULOS AUTOMOTORES";"0";"";"SETH COMÉRCIO CONSTRUÇÕES LOCAÇÕES E SERVIÇOS LTDA";"331.340.120/0016-8";"000026";"1";"2026-01-31T00:00:00";"14000";"0";"14000";"1";"2026";"0";"";"";"2209422";"";"";"";"3574";"8051062";"https://www.camara.leg.br/cota-parlamentar/documentos/publ/3574/2026/8051062.pdf"
"Zé Vitor";"07284044608";"204517";"266";"2023";"MG";"PL";"57";"5";"DIVULGAÇÃO DA ATIVIDADE PARLAMENTAR.";"0";"";"REGIONALZÃO NOTICIAS, CONSULTORIAS E PESQUISA LTDA";"454.993.760/0012-0";"108";"0";"2026-04-09T00:00:00";"1000";"0";"1000";"4";"2026";"0";"";"";"2239642";"";"";"";"3279";"8106661";"https://www.camara.leg.br/cota-parlamentar/documentos/publ/3279/2026/8106661.pdf"
"Roberta Roma";"94604690510";"220693";"216";"2023";"BA";"PL";"57";"3";"COMBUSTÍVEIS E LUBRIFICANTES.";"1";"Veículos Automotores";"AUTO POSTO 306 NORTE LTDA";"223.988.180/0014-7";"536089";"4";"2026-05-20T00:00:00";"200";"0";"200";"5";"2026";"0";"";"";"2249343";"";"";"";"3526";"8125620";"https://www.camara.leg.br/cota-parlamentar/nota-fiscal-eletronica?ideDocumentoFiscal=8125620"
"Beto Preto";"57382050904";"220698";"442";"2023";"PR";"PSD";"57";"3";"COMBUSTÍVEIS E LUBRIFICANTES.";"1";"Veículos Automotores";"Auto Posto Catuai Ltda";"079.007.420/0011-2";"269166";"4";"2026-05-16T00:00:00";"308.21";"0";"308.21";"5";"2026";"0";"";"";"2236739";"";"";"";"3550";"8100876";"https://www.camara.leg.br/cota-parlamentar/nota-fiscal-eletronica?ideDocumentoFiscal=8100876"
"Tadeu Veneri";"18438660991";"220682";"463";"2023";"PR";"PT";"57";"14";"HOSPEDAGEM ,EXCETO DO PARLAMENTAR NO DISTRITO FEDERAL.";"0";"";"DVS HOTEL LTDA";"086.335.830/0010-8";"102196";"0";"2026-04-24T00:00:00";"229";"0";"229";"4";"2026";"0";"";"";"2246828";"";"";"";"3693";"8120487";"https://www.camara.leg.br/cota-parlamentar/documentos/publ/3693/2026/8120487.pdf"
"Delegada Ione";"94621632604";"220625";"236";"2023";"MG";"PL";"57";"3";"COMBUSTÍVEIS E LUBRIFICANTES.";"1";"Veículos Automotores";"POSTO SÃO JOSÉ LTDA";"215.792.550/0012-0";"568628";"0";"2026-06-18T00:00:00";"292.7";"0";"292.7";"6";"2026";"0";"";"";"2246189";"";"";"";"3689";"8119087";"https://www.camara.leg.br/cota-parlamentar/documentos/publ/3689/2026/8119087.pdf"
"Erika Hilton";"39756493801";"220645";"354";"2023";"SP";"PSOL";"57";"3";"COMBUSTÍVEIS E LUBRIFICANTES.";"1";"Veículos Automotores";"POSTO SAO MARTINHO LTDA";"609.964.360/0010-4";"36928";"0";"2026-06-13T00:00:00";"192.09";"0";"192.09";"6";"2026";"0";"";"";"2245679";"";"";"";"3563";"8118036";"https://www.camara.leg.br/cota-parlamentar/documentos/publ/3563/2026/8118036.pdf"
"Lucas Redecker";"71471278115";"204404";"501";"2023";"RS";"PSD";"57";"122";"SERVIÇO DE TÁXI, PEDÁGIO E ESTACIONAMENTO";"0";"";"JULIUS HOFFMANN ESTACIONAMENTO";"088.296.860/0013-0";"55478";"0";"2026-05-01T00:00:00";"230";"0";"230";"5";"2026";"0";"";"";"2237614";"";"";"";"3325";"8102723";"https://www.camara.leg.br/cota-parlamentar/documentos/publ/3325/2026/8102723.pdf"
"Carlos Veras";"03987461411";"204426";"142";"2023";"PE";"PT";"57";"14";"HOSPEDAGEM ,EXCETO DO PARLAMENTAR NO DISTRITO FEDERAL.";"0";"";"FELIX MATHEUS SOUZA SILVA";"381.902.960/0012-3";"3383";"0";"2026-07-14T00:00:00";"160";"0";"160";"7";"2026";"0";"";"";"2252525";"";"";"";"3234";"8131968";"https://www.camara.leg.br/cota-parlamentar/documentos/publ/3234/2026/8131968.pdf"
"Fábio Teruel";"10104866837";"220653";"357";"2023";"SP";"MDB";"57";"3";"COMBUSTÍVEIS E LUBRIFICANTES.";"1";"Veículos Automotores";"AUTO POSTO 302 SUL LTDA";"306.427.010/0019-5";"825784";"4";"2026-06-08T00:00:00";"250.07";"0";"250.07";"6";"2026";"0";"";"";"2244434";"";"";"";"3612";"8115487";"https://www.camara.leg.br/cota-parlamentar/nota-fiscal-eletronica?ideDocumentoFiscal=8115487"
"Dani Cunha";"05469169707";"220603";"293";"2023";"RJ";"PL";"57";"3";"COMBUSTÍVEIS E LUBRIFICANTES.";"1";"Veículos Automotores";"AUTO POSTO CRUZADA PENINSULA LTDA.";"473.082.530/0019-0";"64778";"4";"2026-03-27T12:55:24";"355.68";"0";"355.68";"3";"2026";"0";"";"";"2222922";"";"";"";"3523";"8075712";"https://www.camara.leg.br/cota-parlamentar/nota-fiscal-eletronica?ideDocumentoFiscal=8075712"
"Paulo Abi-Ackel";"30825628172";"141516";"263";"2023";"MG";"PSDB";"57";"3";"COMBUSTÍVEIS E LUBRIFICANTES.";"1";"Veículos Automotores";"posto helcar ltda";"173.610.720/0016-7";"30817";"0";"2026-02-19T00:00:00";"213.51";"0";"213.51";"2";"2026";"0";"";"";"2211597";"";"";"";"1904";"8055167";"https://www.camara.leg.br/cota-parlamentar/documentos/publ/1904/2026/8055167.pdf"
"Nikolas Ferreira";"11701442680";"209787";"257";"2023";"MG";"PL";"57";"1";"MANUTENÇÃO DE ESCRITÓRIO DE APOIO À ATIVIDADE PARLAMENTAR";"0";"";"MONAGHAN EMPREENDIMENTOS IMOBILIARIOS";"322.954.650/0010-3";"122";"1";"2026-01-22T00:00:00";"6300";"0";"6300";"1";"2026";"0";"";"";"2207343";"";"";"";"3605";"8047544";"https://www.camara.leg.br/cota-parlamentar/documentos/publ/3605/2026/8047544.pdf"
"Osmar Terra";"19971478072";"73692";"497";"2023";"RS";"PL";"57";"3";"COMBUSTÍVEIS E LUBRIFICANTES.";"1";"Veículos Automotores";"ABAST DE COMB MIRELA LTDA";"415.157.830/0012-3";"546953";"4";"2026-05-09T21:47:14";"270.57";"0";"270.57";"5";"2026";"0";"";"";"2234446";"";"";"";"1514";"8096380";"https://www.camara.leg.br/cota-parlamentar/nota-fiscal-eletronica?ideDocumentoFiscal=8096380"
"Arlindo Chinaglia";"06821146187";"73433";"336";"2023";"SP";"PT";"57";"10";"TELEFONIA";"0";"";"Telefônica Brasil S.A. VIVO";"025.581.570/0016-2";"002638782";"0";"2026-01-04T00:00:00";"959.05";"19.06";"939.99";"1";"2026";"0";"";"";"2203198";"";"";"";"974";"8039550";""
"Dr. Fernando Máximo";"86309439120";"220610";"47";"2023";"RO";"PL";"57";"5";"DIVULGAÇÃO DA ATIVIDADE PARLAMENTAR.";"0";"";"CONQUISTA COMERCIO DE DERIVADOS DE PETROLEO LTDA";"177.072.720/0012-9";"90578";"4";"2026-05-11T00:00:00";"230.67";"0";"230.67";"5";"2026";"0";"";"";"2240133";"";"";"";"3534";"8107487";"https://www.camara.leg.br/cota-parlamentar/nota-fiscal-eletronica?ideDocumentoFiscal=8107487"
"Denise Pessôa";"81193157072";"220553";"509";"2023";"RS";"PT";"57";"14";"HOSPEDAGEM ,EXCETO DO PARLAMENTAR NO DISTRITO FEDERAL.";"0";"";"DAGOMAR DA SILVA NUNES";"292.562.090/0010-0";"389";"0";"2026-08-06T00:00:00";"180";"0";"180";"7";"2026";"0";"";"";"2257723";"";"";"";"3677";"8142777";"https://www.camara.leg.br/cota-parlamentar/documentos/publ/3677/2026/8142777.pdf"
"Delegado Matheus Laiola";"22651912808";"220701";"445";"2023";"PR";"UNIÃO";"57";"3";"COMBUSTÍVEIS E LUBRIFICANTES.";"1";"Veículos Automotores";"JP DE CARVALHO DERIVADOS DE PETROLEO LTDA";"108.580.490/0013-3";"437148";"4";"2026-04-24T00:00:00";"200";"0";"200";"4";"2026";"0";"";"";"2229799";"";"";"";"3599";"8088201";"https://www.camara.leg.br/cota-parlamentar/nota-fiscal-eletronica?ideDocumentoFiscal=8088201"
"Juarez Costa";"47843080910";"204474";"401";"2023";"MT";"REPUBLICANOS";"57";"5";"DIVULGAÇÃO DA ATIVIDADE PARLAMENTAR.";"0";"";"MB Prodruções";"142.002.390/0011-0";"2600000000010";"0";"2026-06-03T00:00:00";"18000";"0";"18000";"5";"2026";"0";"";"";"2242116";"";"";"";"3237";"8111176";"https://www.camara.leg.br/cota-parlamentar/documentos/publ/3237/2026/8111176.pdf"
"Tarcísio Motta";"02045962709";"220598";"326";"2023";"RJ";"PSOL";"57";"1";"MANUTENÇÃO DE ESCRITÓRIO DE APOIO À ATIVIDADE PARLAMENTAR";"0";"";"LIGHT SERVICOS DE ELETRICIDADE S A";"604.444.370/0014-6";"80684237";"0";"2026-06-24T00:00:00";"136.57";"0";"136.57";"6";"2026";"0";"";"";"2259614";"";"";"";"3697";"8146356";"https://www.camara.leg.br/cota-parlamentar/documentos/publ/3697/2026/8146356.pdf"
"Dr Flávio";"03258195722";"227991";"580";"2023";"RJ";"PL";"57";"3";"COMBUSTÍVEIS E LUBRIFICANTES.";"1";"Veículos Automotores";"POSTO LAGEENSE RJ 127 LTDA.";"039.509.210/0010-3";"410305";"4";"2026-06-10T00:00:00";"329.7";"0";"329.7";"6";"2026";"0";"";"";"2243875";"";"";"";"3765";"8114455";"https://www.camara.leg.br/cota-parlamentar/nota-fiscal-eletronica?ideDocumentoFiscal=8114455"
"Silvio Antonio";"40450619320";"227310";"563";"2023";"MA";"PL";"57";"3";"COMBUSTÍVEIS E LUBRIFICANTES.";"1";"Veículos Automotores";"AUTO POSTO CONCORDE LTDA";"288.682.640/0018-0";"46756";"4";"2026-05-21T00:00:00";"54.6";"0";"54.6";"5";"2026";"0";"";"";"2240917";"";"";"";"3750";"8109085";"https://www.camara.leg.br/cota-parlamentar/nota-fiscal-eletronica?ideDocumentoFiscal=8109085"
"Lucas Redecker";"71471278115";"204404";"501";"2023";"RS";"PSD";"57";"3";"COMBUSTÍVEIS E LUBRIFICANTES.";"1";"Veículos Automotores";"POSTO DE COMBUSTIVEIS 208 SUL LTDA";"204.739.430/0014-9";"2439";"4";"2026-05-19T00:00:00";"294.35";"0";"294.35";"5";"2026";"0";"";"";"2237206";"";"";"";"3325";"8102043";"https://www.camara.leg.br/cota-parlamentar/nota-fiscal-eletronica?ideDocumentoFiscal=8102043"
"Vander Loubet";"32247753191";"74376";"438";"2023";"MS";"PT";"57";"3";"COMBUSTÍVEIS E LUBRIFICANTES.";"1";"Veículos Automotores";"AUTO POSTO CAIOBA LTDA";"331.307.570/0015-9";"268749";"4";"2026-03-12T00:00:00";"259.76";"0";"259.76";"3";"2026";"0";"";"";"2218425";"";"";"";"1697";"8067198";"https://www.camara.leg.br/cota-parlamentar/nota-fiscal-eletronica?ideDocumentoFiscal=8067198"
"Fernando Mineiro";"17003440482";"204445";"119";"2023";"RN";"PT";"57";"1";"MANUTENÇÃO DE ESCRITÓRIO DE APOIO À ATIVIDADE PARLAMENTAR";"0";"";"RCE INTELIGENCIA IMOBILIARIA EIRELI";"299.353.570/0014-3";"913282";"1";"2026-04-16T00:00:00";"1390.43";"0";"1390.43";"3";"2026";"0";"";"";"2232394";"";"";"";"3700";"8093188";"https://www.camara.leg.br/cota-parlamentar/documentos/publ/3700/2026/8093188.pdf"
"Zé Neto";"38247186500";"204559";"217";"2023";"BA";"PT";"57";"10";"TELEFONIA";"0";"";"Claro NXT Telecomunicações S.A";"669.702.290/2639-5";"0010460094";"0";"2026-04-18T00:00:00";"262.24";"0";"262.24";"4";"2026";"0";"";"";"2242802";"";"";"";"3261";"8112452";""
"Célia Xakriabá";"10312520611";"206018";"230";"2023";"MG";"PSOL";"57";"122";"SERVIÇO DE TÁXI, PEDÁGIO E ESTACIONAMENTO";"0";"";"99 TECNOLOGIA LTDA";"180.335.520/0016-1";"S/N";"1";"2026-07-19T00:00:00";"18.6";"0";"18.6";"7";"2026";"0";"";"";"2255509";"";"";"";"3609";"8138057";"https://www.camara.leg.br/cota-parlamentar/documentos/publ/3609/2026/8138057.pdf"
"Rosana Valle";"10851776884";"204525";"388";"2023";"SP";"PL";"57";"1";"MANUTENÇÃO DE ESCRITÓRIO DE APOIO À ATIVIDADE PARLAMENTAR";"0";"";"COMPANHIA PIRATININGA DE FORCA E LUZ";"041.722.130/0015-1";"016100233";"0";"2026-05-26T00:00:00";"555.12";"0";"555.12";"5";"2026";"0";"";"";"2241750";"";"";"";"3281";"8110468";"https://www.camara.leg.br/cota-parlamentar/documentos/publ/3281/2026/8110468.pdf"
"Nicoletti";"99445700015";"204479";"6";"2023";"RR";"PL";"57";"1";"MANUTENÇÃO DE ESCRITÓRIO DE APOIO À ATIVIDADE PARLAMENTAR";"0";"";"DNL SERVICOS LTDA";"474.764.280/0017-9";"00034";"1";"2026-08-24T00:00:00";"3900";"0";"3900";"8";"2026";"0";"";"";"2262680";"";"";"";"3297";"8152286";"https://www.camara.leg.br/cota-parlamentar/documentos/publ/3297/2026/8152286.pdf"
"Danilo Forte";"12133728368";"62881";"91";"2023";"CE";"PP";"57";"14";"HOSPEDAGEM ,EXCETO DO PARLAMENTAR NO DISTRITO FEDERAL.";"0";"";"Imperial Hotel e Turismo Ltda";"082.507.840/0011-8";"20354";"0";"2026-04-19T00:00:00";"594";"0";"594";"4";"2026";"0";"";"";"2231520";"";"";"";"2227";"8087000";"https://www.camara.leg.br/cota-parlamentar/documentos/publ/2227/2026/8087000.pdf"
"Baleia Rossi";"17816724829";"178975";"342";"2023";"SP";"MDB";"57";"1";"MANUTENÇÃO DE ESCRITÓRIO DE APOIO À ATIVIDADE PARLAMENTAR";"0";"";"SECRETARIA DE AGUA E ESGOTO DE RIBEIRAO PRETO";"451.981.090/0011-3";"154903";"0";"2026-05-08T00:00:00";"85.4";"0";"85.4";"5";"2026";"0";"";"";"2252564";"";"";"";"3021";"8132028";"https://www.camara.leg.br/cota-parlamentar/documentos/publ/3021/2026/8132028.pdf"
"Domingos Sávio";"22275150668";"160758";"233";"2023";"MG";"PL";"57";"14";"HOSPEDAGEM ,EXCETO DO PARLAMENTAR NO DISTRITO FEDERAL.";"0";"";"VILA GALE BRASIL - ATIVIDADES HOTELEIRAS LTDA";"040.271.020/0120-4";"5466";"0";"2026-06-12T00:00:00";"900";"0";"900";"6";"2026";"0";"";"";"2246084";"";"";"";"2235";"8118800";"https://www.camara.leg.br/cota-parlamentar/documentos/publ/2235/2026/8118800.pdf"
"Márcio Biolchi";"80686958004";"179001";"515";"2023";"RS";"MDB";"57";"13";"FORNECIMENTO DE ALIMENTAÇÃO DO PARLAMENTAR";"0";"";"LORENZU S GALETERIA LTDA";"174.899.890/0014-1";"94220";"4";"2026-06-26T00:00:00";"170";"0";"170";"6";"2026";"0";"";"";"2248247";"";"";"";"3086";"8123451";"https://www.camara.leg.br/cota-parlamentar/nota-fiscal-eletronica?ideDocumentoFiscal=8123451"
"Doutor Luizinho";"02319953779";"204450";"298";"2023";"RJ";"PP";"57";"3";"COMBUSTÍVEIS E LUBRIFICANTES.";"1";"Veículos Automotores";"AUTO POSTO TOP GLORIA LTDA.";"124.551.900/0011-0";"10015";"4";"2026-06-22T00:00:00";"400";"0";"400";"6";"2026";"0";"";"";"2246880";"";"";"";"3254";"8120603";"https://www.camara.leg.br/cota-parlamentar/nota-fiscal-eletronica?ideDocumentoFiscal=8120603"
"Messias Donato";"04365812726";"220530";"283";"2023";"ES";"UNIÃO";"57";"1";"MANUTENÇÃO DE ESCRITÓRIO DE APOIO À ATIVIDADE PARLAMENTAR";"0";"";"EDP ESPIRITO SANTO DISTRIBUICAO DE ENERGIA S.A.";"281.526.500/0017-1";"052518848";"0";"2026-04-07T00:00:00";"302.95";"5.28";"297.67";"4";"2026";"0";"";"";"2247639";"";"";"";"3631";"8121962";"https://www.camara.leg.br/cota-parlamentar/documentos/publ/3631/2026/8121962.pdf"
"Bruno Ganem";"35205827831";"220635";"340";"2023";"SP";"PODE";"57";"1";"MANUTENÇÃO DE ESCRITÓRIO DE APOIO À ATIVIDADE PARLAMENTAR";"0";"";"JB2 COMÉRCIO E SERVIÇOS DE LIMPEZA LTDA";"191.763.340/0014-9";"13";"0";"2026-02-27T00:00:00";"1343.04";"0";"1343.04";"2";"2026";"0";"";"";"2217748";"";"";"";"3707";"8065938";"https://www.camara.leg.br/cota-parlamentar/documentos/publ/3707/2026/8065938.pdf"
"Pedro Westphalen";"20040954072";"204406";"514";"2023";"RS";"PP";"57";"5";"DIVULGAÇÃO DA ATIVIDADE PARLAMENTAR.";"0";"";"Grafica e Editora Minuano";"949.629.900/0019-2";"1279";"0";"2026-03-09T00:00:00";"275";"0";"275";"2";"2026";"0";"";"";"2215942";"";"";"";"3280";"8062834";"https://www.camara.leg.br/cota-parlamentar/documentos/publ/3280/2026/8062834.pdf"
"Eros Biondini";"84470666653";"160640";"242";"2023";"MG";"PL";"57";"3";"COMBUSTÍVEIS E LUBRIFICANTES.";"1";"Veículos Automotores";"DUODRIVE COMÉRCIO DE COMBUSTÍVEIS LTDA";"411.475.490/0019-0";"1597161";"0";"2026-05-03T00:00:00";"234.13";"0";"234.13";"5";"2026";"0";"";"";"2232653";"";"";"";"2385";"8093611";"https://www.camara.leg.br/cota-parlamentar/documentos/publ/2385/2026/8093611.pdf"
"Roberta Roma";"94604690510";"220693";"216";"2023";"BA";"PL";"57";"3";"COMBUSTÍVEIS E LUBRIFICANTES.";"1";"Veículos Automotores";"RODRIGUES TORRES COMERCIO E DERIVADOS DE PETROLEO LTDA";"734.136.010/0044-2";"384674";"4";"2026-02-10T00:00:00";"442.37";"0";"442.37";"2";"2026";"0";"";"";"2214447";"";"";"";"3526";"8060213";"https://www.camara.leg.br/cota-parlamentar/nota-fiscal-eletronica?ideDocumentoFiscal=8060213"
"Clarissa Tércio";"05967751483";"220665";"140";"2023";"PE";"PP";"57";"120";"LOCAÇÃO OU FRETAMENTO DE VEÍCULOS AUTOMOTORES";"0";"";"HPE LOCADORA DE VEICULOS LTDA";"460.540.090/0026-7";"04/22782";"1";"2026-09-09T00:00:00";"6010";"0";"6010";"8";"2026";"0";"";"";"2264629";"";"";"";"3524";"8155954";"https://www.camara.leg.br/cota-parlamentar/documentos/publ/3524/2026/8155954.pdf"
"Nicoletti";"99445700015";"204479";"6";"2023";"RR";"PL";"57";"3";"COMBUSTÍVEIS E LUBRIFICANTES.";"1";"Veículos Automotores";"AUTO POSTO PENELOPE LTDA";"610.435.980/0019-0";"905";"4";"2026-09-02T00:00:00";"200";"0";"200";"9";"2026";"0";"";"";"2264192";"";"";"";"3297";"8155159";"https://www.camara.leg.br/cota-parlamentar/nota-fiscal-eletronica?ideDocumentoFiscal=8155159"
"Baleia Rossi";"17816724829";"178975";"342";"2023";"SP";"MDB";"57";"1";"MANUTENÇÃO DE ESCRITÓRIO DE APOIO À ATIVIDADE PARLAMENTAR";"0";"";"COMPANHIA PAULISTA DE FORCA E LUZ";"330.501.960/0018-8";"044807819";"0";"2026-06-16T00:00:00";"358.29";"17.52";"340.77";"6";"2026";"0";"";"";"2257398";"";"";"";"3021";"8142088";"https://www.camara.leg.br/cota-parlamentar/documentos/publ/3021/2026/8142088.pdf"
"Rafael Fera";"99668432215";"233594";"619";"2023";"RO";"PODE";"57";"3";"COMBUSTÍVEIS E LUBRIFICANTES.";"1";"Veículos Automotores";"RIBEIRO COMERCIO DE DERIVADOS DE PETROLEO LTDA";"502.891.940/0016-5";"49003";"4";"2026-02-11T00:00:00";"100";"0";"100";"2";"2026";"0";"";"";"2209351";"";"";"";"3794";"8050941";"https://www.camara.leg.br/cota-parlamentar/nota-fiscal-eletronica?ideDocumentoFiscal=8050941"
"Pedro Lucas Fernandes";"82994684349";"122974";"85";"2023";"MA";"UNIÃO";"57";"5";"DIVULGAÇÃO DA ATIVIDADE PARLAMENTAR.";"0";"";"ROGERIO PEREIRA DA SILVA";"224.289.820/0015-0";"38";"0";"2026-02-04T00:00:00";"1500";"0";"1500";"1";"2026";"0";"";"";"2209153";"";"";"";"3199";"8050653";"https://www.camara.leg.br/cota-parlamentar/documentos/publ/3199/2026/8050653.pdf"
"Tarcísio Motta";"02045962709";"220598";"326";"2023";"RJ";"PSOL";"57";"3";"COMBUSTÍVEIS E LUBRIFICANTES.";"1";"Veículos Automotores";"POSTO DE SERVICOS KIM LTDA";"423.796.360/0013-6";"80829";"4";"2026-04-15T00:00:00";"200";"0";"200";"4";"2026";"0";"";"";"2229544";"";"";"";"3697";"8087703";"https://www.camara.leg.br/cota-parlamentar/nota-fiscal-eletronica?ideDocumentoFiscal=8087703"
"Bruno Farias";"05759623648";"210989";"226";"2023";"MG";"REPUBLICANOS";"57";"3";"COMBUSTÍVEIS E LUBRIFICANTES.";"1";"Veículos Automotores";"POSTO TEIMOZÃO";"212.498.750/0010-0";"845778";"0";"2026-04-10T00:00:00";"238.65";"0";"238.65";"4";"2026";"0";"";"";"2231495";"";"";"";"3624";"8091628";"https://www.camara.leg.br/cota-parlamentar/documentos/publ/3624/2026/8091628.pdf"
"Antônio Doido";"90184556520";"220675";"20";"2023";"PA";"MDB";"57";"3";"COMBUSTÍVEIS E LUBRIFICANTES.";"1";"Veículos Automotores";"AUTO POSTO CINCO ESTRELAS LTDA";"006.924.180/0070-0";"1115927";"4";"2026-03-02T15:21:02";"250.44";"0";"250.44";"3";"2026";"0";"";"";"2216849";"";"";"";"3532";"8064481";"https://www.camara.leg.br/cota-parlamentar/nota-fiscal-eletronica?ideDocumentoFiscal=8064481"
"Paulo Abi-Ackel";"30825628172";"141516";"263";"2023";"MG";"PSDB";"57";"122";"SERVIÇO DE TÁXI, PEDÁGIO E ESTACIONAMENTO";"0";"";"Concessionária de Rodovia Nova 381";"582.396.030/0012-0";"6389278";"0";"2026-03-28T00:00:00";"15.1";"0";"15.1";"3";"2026";"0";"";"";"2222955";"";"";"";"1904";"8075744";"https://www.camara.leg.br/cota-parlamentar/documentos/publ/1904/2026/8075744.pdf"
"Marcelo Nilo";"11875194568";"204558";"641";"2023";"BA";"REPUBLICANOS";"57";"3";"COMBUSTÍVEIS E LUBRIFICANTES.";"1";"Veículos Automotores";"POSTO TIGRAO COMERCIO DE COMBUSTIVEIS LTDA.";"580.336.830/0016-3";"4198";"4";"2026-08-22T00:00:00";"466.68";"0";"466.68";"8";"2026";"0";"";"";"2261813";"";"";"";"3275";"8150668";"https://www.camara.leg.br/cota-parlamentar/nota-fiscal-eletronica?ideDocumentoFiscal=8150668"
"Carlos Gomes";"02142743730";"178962";"492";"2023";"RS";"REPUBLICANOS";"57";"3";"COMBUSTÍVEIS E LUBRIFICANTES.";"1";"Veículos Automotores";"POSTO DE COMBUSTIVEIS DICO LTDA";"087.684.650/0010-7";"659566";"4";"2026-06-29T00:00:00";"340.01";"0";"340.01";"6";"2026";"0";"";"";"2251465";"";"";"";"2900";"8129860";"https://www.camara.leg.br/cota-parlamentar/nota-fiscal-eletronica?ideDocumentoFiscal=8129860"
"Afonso Motta";"10777296004";"178835";"490";"2023";"RS";"PDT";"57";"122";"SERVIÇO DE TÁXI, PEDÁGIO E ESTACIONAMENTO";"0";"";"CONC. RODOVIAS INTEGRADAS DO SUL";"321.615.000/0010-0";"INTEMB4B8289";"1";"2026-02-26T00:00:00";"5.5";"0";"5.5";"2";"2026";"0";"";"";"2212911";"";"";"";"2880";"8057546";"https://www.camara.leg.br/cota-parlamentar/documentos/publ/2880/2026/8057546.pdf"
"Osmar Terra";"19971478072";"73692";"497";"2023";"RS";"PL";"57";"10";"TELEFONIA";"0";"";"TELEFONICA BRASIL S.A.";"025.581.570/0016-2";"00000985516973";"0";"2026-06-27T00:00:00";"1412.95";"212.95";"1200";"6";"2026";"0";"";"";"2249087";"";"";"";"1514";"8125170";""
"General Pazuello";"73412503720";"220611";"299";"2023";"RJ";"PL";"57";"3";"COMBUSTÍVEIS E LUBRIFICANTES.";"1";"Veículos Automotores";"POSTO DE COMBUSTIVEL RANIA LTDA";"218.876.910/0040-0";"23575";"4";"2026-09-01T07:42:08";"270.8";"0";"270.8";"9";"2026";"0";"";"";"2263693";"";"";"";"3537";"8154228";"https://www.camara.leg.br/cota-parlamentar/nota-fiscal-eletronica?ideDocumentoFiscal=8154228"
"Coronel Ulysses";"40598560297";"220590";"53";"2023";"AC";"UNIÃO";"57";"1";"MANUTENÇÃO DE ESCRITÓRIO DE APOIO À ATIVIDADE PARLAMENTAR";"0";"";"ENERGISA ACRE - DISTRIBUIDORA DE ENERGIA S.A";"040.650.330/0017-0";"12598561";"0";"2026-06-18T00:00:00";"992.68";"0";"992.68";"6";"2026";"0";"";"";"2257430";"";"";"";"3662";"8142218";"https://www.camara.leg.br/cota-parlamentar/documentos/publ/3662/2026/8142218.pdf"
"Tadeu Veneri";"18438660991";"220682";"463";"2023";"PR";"PT";"57";"3";"COMBUSTÍVEIS E LUBRIFICANTES.";"1";"Veículos Automotores";"AUTO POSTO JATOBA LTDA";"190.176.240/0014-0";"1510356";"4";"2026-01-17T17:14:08";"100";"0";"100";"1";"2026";"0";"";"";"2210371";"";"";"";"3693";"8052850";"https://www.camara.leg.br/cota-parlamentar/nota-fiscal-eletronica?ideDocumentoFiscal=8052850"
"Denise Pessôa";"81193157072";"220553";"509";"2023";"RS";"PT";"57";"3";"COMBUSTÍVEIS E LUBRIFICANTES.";"1";"Veículos Automotores";"ABASTECEDORA GUADALUPE LTDA";"292.991.220/0010-2";"1127045";"4";"2026-02-20T00:00:00";"200";"0";"200";"2";"2026";"0";"";"";"2212254";"";"";"";"3677";"8056325";"https://www.camara.leg.br/cota-parlamentar/nota-fiscal-eletronica?ideDocumentoFiscal=8056325"
"Maria do Rosário";"48989371015";"74398";"508";"2023";"RS";"PT";"57";"122";"SERVIÇO DE TÁXI, PEDÁGIO E ESTACIONAMENTO";"0";"";"ECORODOVIAS CONCESSÕES E SERVIÇOS S.A";"088.738.730/0011-0";"S/N";"1";"2026-02-12T00:00:00";"19.6";"0";"19.6";"2";"2026";"0";"";"";"2212507";"";"";"";"1605";"8056636";"https://www.camara.leg.br/cota-parlamentar/documentos/publ/1605/2026/8056636.pdf"
"Eduardo Velloso";"00120712695";"220589";"54";"2023";"AC";"SOLIDARIEDADE";"57";"10";"TELEFONIA";"0";"";"CELULAR FUNCIONAL";"000.000.000/0000-1";"8134887";"0";"";"457.15";"0";"457.15";"3";"2026";"0";"";"";"0";"0";"";"";"3711";"0";""
"Arthur Lira";"67821090425";"160541";"162";"2023";"AL";"PP";"57";"120";"LOCAÇÃO OU FRETAMENTO DE VEÍCULOS AUTOMOTORES";"0";"";"OK LOCADORA DE VEÍCULOS LTDA - EPP";"071.730.270/0012-5";"15012";"1";"2026-04-08T00:00:00";"3000";"0";"3000";"3";"2026";"0";"";"";"2226329";"";"";"";"2377";"8081685";"https://www.camara.leg.br/cota-parlamentar/documentos/publ/2377/2026/8081685.pdf"
"Isnaldo Bulhões Jr.";"67766692449";"204436";"165";"2023";"AL";"MDB";"57";"3";"COMBUSTÍVEIS E LUBRIFICANTES.";"1";"Veículos Automotores";"AUTO POSTO MILLENIUM LTDA";"050.722.320/0017-9";"2461572";"4";"2026-08-07T10:17:25";"430.02";"0";"430.02";"8";"2026";"0";"";"";"2258564";"";"";"";"3371";"8144263";"https://www.camara.leg.br/cota-parlamentar/nota-fiscal-eletronica?ideDocumentoFiscal=8144263"
"Pedro Aihara";"08116672606";"220630";"258";"2023";"MG";"PP";"57";"10";"TELEFONIA";"0";"";"CELULAR FUNCIONAL";"000.000.000/0000-1";"8151526";"0";"";"116.56";"0";"116.56";"5";"2026";"0";"";"";"0";"0";"";"";"3614";"0";""
"Arthur Oliveira Maia";"32604637553";"160600";"192";"2023";"BA";"UNIÃO";"57";"14";"HOSPEDAGEM ,EXCETO DO PARLAMENTAR NO DISTRITO FEDERAL.";"0";"";"MARIA ISABEL MONTEIRO MAGNAVITA";"432.390.480/0016-0";"234";"0";"2026-03-11T00:00:00";"650";"0";"650";"3";"2026";"0";"";"";"2219079";"";"";"";"2225";"8068425";"https://www.camara.leg.br/cota-parlamentar/documentos/publ/2225/2026/8068425.pdf"
"Zé Neto";"38247186500";"204559";"217";"2023";"BA";"PT";"57";"1";"MANUTENÇÃO DE ESCRITÓRIO DE APOIO À ATIVIDADE PARLAMENTAR";"0";"";"STARLINK BRAZIL SERVICOS DE INTERNET LTDA.";"401.548.840/0015-3";"8586455";"0";"2026-07-02T00:00:00";"619";"0";"619";"7";"2026";"0";"";"";"2253856";"";"";"";"3261";"8134724";"https://www.camara.leg.br/cota-parlamentar/documentos/publ/3261/2026/8134724.pdf"
"Ricardo Abrão";"03028910721";"221329";"524";"2023";"RJ";"PSDB";"57";"3";"COMBUSTÍVEIS E LUBRIFICANTES.";"1";"Veículos Automotores";"AUTO POSTO MASP JARDIM LTDA";"284.550.800/0019-9";"402040";"4";"2026-06-22T00:00:00";"500.02";"0";"500.02";"6";"2026";"0";"";"";"2246923";"";"";"";"3714";"8120704";"https://www.camara.leg.br/cota-parlamentar/nota-fiscal-eletronica?ideDocumentoFiscal=8120704"
"Danrlei de Deus Hinterholz";"70157324087";"160552";"495";"2023";"RS";"PSD";"57";"3";"COMBUSTÍVEIS E LUBRIFICANTES.";"1";"Veículos Automotores";"AUTO POSTO JK LTDA";"034.822.080/0018-2";"21450";"4";"2026-04-10T00:00:00";"100";"0";"100";"4";"2026";"0";"";"";"2225594";"";"";"";"2242";"8080338";"https://www.camara.leg.br/cota-parlamentar/nota-fiscal-eletronica?ideDocumentoFiscal=8080338"
"Gabriel Nunes";"01082083542";"220708";"197";"2023";"BA";"PSD";"57";"3";"COMBUSTÍVEIS E LUBRIFICANTES.";"1";"Veículos Automotores";"BELIZE COMPANY AUTO POSTO LTDA.";"290.328.200/0014-7";"353360";"4";"2026-04-23T00:00:00";"186";"0";"186";"4";"2026";"0";"";"";"2230105";"";"";"";"3645";"8086718";"https://www.camara.leg.br/cota-parlamentar/nota-fiscal-eletronica?ideDocumentoFiscal=8086718"
"Aliel Machado";"06908052923";"178927";"441";"2023";"PR";"PV";"57";"3";"COMBUSTÍVEIS E LUBRIFICANTES.";"1";"Veículos Automotores";"053 - G PARK - CASCOL COMBUSTIVEIS PARA VEICULOS LTDA";"003.065.970/0532-8";"1148644";"4";"2026-02-02T00:00:00";"129.5";"0";"129.5";"2";"2026";"0";"";"";"2206472";"";"";"";"2915";"8044890";"https://www.camara.leg.br/cota-parlamentar/nota-fiscal-eletronica?ideDocumentoFiscal=8044890"
"Ismael";"51371944920";"98615";"478";"2023";"SC";"PL";"57";"3";"COMBUSTÍVEIS E LUBRIFICANTES.";"1";"Veículos Automotores";"COOPERATIVA DE TRANSPORTES DE CARGAS DA FRONTEIRA SUL";"210.377.460/0014-0";"212854";"4";"2026-03-13T10:32:34";"225.1";"0";"225.1";"3";"2026";"0";"";"";"2217850";"";"";"";"3703";"8066186";"https://www.camara.leg.br/cota-parlamentar/nota-fiscal-eletronica?ideDocumentoFiscal=8066186"
"Allan Garcês";"29222001249";"226708";"557";"2023";"MA";"PP";"57";"3";"COMBUSTÍVEIS E LUBRIFICANTES.";"1";"Veículos Automotores";"L S COMERCIO E SERVICOS LTDA - POSTO NATUREZA LAGOA";"121.257.910/0059-9";"87759";"4";"2026-02-01T14:28:44";"100";"0";"100";"2";"2026";"0";"";"";"2206595";"";"";"";"3747";"8046292";"https://www.camara.leg.br/cota-parlamentar/nota-fiscal-eletronica?ideDocumentoFiscal=8046292"
"Arthur Oliveira Maia";"32604637553";"160600";"192";"2023";"BA";"UNIÃO";"57";"14";"HOSPEDAGEM ,EXCETO DO PARLAMENTAR NO DISTRITO FEDERAL.";"0";"";"ARRAIAL CANA BRAVA HOTEL LTDA";"337.953.030/0036-9";"20261638";"0";"2026-06-07T00:00:00";"370";"0";"370";"6";"2026";"0";"";"";"2242709";"";"";"";"2225";"8112256";"https://www.camara.leg.br/cota-parlamentar/documentos/publ/2225/2026/8112256.pdf"
"Antonio Andrade";"16618688191";"220544";"62";"2023";"TO";"PSDB";"57";"3";"COMBUSTÍVEIS E LUBRIFICANTES.";"1";"Veículos Automotores";"072 - 403 SUL - CASCOL COMBUSTIVEIS PARA VEICULOS LTDA";"003.065.970/0729-0";"678954";"4";"2026-03-04T11:48:08";"259.12";"0";"259.12";"3";"2026";"0";"";"";"2215672";"";"";"";"3709";"8060764";"https://www.camara.leg.br/cota-parlamentar/nota-fiscal-eletronica?ideDocumentoFiscal=8060764"
"Bohn Gass";"12558206249";"160538";"499";"2023";"RS";"PT";"57";"13";"FORNECIMENTO DE ALIMENTAÇÃO DO PARLAMENTAR";"0";"";"VITATIVA RESTAURANTE LTDA";"401.337.030/0010-2";"455";"4";"2026-07-09T00:00:00";"21.23";"0";"21.23";"7";"2026";"0";"";"";"2259039";"";"";"";"2405";"8145184";"https://www.camara.leg.br/cota-parlamentar/nota-fiscal-eletronica?ideDocumentoFiscal=8145184"
"Prof. Reginaldo Veras";"63501015100";"220533";"414";"2023";"DF";"PV";"57";"3";"COMBUSTÍVEIS E LUBRIFICANTES.";"1";"Veículos Automotores";"REDE QUALITY COMERCIO DE COMBUSTIVEIS LTDA";"369.003.910/0057-1";"100859";"4";"2026-04-08T00:00:00";"275.3";"0";"275.3";"4";"2026";"0";"";"";"2228933";"";"";"";"3667";"8086500";"https://www.camara.leg.br/cota-parlamentar/nota-fiscal-eletronica?ideDocumentoFiscal=8086500"
"Maria Rosas";"61433934787";"204540";"374";"2023";"SP";"REPUBLICANOS";"57";"3";"COMBUSTÍVEIS E LUBRIFICANTES.";"1";"Veículos Automotores";"COMERCIO VAREJISTA DE COMBUSTIVEIS M.R.J.P LTDA";"213.016.220/0012-0";"90422";"0";"2026-07-08T00:00:00";"200";"0";"200";"7";"2026";"0";"";"";"2253305";"";"";"";"3360";"8133538";"https://www.camara.leg.br/cota-parlamentar/documentos/publ/3360/2026/8133538.pdf"
"Jorge Solla";"19530773587";"178857";"204";"2023";"BA";"PT";"57";"3";"COMBUSTÍVEIS E LUBRIFICANTES.";"1";"Veículos Automotores";"MP COMERCIO DE COMBUSTIVEIS LTDA";"091.499.360/0031-5";"290095";"4";"2026-01-03T00:00:00";"200";"0";"200";"1";"2026";"0";"";"";"2204637";"";"";"";"2938";"8042419";"https://www.camara.leg.br/cota-parlamentar/nota-fiscal-eletronica?ideDocumentoFiscal=8042419"
"Igor Timo";"01374904619";"204508";"255";"2023";"MG";"UNIÃO";"57";"14";"HOSPEDAGEM ,EXCETO DO PARLAMENTAR NO DISTRITO FEDERAL.";"0";"";"EMPREENDIMENTO HOTELEIRO TRES GS LTDA";"193.140.010/0013-9";"1782";"0";"2026-08-30T00:00:00";"240";"0";"240";"8";"2026";"0";"";"";"2263495";"";"";"";"3223";"8153807";"https://www.camara.leg.br/cota-parlamentar/documentos/publ/3223/2026/8153807.pdf"
"Benedita da Silva";"36293334787";"73701";"291";"2023";"RJ";"PT";"57";"3";"COMBUSTÍVEIS E LUBRIFICANTES.";"1";"Veículos Automotores";"POSTO DE GASOLINA AVENIDA LIMITADA";"340.325.320/0012-2";"348027";"4";"2026-03-07T19:42:35";"219.39";"0";"219.39";"3";"2026";"0";"";"";"2216861";"";"";"";"188";"8064490";"https://www.camara.leg.br/cota-parlamentar/nota-fiscal-eletronica?ideDocumentoFiscal=8064490"
"Maria Rosas";"61433934787";"204540";"374";"2023";"SP";"REPUBLICANOS";"57";"14";"HOSPEDAGEM ,EXCETO DO PARLAMENTAR NO DISTRITO FEDERAL.";"0";"";"IPS EMPREENDIMENTOS S/A";"031.403.670/0028-0";"174794";"0";"2026-07-24T00:00:00";"267.75";"0";"267.75";"7";"2026";"0";"";"";"2255292";"";"";"";"3360";"8137466";"https://www.camara.leg.br/cota-parlamentar/documentos/publ/3360/2026/8137466.pdf"
"Dr. Luiz Ovando";"05134552134";"204351";"435";"2023";"MS";"PP";"57";"1";"MANUTENÇÃO DE ESCRITÓRIO DE APOIO À ATIVIDADE PARLAMENTAR";"0";"";"AGUAS GUARIROBA SA";"040.895.700/0015-0";"447917";"0";"2026-06-03T00:00:00";"218.64";"0";"218.64";"6";"2026";"0";"";"";"2254058";"";"";"";"3393";"8133649";"https://www.camara.leg.br/cota-parlamentar/documentos/publ/3393/2026/8133649.pdf"
"Flávia Morais";"54779537134";"160598";"422";"2023";"GO";"MDB";"57";"3";"COMBUSTÍVEIS E LUBRIFICANTES.";"1";"Veículos Automotores";"NIQUELANDIA AUTO POSTO LTDA";"001.448.080/0014-2";"164560";"0";"2026-02-09T00:00:00";"352.15";"0";"352.15";"2";"2026";"0";"";"";"2217423";"";"";"";"2229";"8065371";"https://www.camara.leg.br/cota-parlamentar/documentos/publ/2229/2026/8065371.pdf"
"Rodrigo da Zaeli";"01739752910";"230767";"607";"2023";"MT";"PL";"57";"3";"COMBUSTÍVEIS E LUBRIFICANTES.";"1";"Veículos Automotores";"POSTO UNIVERSITARIO LTDA";"009.528.790/0017-1";"27913";"4";"2026-05-01T00:00:00";"407.71";"0";"407.71";"5";"2026";"0";"";"";"2231429";"";"";"";"3789";"8091283";"https://www.camara.leg.br/cota-parlamentar/nota-fiscal-eletronica?ideDocumentoFiscal=8091283"
"Luizianne Lins";"38208563315";"178866";"98";"2023";"CE";"REDE";"57";"13";"FORNECIMENTO DE ALIMENTAÇÃO DO PARLAMENTAR";"0";"";"COCINA MEDITERRANEA LTDA";"605.908.510/0016-3";"5588";"0";"2026-05-22T00:00:00";"198";"0";"198";"5";"2026";"0";"";"";"2260337";"";"";"";"2946";"8147667";"https://www.camara.leg.br/cota-parlamentar/documentos/publ/2946/2026/8147667.pdf"
"Ismael";"51371944920";"98615";"478";"2023";"SC";"PL";"57";"3";"COMBUSTÍVEIS E LUBRIFICANTES.";"1";"Veículos Automotores";"POSTO MIME S.A. FL 10";"834.888.820/0118-5";"641985";"4";"2026-06-21T00:00:00";"262.95";"0";"262.95";"6";"2026";"0";"";"";"2247854";"";"";"";"3703";"8122596";"https://www.camara.leg.br/cota-parlamentar/nota-fiscal-eletronica?ideDocumentoFiscal=8122596"
"Franciane Bayer";"01320484000";"220551";"510";"2023";"RS";"REPUBLICANOS";"57";"14";"HOSPEDAGEM ,EXCETO DO PARLAMENTAR NO DISTRITO FEDERAL.";"0";"";"RGL COMERCIO E SERVICOS DE IMOVEIS LTDA";"115.139.880/0010-9";"968";"0";"2026-02-27T00:00:00";"440";"0";"440";"2";"2026";"0";"";"";"2216282";"";"";"";"3514";"8063465";"https://www.camara.leg.br/cota-parlamentar/documentos/publ/3514/2026/8063465.pdf"
"Eduardo Velloso";"00120712695";"220589";"54";"2023";"AC";"SOLIDARIEDADE";"57";"5";"DIVULGAÇÃO DA ATIVIDADE PARLAMENTAR.";"0";"";"THIAGO DE SOUZA CABRAL";"479.017.420/0015-1";"14";"0";"2026-06-05T00:00:00";"5000";"0";"5000";"5";"2026";"0";"";"";"2242242";"";"";"";"3711";"8111342";"https://www.camara.leg.br/cota-parlamentar/documentos/publ/3711/2026/8111342.pdf"
"Vitor Lippi";"00168780860";"178992";"399";"2023";"SP";"PSD";"57";"3";"COMBUSTÍVEIS E LUBRIFICANTES.";"1";"Veículos Automotores";"AUTO POSTO MORADA DOS NOBRES LTDA";"092.159.030/0016-4";"162575";"4";"2026-04-07T08:51:52";"150";"0";"150";"4";"2026";"0";"";"";"2223756";"";"";"";"2954";"8077053";"https://www.camara.leg.br/cota-parlamentar/nota-fiscal-eletronica?ideDocumentoFiscal=8077053"
"Neto Carletto";"04738738500";"220703";"209";"2023";"BA";"AVANTE";"57";"3";"COMBUSTÍVEIS E LUBRIFICANTES.";"3";"Aeronaves";"AIR BP PETROBAHIA LTDA";"228.995.330/0060-2";"57634";"4";"2026-08-12T00:00:00";"1849.83";"0";"1849.83";"8";"2026";"0";"";"";"2262035";"";"";"";"3630";"8151084";"https://www.camara.leg.br/cota-parlamentar/nota-fiscal-eletronica?ideDocumentoFiscal=8151084"
"Amaro Neto";"06893749767";"204356";"275";"2023";"ES";"PP";"57";"1";"MANUTENÇÃO DE ESCRITÓRIO DE APOIO À ATIVIDADE PARLAMENTAR";"0";"";"CONDOMINIO DO EDIFICIO ITAPARICA TOP BUSINESS";"274.231.810/0011-5";"1006";"1";"2026-07-24T00:00:00";"457.63";"71.91";"385.72";"8";"2026";"0";"";"";"2258874";"";"";"";"3270";"8144803";"https://www.camara.leg.br/cota-parlamentar/documentos/publ/3270/2026/8144803.pdf"
"Emanuel Pinheiro Neto";"00558574181";"198783";"403";"2023";"MT";"PSD";"57";"3";"COMBUSTÍVEIS E LUBRIFICANTES.";"1";"Veículos Automotores";"AUTO POSTO 303 NORTE LTDA";"381.942.120/0012-0";"382199";"4";"2026-03-05T00:00:00";"227.32";"0";"227.32";"3";"2026";"0";"";"";"2215186";"";"";"";"3315";"8061572";"https://www.camara.leg.br/cota-parlamentar/nota-fiscal-eletronica?ideDocumentoFiscal=8061572"
"Luciano Ducci";"20732376068";"178931";"457";"2023";"PR";"PSB";"57";"3";"COMBUSTÍVEIS E LUBRIFICANTES.";"1";"Veículos Automotores";"POSTO DE SERVICOS ROSARIO LTDA";"750.632.970/0013-3";"1731606";"0";"2026-06-10T00:00:00";"500.01";"0";"500.01";"6";"2026";"0";"";"";"2250589";"";"";"";"2936";"8128145";"https://www.camara.leg.br/cota-parlamentar/documentos/publ/2936/2026/8128145.pdf"
"Luiza Erundina";"00480584400";"74784";"371";"2023";"SP";"PSOL";"57";"120";"LOCAÇÃO OU FRETAMENTO DE VEÍCULOS AUTOMOTORES";"0";"";"LOCALIZA RENT A CAR SA";"166.700.850/0139-9";"560090";"1";"2026-07-30T00:00:00";"4951.3";"0";"4951.3";"7";"2026";"0";"";"";"2255999";"";"";"";"1402";"8139272";"https://www.camara.leg.br/cota-parlamentar/documentos/publ/1402/2026/8139272.pdf"
"Camila Jara";"02749531101";"220548";"436";"2023";"MS";"PT";"57";"3";"COMBUSTÍVEIS E LUBRIFICANTES.";"1";"Veículos Automotores";"AUTO POSTO GUANANDIS LTDA";"534.452.770/0019-4";"283525";"4";"2026-02-06T14:45:32";"50";"0";"50";"2";"2026";"0";"";"";"2208410";"";"";"";"3637";"8049313";"https://www.camara.leg.br/cota-parlamentar/nota-fiscal-eletronica?ideDocumentoFiscal=8049313"
"Zezinho Barbary";"23356235249";"220592";"59";"2023";"AC";"PP";"57";"3";"COMBUSTÍVEIS E LUBRIFICANTES.";"1";"Veículos Automotores";"POSTO SANTO ANTONIO DO DESCOBERTO LTDA";"298.351.230/0012-4";"305343";"0";"2026-05-09T00:00:00";"170.01";"0";"170.01";"5";"2026";"0";"";"";"2238613";"";"";"";"3598";"8104522";"https://www.camara.leg.br/cota-parlamentar/documentos/publ/3598/2026/8104522.pdf"
"Juliana Cardoso";"27636191857";"220640";"363";"2023";"SP";"PT";"57";"122";"SERVIÇO DE TÁXI, PEDÁGIO E ESTACIONAMENTO";"0";"";"VELOE COMPANINHA BRASILEIRA DE SOLUÇOES E SERVIÇOS";"047.408.760/0012-5";"4672362";"0";"2026-04-11T00:00:00";"100";"0";"100";"4";"2026";"0";"";"";"2245538";"";"";"";"3657";"8117693";"https://www.camara.leg.br/cota-parlamentar/documentos/publ/3657/2026/8117693.pdf"
"Danrlei de Deus Hinterholz";"70157324087";"160552";"495";"2023";"RS";"PSD";"57";"3";"COMBUSTÍVEIS E LUBRIFICANTES.";"1";"Veículos Automotores";"POSTOS RADAR LTDA";"554.849.080/0010-0";"302040";"4";"2026-02-28T09:42:37";"306.04";"0";"306.04";"2";"2026";"0";"";"";"2219694";"";"";"";"2242";"8069561";"https://www.camara.leg.br/cota-parlamentar/nota-fiscal-eletronica?ideDocumentoFiscal=8069561"
"Eros Biondini";"84470666653";"160640";"242";"2023";"MG";"PL";"57";"14";"HOSPEDAGEM ,EXCETO DO PARLAMENTAR NO DISTRITO FEDERAL.";"0";"";"AXIS/HS ADMINISTRADORA LTDA - ME";"207.864.360/0016-5";"202600000002254";"0";"2026-05-25T00:00:00";"258";"0";"258";"6";"2026";"0";"";"";"2244418";"";"";"";"2385";"8115440";"https://www.camara.leg.br/cota-parlamentar/documentos/publ/2385/2026/8115440.pdf"
"Gervásio Maia";"88623327420";"204394";"133";"2023";"PB";"PCdoB";"57";"5";"DIVULGAÇÃO DA ATIVIDADE PARLAMENTAR.";"0";"";"ALEXANDRE DE SOUSA FREIRE ME";"156.243.040/0010-5";"1001082";"0";"2026-05-28T00:00:00";"800";"0";"800";"5";"2026";"0";"";"";"2239806";"";"";"";"3401";"8107010";"https://www.camara.leg.br/cota-parlamentar/documentos/publ/3401/2026/8107010.pdf"
"Neto Carletto";"04738738500";"220703";"209";"2023";"BA";"AVANTE";"57";"3";"COMBUSTÍVEIS E LUBRIFICANTES.";"1";"Veículos Automotores";"Posto de Combustiveis Garantia Ltda";"725.784.380/0024-3";"66488";"4";"2026-04-23T11:30:24";"70";"0";"70";"3";"2026";"0";"";"";"2233088";"";"";"";"3630";"8089184";"https://www.camara.leg.br/cota-parlamentar/nota-fiscal-eletronica?ideDocumentoFiscal=8089184"
"Felipe Francischini";"08317508986";"204398";"446";"2023";"PR";"PODE";"57";"3";"COMBUSTÍVEIS E LUBRIFICANTES.";"1";"Veículos Automotores";"AUTO POSTO ONYX LTDA";"347.486.880/0010-4";"6236";"0";"2026-08-26T00:00:00";"287.14";"0";"287.14";"8";"2026";"0";"";"";"2263375";"";"";"";"3292";"8153604";"https://www.camara.leg.br/cota-parlamentar/documentos/publ/3292/2026/8153604.pdf"
"Antônia Lúcia";"50791524272";"123756";"52";"2023";"AC";"MDB";"57";"3";"COMBUSTÍVEIS E LUBRIFICANTES.";"1";"Veículos Automotores";"082 - QI 21 - CASCOL COMBUSTIVEIS PARA VEICULOS LTDA";"003.065.970/0826-2";"630097";"4";"2026-02-10T00:00:00";"200";"0";"200";"2";"2026";"0";"";"";"2211444";"";"";"";"2258";"8054791";"https://www.camara.leg.br/cota-parlamentar/nota-fiscal-eletronica?ideDocumentoFiscal=8054791"
"Vanderlan Alves";"02964896380";"234673";"632";"2023";"CE";"SOLIDARIEDADE";"57";"3";"COMBUSTÍVEIS E LUBRIFICANTES.";"1";"Veículos Automotores";"088 - TAQUARI - CASCOL COMBUSTIVEIS PARA VEICULOS LTDA";"003.065.970/0885-8";"720777";"4";"2026-02-26T00:00:00";"224.09";"0";"224.09";"2";"2026";"0";"";"";"2212646";"";"";"";"3803";"8057095";"https://www.camara.leg.br/cota-parlamentar/nota-fiscal-eletronica?ideDocumentoFiscal=8057095"
"Albuquerque";"44203071291";"220538";"1";"2023";"RR";"REPUBLICANOS";"57";"5";"DIVULGAÇÃO DA ATIVIDADE PARLAMENTAR.";"0";"";"W.S.RAMOS - FATOREAL COMUNICAÇÕES";"103.037.440/0013-9";"6";"0";"2026-03-10T00:00:00";"1500";"0";"1500";"3";"2026";"0";"";"";"2221044";"";"";"";"3558";"8072196";"https://www.camara.leg.br/cota-parlamentar/documentos/publ/3558/2026/8072196.pdf"
"Socorro Neri";"35942070210";"104552";"58";"2023";"AC";"PP";"57";"40";"COMPLEMENTAÇÃO DO AUXÍLIO-MORADIA";"0";"";"";"";"";"1";"";"4148.8";"";"-4148.8";"5";"2026";"0";"";"";"";"";"";"0.0";"3567";"5391";""
"Chris Tonietto";"10448771705";"204462";"289";"2023";"RJ";"PL";"57";"122";"SERVIÇO DE TÁXI, PEDÁGIO E ESTACIONAMENTO";"0";"";"UBER DO BRASIL TECNOLOGIA LTDA.";"178.956.460/0018-7";"S/N";"1";"2026-01-29T00:00:00";"13.94";"0";"13.94";"1";"2026";"0";"";"";"2205940";"";"";"";"3367";"8044779";"https://www.camara.leg.br/cota-parlamentar/documentos/publ/3367/2026/8044779.pdf"
"Carlos Veras";"03987461411";"204426";"142";"2023";"PE";"PT";"57";"14";"HOSPEDAGEM ,EXCETO DO PARLAMENTAR NO DISTRITO FEDERAL.";"0";"";"POUSADA BEZERRA";"111.693.340/0010-0";"38";"0";"2026-02-02T00:00:00";"400";"0";"400";"1";"2026";"0";"";"";"2206187";"";"";"";"3234";"8045564";"https://www.camara.leg.br/cota-parlamentar/documentos/publ/3234/2026/8045564.pdf"
"Maria Arraes";"10304815470";"220668";"157";"2023";"PE";"PSB";"57";"3";"COMBUSTÍVEIS E LUBRIFICANTES.";"1";"Veículos Automotores";"PETROCAL PETROLEO CAVALCANTI LTDA";"127.812.330/0228-2";"199471";"4";"2026-07-04T12:20:29";"338.52";"0";"338.52";"7";"2026";"0";"";"";"2249802";"";"";"";"3610";"8126563";"https://www.camara.leg.br/cota-parlamentar/nota-fiscal-eletronica?ideDocumentoFiscal=8126563"
"Afonso Florence";"17734150500";"160508";"182";"2023";"BA";"PT";"57";"3";"COMBUSTÍVEIS E LUBRIFICANTES.";"1";"Veículos Automotores";"HGIG COM E SERV LTDA - POSTO ECO VIDA";"032.893.270/0020-2";"855636";"4";"2026-07-26T00:00:00";"100";"0";"100";"7";"2026";"0";"";"";"2261520";"";"";"";"2406";"8150145";"https://www.camara.leg.br/cota-parlamentar/nota-fiscal-eletronica?ideDocumentoFiscal=8150145"
"Luiz Carlos Busato";"05698960020";"141485";"500";"2023";"RS";"UNIÃO";"57";"10";"TELEFONIA";"0";"";"STARLINK BRAZIL SERVICOS DE INTERNET LTDA.";"401.548.840/0015-3";"10952610";"0";"2026-08-25T00:00:00";"619";"0";"619";"9";"2026";"0";"";"";"2263677";"";"";"";"1793";"8154170";""
"Lula da Fonte";"09222861400";"220669";"153";"2023";"PE";"PP";"57";"3";"COMBUSTÍVEIS E LUBRIFICANTES.";"1";"Veículos Automotores";"ESTACAO SERVICOS BOA VIAGEM LTDA";"020.161.040/0011-0";"115867";"4";"2026-04-16T00:00:00";"218.14";"0";"218.14";"4";"2026";"0";"";"";"2227975";"";"";"";"3613";"8084743";"https://www.camara.leg.br/cota-parlamentar/nota-fiscal-eletronica?ideDocumentoFiscal=8084743"
"Ana Paula Leão";"52030849634";"107970";"222";"2023";"MG";"PP";"57";"11";"SERVIÇOS POSTAIS";"0";"";"AQUARIUS PRESTACAO DE SERVICOS LTDA";"429.649.400/0014-0";"3013022698";"1";"2026-08-17T00:00:00";"355.9";"0";"355.9";"8";"2026";"0";"";"";"2260671";"";"";"";"3664";"8148646";"https://www.camara.leg.br/cota-parlamentar/documentos/publ/3664/2026/8148646.pdf"
"Flávia Morais";"54779537134";"160598";"422";"2023";"GO";"MDB";"57";"3";"COMBUSTÍVEIS E LUBRIFICANTES.";"1";"Veículos Automotores";"COMPET COMERCIAL DE DERIVADOS DE PETROLEO PARANA LTDA";"027.701.700/0018-0";"56036";"0";"2026-04-21T00:00:00";"304.24";"0";"304.24";"4";"2026";"0";"";"";"2249698";"";"";"";"2229";"8126357";"https://www.camara.leg.br/cota-parlamentar/documentos/publ/2229/2026/8126357.pdf"
"Vitor Lippi";"00168780860";"178992";"399";"2023";"SP";"PSD";"57";"1";"MANUTENÇÃO DE ESCRITÓRIO DE APOIO À ATIVIDADE PARLAMENTAR";"0";"";"GP TECH COMERCIO E SERVICOS EM TECNOLOGIA LTDA";"680.039.250/0012-0";"0002";"1";"2026-08-02T00:00:00";"950";"0";"950";"8";"2026";"0";"";"";"2261039";"";"";"";"2954";"8149119";"https://www.camara.leg.br/cota-parlamentar/documentos/publ/2954/2026/8149119.pdf"
"Rodrigo de Castro";"83035605653";"141531";"268";"2023";"MG";"UNIÃO";"57";"3";"COMBUSTÍVEIS E LUBRIFICANTES.";"1";"Veículos Automotores";"Posto Raja LTDA";"610.663.010/0010-2";"27860";"0";"2026-04-01T00:00:00";"150";"0";"150";"4";"2026";"0";"";"";"2229467";"";"";"";"1928";"8087364";"https://www.camara.leg.br/cota-parlamentar/documentos/publ/1928/2026/8087364.pdf"
"Robério Monteiro";"37788566349";"204489";"105";"2023";"CE";"PSB";"57";"3";"COMBUSTÍVEIS E LUBRIFICANTES.";"1";"Veículos Automotores";"AUTO POSTO 303 NORTE LTDA";"381.942.120/0012-0";"72030";"4";"2026-02-01T00:00:00";"145";"0";"145";"2";"2026";"0";"";"";"2211519";"";"";"";"3225";"8054994";"https://www.camara.leg.br/cota-parlamentar/nota-fiscal-eletronica?ideDocumentoFiscal=8054994"
"Bruno Farias";"05759623648";"210989";"226";"2023";"MG";"REPUBLICANOS";"57";"14";"HOSPEDAGEM ,EXCETO DO PARLAMENTAR NO DISTRITO FEDERAL.";"0";"";"HOTEL PANORAMA LTDA";"180.710.500/0012-5";"20264512";"0";"2026-05-25T00:00:00";"369.01";"0";"369.01";"5";"2026";"0";"";"";"2238418";"";"";"";"3624";"8104155";"https://www.camara.leg.br/cota-parlamentar/documentos/publ/3624/2026/8104155.pdf"
"Dandara";"11264753608";"220629";"232";"2023";"MG";"PT";"57";"122";"SERVIÇO DE TÁXI, PEDÁGIO E ESTACIONAMENTO";"0";"";"00SUL DE MINAS POUSO ALEGRE";"481.270.080/0014-0";"J6VS15AS8279";"0";"2026-04-11T00:00:00";"10.1";"0";"10.1";"4";"2026";"0";"";"";"2231749";"";"";"";"3607";"8092062";"https://www.camara.leg.br/cota-parlamentar/documentos/publ/3607/2026/8092062.pdf"
"Carlos Gomes";"02142743730";"178962";"492";"2023";"RS";"REPUBLICANOS";"57";"10";"TELEFONIA";"0";"";"CELULAR FUNCIONAL";"000.000.000/0000-1";"8156359";"0";"";"466.24";"0";"466.24";"6";"2026";"0";"";"";"0";"0";"";"";"2900";"0";""
"Geraldo Mendes";"05025019958";"220702";"456";"2023";"PR";"UNIÃO";"57";"5";"DIVULGAÇÃO DA ATIVIDADE PARLAMENTAR.";"0";"";"MARISTELA DE LIMA MARTINKOSKI";"542.907.710/0019-0";"6";"0";"2026-02-28T00:00:00";"6000";"0";"6000";"2";"2026";"0";"";"";"2215967";"";"";"";"3628";"8062898";"https://www.camara.leg.br/cota-parlamentar/documentos/publ/3628/2026/8062898.pdf"
"Zé Silva";"43422780653";"160632";"271";"2023";"MG";"UNIÃO";"57";"122";"SERVIÇO DE TÁXI, PEDÁGIO E ESTACIONAMENTO";"0";"";"ASSOCIAÇÃO DOS TAXISTAS DO DISTRITO FEDERAL";"156.953.570/0010-9";"s/n";"1";"2026-01-29T00:00:00";"25";"0";"25";"1";"2026";"0";"";"";"2205877";"";"";"";"2231";"8045019";"https://www.camara.leg.br/cota-parlamentar/documentos/publ/2231/2026/8045019.pdf"
"Helena Lima";"44710623287";"220537";"4";"2023";"RR";"PSD";"57";"3";"COMBUSTÍVEIS E LUBRIFICANTES.";"1";"Veículos Automotores";"RR COMERCIO DE COMBUSTIVEIS LTDA  92";"134.522.540/0019-2";"5016";"4";"2026-03-31T08:42:19";"744";"0";"744";"3";"2026";"0";"";"";"2223637";"";"";"";"3557";"8076870";"https://www.camara.leg.br/cota-parlamentar/nota-fiscal-eletronica?ideDocumentoFiscal=8076870"
"Patrus Ananias";"17486440687";"74160";"249";"2023";"MG";"PT";"57";"122";"SERVIÇO DE TÁXI, PEDÁGIO E ESTACIONAMENTO";"0";"";"UBER DO BRASIL TECNOLOGIA LTDA.";"178.956.460/0018-7";"SN";"1";"2026-04-09T00:00:00";"18.95";"0";"18.95";"4";"2026";"0";"";"";"2230178";"";"";"";"1638";"8089027";"https://www.camara.leg.br/cota-parlamentar/documentos/publ/1638/2026/8089027.pdf"
"José Guimarães";"09324577387";"141470";"103";"2023";"CE";"PT";"57";"3";"COMBUSTÍVEIS E LUBRIFICANTES.";"1";"Veículos Automotores";"POSTO JR COMERCIO DE COMBUSTIVEIS LTDA";"475.369.040/0010-8";"1116";"0";"2026-01-12T00:00:00";"370.05";"0";"370.05";"1";"2026";"0";"";"";"2206111";"";"";"";"1861";"8045385";"https://www.camara.leg.br/cota-parlamentar/documentos/publ/1861/2026/8045385.pdf"
"Luiz Carlos Busato";"05698960020";"141485";"500";"2023";"RS";"UNIÃO";"57";"3";"COMBUSTÍVEIS E LUBRIFICANTES.";"1";"Veículos Automotores";"POSTO MARCO ZERO LTDA";"198.679.730/0015-0";"702820";"4";"2026-01-09T13:23:47";"276.49";"0";"276.49";"1";"2026";"0";"";"";"2202127";"";"";"";"1793";"8038579";"https://www.camara.leg.br/cota-parlamentar/nota-fiscal-eletronica?ideDocumentoFiscal=8038579"
"Sergio Souza";"75687658904";"178933";"467";"2023";"PR";"MDB";"57";"3";"COMBUSTÍVEIS E LUBRIFICANTES.";"1";"Veículos Automotores";"AUTO POSTO IPIRANGA LTDA";"816.423.080/0021-3";"2226961";"4";"2026-03-12T00:00:00";"148.02";"0";"148.02";"3";"2026";"0";"";"";"2218111";"";"";"";"3062";"8066669";"https://www.camara.leg.br/cota-parlamentar/nota-fiscal-eletronica?ideDocumentoFiscal=8066669"
"Marina Silva";"11980761272";"220637";"381";"2023";"SP";"REDE";"57";"3";"COMBUSTÍVEIS E LUBRIFICANTES.";"1";"Veículos Automotores";"AUTO POSTO IMPERATRIZ LTDA";"608.845.660/0015-5";"137211";"0";"2026-06-27T00:00:00";"81.29";"0";"81.29";"6";"2026";"0";"";"";"2247839";"";"";"";"3652";"8122564";"https://www.camara.leg.br/cota-parlamentar/documentos/publ/3652/2026/8122564.pdf"
"Beto Pereira";"69380007191";"204358";"433";"2023";"MS";"REPUBLICANOS";"57";"1";"MANUTENÇÃO DE ESCRITÓRIO DE APOIO À ATIVIDADE PARLAMENTAR";"0";"";"1CLARO S.A. / TELECOMUNICAÇÕES - S.A.";"669.702.290/1292-0";"0005139267";"0";"2026-03-11T00:00:00";"422.9";"0";"422.9";"2";"2026";"0";"";"";"2222200";"";"";"";"3432";"8074272";"https://www.camara.leg.br/cota-parlamentar/documentos/publ/3432/2026/8074272.pdf"
"Jack Rocha";"10106629700";"220527";"282";"2023";"ES";"PT";"57";"120";"LOCAÇÃO OU FRETAMENTO DE VEÍCULOS AUTOMOTORES";"0";"";"EVO LOCADORA DE VEICULOS LTDA.";"102.344.730/0010-7";"24";"0";"2026-07-01T00:00:00";"4000";"0";"4000";"7";"2026";"0";"";"";"2250109";"";"";"";"3651";"8127119";"https://www.camara.leg.br/cota-parlamentar/documentos/publ/3651/2026/8127119.pdf"
"Sergio Souza";"75687658904";"178933";"467";"2023";"PR";"MDB";"57";"1";"MANUTENÇÃO DE ESCRITÓRIO DE APOIO À ATIVIDADE PARLAMENTAR";"0";"";"Copel Distribuição S.A.";"043.688.980/0010-6";"222974090";"0";"2026-03-20T00:00:00";"265.27";"3.95";"261.32";"3";"2026";"0";"";"";"2227764";"";"";"";"3062";"8084398";"https://www.camara.leg.br/cota-parlamentar/documentos/publ/3062/2026/8084398.pdf"
"Camila Jara";"02749531101";"220548";"436";"2023";"MS";"PT";"57";"3";"COMBUSTÍVEIS E LUBRIFICANTES.";"1";"Veículos Automotores";"AUTO POSTO 303 NORTE LTDA";"381.942.120/0012-0";"71971";"4";"2026-07-01T13:52:32";"200";"0";"200";"7";"2026";"0";"";"";"2248613";"";"";"";"3637";"8124179";"https://www.camara.leg.br/cota-parlamentar/nota-fiscal-eletronica?ideDocumentoFiscal=8124179"
"Pedro Westphalen";"20040954072";"204406";"514";"2023";"RS";"PP";"57";"120";"LOCAÇÃO OU FRETAMENTO DE VEÍCULOS AUTOMOTORES";"0";"";"QUASAR LOCADORA DE VEICULOS LTDA";"380.246.750/0014-3";"529";"0";"2026-07-06T00:00:00";"4800";"0";"4800";"6";"2026";"0";"";"";"2249767";"";"";"";"3280";"8126492";"https://www.camara.leg.br/cota-parlamentar/documentos/publ/3280/2026/8126492.pdf"
"Jilmar Tatto";"03946999808";"141456";"361";"2023";"SP";"PT";"57";"5";"DIVULGAÇÃO DA ATIVIDADE PARLAMENTAR.";"0";"";"JOSEANE DO NASCIMENTO MIGUEL";"310.458.550/0016-2";"13";"0";"2026-01-05T00:00:00";"2100";"0";"2100";"1";"2026";"0";"";"";"2201019";"";"";"";"1853";"8036740";"https://www.camara.leg.br/cota-parlamentar/documentos/publ/1853/2026/8036740.pdf"
"Erika Kokay";"22441107100";"160575";"407";"2023";"DF";"PT";"57";"122";"SERVIÇO DE TÁXI, PEDÁGIO E ESTACIONAMENTO";"0";"";"UBER DO BRASIL TECNOLOGIA LTDA.";"178.956.460/0018-7";"08054595";"1";"2026-05-08T00:00:00";"45.95";"0";"45.95";"5";"2026";"0";"";"";"2248767";"";"";"";"2403";"8124556";"https://www.camara.leg.br/cota-parlamentar/documentos/publ/2403/2026/8124556.pdf"
"Diego Garcia";"04702291955";"178929";"447";"2023";"PR";"UNIÃO";"57";"3";"COMBUSTÍVEIS E LUBRIFICANTES.";"1";"Veículos Automotores";"YOSHIDA - COMERCIO DE COMBUSTIVEIS E DERIVADOS DE PETROLEO LTDA";"036.808.140/0010-2";"6198";"0";"2026-07-31T00:00:00";"234";"0";"234";"7";"2026";"0";"";"";"2256111";"";"";"";"3043";"8139545";"https://www.camara.leg.br/cota-parlamentar/documentos/publ/3043/2026/8139545.pdf"
"Gabriel Mota";"52635287287";"224117";"539";"2023";"RR";"UNIÃO";"57";"1";"MANUTENÇÃO DE ESCRITÓRIO DE APOIO À ATIVIDADE PARLAMENTAR";"0";"";"CK INFO DESIGN E MIDIA SOCIAIS";"368.998.240/0019-2";"72";"0";"2026-04-20T00:00:00";"19500";"0";"19500";"4";"2026";"0";"";"";"2228483";"";"";"";"3724";"8085678";"https://www.camara.leg.br/cota-parlamentar/documentos/publ/3724/2026/8085678.pdf"
"Messias Donato";"04365812726";"220530";"283";"2023";"ES";"UNIÃO";"57";"1";"MANUTENÇÃO DE ESCRITÓRIO DE APOIO À ATIVIDADE PARLAMENTAR";"0";"";"STARLINK BRAZIL SERVICOS DE INTERNET LTDA.";"401.548.840/0015-3";"9453688";"0";"2026-07-22T00:00:00";"619";"0";"619";"8";"2026";"0";"";"";"2262662";"";"";"";"3631";"8152253";"https://www.camara.leg.br/cota-parlamentar/documentos/publ/3631/2026/8152253.pdf"
"Samuel Viana";"06373252655";"220631";"273";"2023";"MG";"UNIÃO";"57";"3";"COMBUSTÍVEIS E LUBRIFICANTES.";"1";"Veículos Automotores";"POSTO BEIRA RIO I LTDA";"175.336.880/0017-8";"9943";"0";"2026-05-29T00:00:00";"250.96";"0";"250.96";"5";"2026";"0";"";"";"2240682";"";"";"";"3622";"8108614";"https://www.camara.leg.br/cota-parlamentar/documentos/publ/3622/2026/8108614.pdf"
"Geraldo Resende";"12896918191";"74374";"437";"2023";"MS";"UNIÃO";"57";"120";"LOCAÇÃO OU FRETAMENTO DE VEÍCULOS AUTOMOTORES";"0";"";"SHALON VEÍCULOS";"152.256.440/0015-5";"456";"1";"2026-02-01T00:00:00";"6800";"0";"6800";"2";"2026";"0";"";"";"2212133";"";"";"";"1649";"8056162";"https://www.camara.leg.br/cota-parlamentar/documentos/publ/1649/2026/8056162.pdf"
"Vinicius Carvalho";"82286019720";"141555";"397";"2023";"SP";"PL";"57";"5";"DIVULGAÇÃO DA ATIVIDADE PARLAMENTAR.";"0";"";"UPSIZE PRODUGENCIA LTDA";"579.839.600/0013-6";"21";"0";"2026-05-27T00:00:00";"30000";"0";"30000";"5";"2026";"0";"";"";"2241229";"";"";"";"1951";"8109654";"https://www.camara.leg.br/cota-parlamentar/documentos/publ/1951/2026/8109654.pdf"
"Guilherme Uchoa";"65280849472";"220664";"149";"2023";"PE";"PSD";"57";"3";"COMBUSTÍVEIS E LUBRIFICANTES.";"1";"Veículos Automotores";"247 COMERCIO LTDA";"001.914.980/0143-1";"156678";"4";"2026-07-14T00:00:00";"454.4";"0";"454.4";"7";"2026";"0";"";"";"2252905";"";"";"";"3691";"8132641";"https://www.camara.leg.br/cota-parlamentar/nota-fiscal-eletronica?ideDocumentoFiscal=8132641"
"Célia Xakriabá";"10312520611";"206018";"230";"2023";"MG";"PSOL";"57";"122";"SERVIÇO DE TÁXI, PEDÁGIO E ESTACIONAMENTO";"0";"";"UBER DO BRASIL TECNOLOGIA LTDA.";"178.956.460/0018-7";"S/N";"1";"2026-06-17T00:00:00";"26.96";"0";"26.96";"6";"2026";"0";"";"";"2246003";"";"";"";"3609";"8118701";"https://www.camara.leg.br/cota-parlamentar/documentos/publ/3609/2026/8118701.pdf"
"Diego Garcia";"04702291955";"178929";"447";"2023";"PR";"UNIÃO";"57";"3";"COMBUSTÍVEIS E LUBRIFICANTES.";"1";"Veículos Automotores";"AUTO POSTO BS PREMIUM LTDA.";"171.496.270/0010-1";"454245";"4";"2026-04-01T10:05:50";"142.69";"0";"142.69";"4";"2026";"0";"";"";"2224816";"";"";"";"3043";"8079000";"https://www.camara.leg.br/cota-parlamentar/nota-fiscal-eletronica?ideDocumentoFiscal=8079000"
"André Janones";"06630008669";"204515";"223";"2023";"MG";"REDE";"57";"3";"COMBUSTÍVEIS E LUBRIFICANTES.";"1";"Veículos Automotores";"POSTO DE COMBUSTIVEIS 309 SUL LTDA";"322.167.430/0019-0";"43586";"4";"2026-07-07T21:33:34";"100";"0";"100";"7";"2026";"0";"";"";"2251628";"";"";"";"3257";"8130167";"https://www.camara.leg.br/cota-parlamentar/nota-fiscal-eletronica?ideDocumentoFiscal=8130167"
"Bruno Farias";"05759623648";"210989";"226";"2023";"MG";"REPUBLICANOS";"57";"123";"PASSAGENS TERRESTRES, MARÍTIMAS OU FLUVIAIS";"0";"";"EMPRESA GONTIJO DE TRANSPORTES LIMITADA";"166.246.110/0987-3";"017293911";"0";"2026-04-08T00:00:00";"472.46";"0";"472.46";"4";"2026";"0";"";"";"2225872";"";"";"";"3624";"8080868";"https://www.camara.leg.br/cota-parlamentar/documentos/publ/3624/2026/8080868.pdf"
"Pompeo de Mattos";"28346890087";"73486";"516";"2023";"RS";"PDT";"57";"3";"COMBUSTÍVEIS E LUBRIFICANTES.";"1";"Veículos Automotores";"ABAST DE COMB VANMAR LTDA";"471.901.970/0013-2";"1135885";"4";"2026-02-23T00:00:00";"300.91";"0";"300.91";"2";"2026";"0";"";"";"2215431";"";"";"";"1458";"8061852";"https://www.camara.leg.br/cota-parlamentar/nota-fiscal-eletronica?ideDocumentoFiscal=8061852"
"Marcos Tavares";"07969890792";"220604";"316";"2023";"RJ";"PDT";"57";"3";"COMBUSTÍVEIS E LUBRIFICANTES.";"1";"Veículos Automotores";"CHACRINHA POSTO DE SERVICOS LTDA";"006.247.100/0019-2";"510230";"4";"2026-03-14T00:00:00";"467.37";"30.52";"436.85";"3";"2026";"0";"";"";"2227307";"";"";"";"3649";"8083563";"https://www.camara.leg.br/cota-parlamentar/nota-fiscal-eletronica?ideDocumentoFiscal=8083563"
"Fábio Teruel";"10104866837";"220653";"357";"2023";"SP";"MDB";"57";"3";"COMBUSTÍVEIS E LUBRIFICANTES.";"1";"Veículos Automotores";"AUTO SERVIÇOS GRAND-PRIX LT";"437.209.030/0015-0";"71342";"0";"2026-02-03T00:00:00";"284.47";"0";"284.47";"2";"2026";"0";"";"";"2206554";"";"";"";"3612";"8046256";"https://www.camara.leg.br/cota-parlamentar/documentos/publ/3612/2026/8046256.pdf"
"Gutemberg Reis";"07733341736";"204456";"302";"2023";"RJ";"MDB";"57";"3";"COMBUSTÍVEIS E LUBRIFICANTES.";"1";"Veículos Automotores";"POSTO DE GASOLINA JB CAXIAS LTDA";"080.643.800/0013-0";"136759";"4";"2026-02-17T00:00:00";"273.38";"0";"273.38";"2";"2026";"0";"";"";"2210313";"";"";"";"3210";"8052708";"https://www.camara.leg.br/cota-parlamentar/nota-fiscal-eletronica?ideDocumentoFiscal=8052708"
"Dani Cunha";"05469169707";"220603";"293";"2023";"RJ";"PL";"57";"3";"COMBUSTÍVEIS E LUBRIFICANTES.";"1";"Veículos Automotores";"AUTO POSTO CRUZADA PENINSULA LTDA.";"473.082.530/0019-0";"72282";"4";"2026-07-14T00:00:00";"268.45";"0";"268.45";"7";"2026";"0";"";"";"2257649";"";"";"";"3523";"8142590";"https://www.camara.leg.br/cota-parlamentar/nota-fiscal-eletronica?ideDocumentoFiscal=8142590"
"Mario Frias";"02105129706";"220655";"383";"2023";"SP";"PL";"57";"3";"COMBUSTÍVEIS E LUBRIFICANTES.";"1";"Veículos Automotores";"076 - MELHOR 10 - CASCOL COMBUSTIVEIS PARA VEICULOS LTDA";"003.065.970/0761-4";"1391610";"4";"2026-04-30T08:29:39";"303.04";"0";"303.04";"4";"2026";"0";"";"";"2231183";"";"";"";"3641";"8090987";"https://www.camara.leg.br/cota-parlamentar/nota-fiscal-eletronica?ideDocumentoFiscal=8090987"
"Andreia Siqueira";"54305810204";"220676";"19";"2023";"PA";"PSB";"57";"5";"DIVULGAÇÃO DA ATIVIDADE PARLAMENTAR.";"0";"";"WEVERSON SARMENTO DA PAIXÃO";"313.382.490/0013-5";"115";"0";"2026-03-02T00:00:00";"25000";"0";"25000";"3";"2026";"0";"";"";"2213578";"";"";"";"3552";"8058791";"https://www.camara.leg.br/cota-parlamentar/documentos/publ/3552/2026/8058791.pdf"
"Sargento Fahur";"53447468904";"204387";"464";"2023";"PR";"PL";"57";"13";"FORNECIMENTO DE ALIMENTAÇÃO DO PARLAMENTAR";"0";"";"ROBEL PRODUTOS ALIMENTICIOS LTDA";"470.825.580/0012-7";"122300";"4";"2026-05-07T00:00:00";"47.5";"0";"47.5";"5";"2026";"0";"";"";"2234973";"";"";"";"3211";"8097363";"https://www.camara.leg.br/cota-parlamentar/nota-fiscal-eletronica?ideDocumentoFiscal=8097363"
"Zé Trovão";"36400681817";"220558";"488";"2023";"SC";"PL";"57";"5";"DIVULGAÇÃO DA ATIVIDADE PARLAMENTAR.";"0";"";"RICARDO DE OLIVEIRA GAROZZI";"453.322.980/0017-5";"47";"0";"2026-05-05T00:00:00";"7200";"0";"7200";"5";"2026";"0";"";"";"2232412";"";"";"";"3565";"8093208";"https://www.camara.leg.br/cota-parlamentar/documentos/publ/3565/2026/8093208.pdf"
"Samuel Viana";"06373252655";"220631";"273";"2023";"MG";"UNIÃO";"57";"3";"COMBUSTÍVEIS E LUBRIFICANTES.";"1";"Veículos Automotores";"POSTO JENIPAPO DE SALINAS LTDA";"078.768.960/0011-6";"374944";"0";"2026-02-07T00:00:00";"142.26";"0";"142.26";"2";"2026";"0";"";"";"2209563";"";"";"";"3622";"8051266";"https://www.camara.leg.br/cota-parlamentar/documentos/publ/3622/2026/8051266.pdf"
"Welter";"68145888972";"224333";"540";"2023";"PR";"PT";"57";"122";"SERVIÇO DE TÁXI, PEDÁGIO E ESTACIONAMENTO";"0";"";"UBER DO BRASIL TECNOLOGIA LTDA.";"178.956.460/0018-7";"1098";"1";"2026-02-11T00:00:00";"10.98";"1.65";"9.33";"2";"2026";"0";"";"";"2209451";"";"";"";"3726";"8051100";"https://www.camara.leg.br/cota-parlamentar/documentos/publ/3726/2026/8051100.pdf"
"Zé Trovão";"36400681817";"220558";"488";"2023";"SC";"PL";"57";"122";"SERVIÇO DE TÁXI, PEDÁGIO E ESTACIONAMENTO";"0";"";"SEM PARAR INSTITUICAO DE PAGAMENTO LTDA";"040.882.080/0016-5";"704550178";"0";"2026-08-03T00:00:00";"815.01";"60.6";"754.41";"8";"2026";"0";"";"";"2258757";"";"";"";"3565";"8144632";"https://www.camara.leg.br/cota-parlamentar/documentos/publ/3565/2026/8144632.pdf"
"João Cury";"14820733826";"230957";"611";"2023";"SP";"MDB";"57";"11";"SERVIÇOS POSTAIS";"0";"";"PIRES E TOLEDO SERVICOS POSTAIS LTDA";"545.483.420/0017-0";"2995973283";"1";"2026-07-08T00:00:00";"52.4";"0";"52.4";"7";"2026";"0";"";"";"2251191";"";"";"";"3790";"8129365";"https://www.camara.leg.br/cota-parlamentar/documentos/publ/3790/2026/8129365.pdf"
"Marcel van Hattem";"00731302060";"156190";"503";"2023";"RS";"NOVO";"57";"3";"COMBUSTÍVEIS E LUBRIFICANTES.";"1";"Veículos Automotores";"COMERCIAL DE COMB  ANTONIO CARVALHO BR 3 LTDA";"055.432.480/0020-1";"292329";"4";"2026-05-16T00:00:00";"196.72";"0";"196.72";"5";"2026";"0";"";"";"2238841";"";"";"";"3299";"8105043";"https://www.camara.leg.br/cota-parlamentar/nota-fiscal-eletronica?ideDocumentoFiscal=8105043"
"Wilson Santiago";"16159977415";"74044";"138";"2023";"PB";"REPUBLICANOS";"57";"5";"DIVULGAÇÃO DA ATIVIDADE PARLAMENTAR.";"0";"";"SISTEMA DE COMUNICAÇÃO DIÁRIO LTDA";"116.946.780/0013-8";"35";"0";"2026-01-30T00:00:00";"1100";"0";"1100";"1";"2026";"0";"";"";"2205365";"";"";"";"1704";"8044148";"https://www.camara.leg.br/cota-parlamentar/documentos/publ/1704/2026/8044148.pdf"
"Weliton Prado";"84719850634";"160518";"270";"2023";"MG";"PSD";"57";"3";"COMBUSTÍVEIS E LUBRIFICANTES.";"1";"Veículos Automotores";"POSTO AREAO";"003.320.330/0013-9";"635226";"0";"2026-02-05T00:00:00";"241.81";"0";"241.81";"2";"2026";"0";"";"";"2209350";"";"";"";"2233";"8050938";"https://www.camara.leg.br/cota-parlamentar/documentos/publ/2233/2026/8050938.pdf"
"Túlio Gadêlha";"06016298417";"157130";"163";"2023";"PE";"PSD";"57";"10";"TELEFONIA";"0";"";"TIM S.A.";"024.214.210/0135-5";"3828830";"0";"2026-02-20T00:00:00";"309.99";"0";"309.99";"2";"2026";"0";"";"";"2212112";"";"";"";"3419";"8056119";""
"Helena Lima";"44710623287";"220537";"4";"2023";"RR";"PSD";"57";"14";"HOSPEDAGEM ,EXCETO DO PARLAMENTAR NO DISTRITO FEDERAL.";"0";"";"ASSOCIACAO BENEFICENTE DOS MILITARES ESTADUAIS DE SANTA CATARINA - ABEPOM";"733.605.390/0063-0";"245";"0";"2026-07-13T00:00:00";"1015";"0";"1015";"6";"2026";"0";"";"";"2248856";"";"";"";"3557";"8124753";"https://www.camara.leg.br/cota-parlamentar/documentos/publ/3557/2026/8124753.pdf"
"João Carlos Bacelar";"15345931879";"141458";"187";"2023";"BA";"PL";"57";"10";"TELEFONIA";"0";"";"RAMAL";"000.000.000/0000-6";"8150095";"0";"";"1.82";"0";"1.82";"7";"2026";"0";"";"";"0";"0";"";"";"1856";"0";""
"André Figueiredo";"25905503320";"133439";"89";"2023";"CE";"PDT";"57";"3";"COMBUSTÍVEIS E LUBRIFICANTES.";"1";"Veículos Automotores";"mms uchoa combustiveis";"234.013.640/0018-9";"12255";"0";"2026-01-08T00:00:00";"300.04";"0";"300.04";"1";"2026";"0";"";"";"2202375";"";"";"";"1748";"8038965";"https://www.camara.leg.br/cota-parlamentar/documentos/publ/1748/2026/8038965.pdf"
"Marcelo Álvaro Antônio";"00649039661";"179000";"235";"2023";"MG";"PL";"57";"11";"SERVIÇOS POSTAIS";"0";"";"EMPRESA BRASILEIRA DE CORREIOS E TELÉGRAFOS";"340.283.164/9974-4";"2980868170";"1";"2026-05-21T00:00:00";"304";"0";"304";"5";"2026";"0";"";"";"2237974";"";"";"";"2934";"8102685";"https://www.camara.leg.br/cota-parlamentar/documentos/publ/2934/2026/8102685.pdf"
"Prof. Reginaldo Veras";"63501015100";"220533";"414";"2023";"DF";"PV";"57";"13";"FORNECIMENTO DE ALIMENTAÇÃO DO PARLAMENTAR";"0";"";"BENEDITTA COZINHA E BAR";"350.409.250/0014-0";"43033";"4";"2026-06-06T00:00:00";"131.89";"11.99";"119.9";"6";"2026";"0";"";"";"2246668";"";"";"";"3667";"8119662";"https://www.camara.leg.br/cota-parlamentar/nota-fiscal-eletronica?ideDocumentoFiscal=8119662"
"Leur Lomanto Júnior";"87594749120";"92102";"200";"2023";"BA";"UNIÃO";"57";"3";"COMBUSTÍVEIS E LUBRIFICANTES.";"1";"Veículos Automotores";"ALPHA COMERCIO E DERIVADOS DE PETROLEO LTDA";"478.535.420/0017-0";"77734";"4";"2026-01-26T00:00:00";"200";"0";"200";"1";"2026";"0";"";"";"2208120";"";"";"";"3345";"8048787";"https://www.camara.leg.br/cota-parlamentar/nota-fiscal-eletronica?ideDocumentoFiscal=8048787"
"Zé Adriano";"21636230253";"230768";"605";"2023";"AC";"PP";"57";"5";"DIVULGAÇÃO DA ATIVIDADE PARLAMENTAR.";"0";"";"SFA Soluções em Tecnologia Ltda";"607.581.770/0018-3";"6";"0";"2026-03-26T00:00:00";"4500";"0";"4500";"3";"2026";"0";"";"";"2222885";"";"";"";"3785";"8075575";"https://www.camara.leg.br/cota-parlamentar/documentos/publ/3785/2026/8075575.pdf"
"Marreca Filho";"04168850390";"204566";"83";"2023";"MA";"PRD";"57";"5";"DIVULGAÇÃO DA ATIVIDADE PARLAMENTAR.";"0";"";"LUANY DE OLIVEIRA PESTANA";"526.424.550/0010-4";"25";"0";"2026-02-04T00:00:00";"9000";"0";"9000";"1";"2026";"0";"";"";"2206720";"";"";"";"3284";"8046490";"https://www.camara.leg.br/cota-parlamentar/documentos/publ/3284/2026/8046490.pdf"
"Daniela Reinehr";"01932951997";"220557";"475";"2023";"SC";"PL";"57";"3";"COMBUSTÍVEIS E LUBRIFICANTES.";"1";"Veículos Automotores";"POSTO MIME S.A. FL 10";"834.888.820/0118-5";"603970";"4";"2026-04-25T18:36:49";"140";"0";"140";"4";"2026";"0";"";"";"2230608";"";"";"";"3517";"8089869";"https://www.camara.leg.br/cota-parlamentar/nota-fiscal-eletronica?ideDocumentoFiscal=8089869"
"Adriano do Baldy";"50746553153";"121948";"416";"2023";"GO";"PP";"57";"1";"MANUTENÇÃO DE ESCRITÓRIO DE APOIO À ATIVIDADE PARLAMENTAR";"0";"";"EQUATORIAL GOIAS DISTRIBUIDORA DE ENERGIA S/A";"015.430.320/0010-4";"19443675";"0";"2026-06-12T00:00:00";"632.11";"0";"632.11";"6";"2026";"0";"";"";"2250624";"";"";"";"3353";"8126075";"https://www.camara.leg.br/cota-parlamentar/documentos/publ/3353/2026/8126075.pdf"
"Cezinha de Madureira";"65188845504";"204504";"351";"2023";"SP";"PL";"57";"3";"COMBUSTÍVEIS E LUBRIFICANTES.";"1";"Veículos Automotores";"AUTO POSTO CINCO ESTRELAS LTDA";"006.924.180/0010-7";"1322359";"4";"2026-08-24T10:01:28";"285.19";"0";"285.19";"8";"2026";"0";"";"";"2261753";"";"";"";"3283";"8150567";"https://www.camara.leg.br/cota-parlamentar/nota-fiscal-eletronica?ideDocumentoFiscal=8150567"
"Merlong Solano";"13891820372";"188097";"518";"2023";"PI";"PT";"57";"120";"LOCAÇÃO OU FRETAMENTO DE VEÍCULOS AUTOMOTORES";"0";"";"AUTO LESTE LTDA";"091.165.410/0015-4";"5620";"1";"2026-03-05T00:00:00";"18000";"0";"18000";"2";"2026";"0";"";"";"2215690";"";"";"";"3121";"8062253";"https://www.camara.leg.br/cota-parlamentar/documentos/publ/3121/2026/8062253.pdf"
"Jefferson Campos";"02684165831";"74273";"349";"2023";"SP";"PL";"57";"1";"MANUTENÇÃO DE ESCRITÓRIO DE APOIO À ATIVIDADE PARLAMENTAR";"0";"";"PARLANET WEB E TECNOLOGIA LTDA";"316.027.300/0019-6";"1101";"0";"2026-05-19T00:00:00";"350";"0";"350";"5";"2026";"0";"";"";"2249377";"";"";"";"1669";"8125711";"https://www.camara.leg.br/cota-parlamentar/documentos/publ/1669/2026/8125711.pdf"
"Carlos Zarattini";"00398099863";"141398";"398";"2023";"SP";"PT";"57";"3";"COMBUSTÍVEIS E LUBRIFICANTES.";"1";"Veículos Automotores";"AUTO POSTO QUINTAS DO MORUMBI";"180.050.710/0014-2";"74005";"0";"2026-03-03T00:00:00";"129.32";"0";"129.32";"3";"2026";"0";"";"";"2217288";"";"";"";"1963";"8064680";"https://www.camara.leg.br/cota-parlamentar/documentos/publ/1963/2026/8064680.pdf"
"Roberto Duarte";"67681468072";"220588";"57";"2023";"AC";"REPUBLICANOS";"57";"14";"HOSPEDAGEM ,EXCETO DO PARLAMENTAR NO DISTRITO FEDERAL.";"0";"";"HOTEL & RESTAURANTE ACAI LTDA";"076.391.840/0018-3";"2990";"0";"2026-08-17T00:00:00";"169";"0";"169";"8";"2026";"0";"";"";"2261371";"";"";"";"3575";"8149871";"https://www.camara.leg.br/cota-parlamentar/documentos/publ/3575/2026/8149871.pdf"
"Stefano Aguiar";"00001608657";"92776";"267";"2023";"MG";"PSD";"57";"122";"SERVIÇO DE TÁXI, PEDÁGIO E ESTACIONAMENTO";"0";"";"UBER DO BRASIL TECNOLOGIA LTDA.";"178.956.460/0018-7";"sn";"1";"2026-06-19T00:00:00";"25.33";"0";"25.33";"6";"2026";"0";"";"";"2250743";"";"";"";"2430";"8128377";"https://www.camara.leg.br/cota-parlamentar/documentos/publ/2430/2026/8128377.pdf"
"Tiago Dimas";"01657051161";"143084";"620";"2023";"TO";"PODE";"57";"5";"DIVULGAÇÃO DA ATIVIDADE PARLAMENTAR.";"0";"";"GEIZILANE FREIRE COSTA";"300.659.900/0010-7";"00153";"0";"2026-04-27T00:00:00";"500";"0";"500";"3";"2026";"0";"";"";"2229559";"";"";"";"3296";"8087729";"https://www.camara.leg.br/cota-parlamentar/documentos/publ/3296/2026/8087729.pdf"
"Laura Carneiro";"79401546720";"74856";"307";"2023";"RJ";"PSD";"57";"3";"COMBUSTÍVEIS E LUBRIFICANTES.";"1";"Veículos Automotores";"CENTRO AUTOMOTIVO CRUZADA DA BARRA LTDA";"123.086.620/0010-2";"355497";"4";"2026-03-07T00:00:00";"200";"0";"200";"3";"2026";"0";"";"";"2215830";"";"";"";"1118";"8062609";"https://www.camara.leg.br/cota-parlamentar/nota-fiscal-eletronica?ideDocumentoFiscal=8062609"
"Orlando Silva";"56524455568";"178987";"520";"2023";"SP";"PCdoB";"57";"1";"MANUTENÇÃO DE ESCRITÓRIO DE APOIO À ATIVIDADE PARLAMENTAR";"0";"";"FERNANDO SANTIAGO DO PRADO";"593.003.480/0014-7";"59";"0";"2026-05-05T00:00:00";"2341.44";"0";"2341.44";"5";"2026";"0";"";"";"2239751";"";"";"";"2957";"8105804";"https://www.camara.leg.br/cota-parlamentar/documentos/publ/2957/2026/8105804.pdf"
"Alice Portugal";"12377392504";"74057";"180";"2023";"BA";"PCdoB";"57";"10";"TELEFONIA";"0";"";"CELULAR FUNCIONAL";"000.000.000/0000-1";"8151526";"0";"";"233.12";"0";"233.12";"5";"2026";"0";"";"";"0";"0";"";"";"1531";"0";""
"Franciane Bayer";"01320484000";"220551";"510";"2023";"RS";"REPUBLICANOS";"57";"3";"COMBUSTÍVEIS E LUBRIFICANTES.";"1";"Veículos Automotores";"DIAS & DIAS COMERCIO DE COMBUSTIVEIS LTDA";"205.876.190/0015-1";"52349";"4";"2026-09-09T00:00:00";"100";"0";"100";"9";"2026";"0";"";"";"2265101";"";"";"";"3514";"8156939";"https://www.camara.leg.br/cota-parlamentar/nota-fiscal-eletronica?ideDocumentoFiscal=8156939"
"Fernando Rodolfo";"04445225495";"204427";"147";"2023";"PE";"PRD";"57";"14";"HOSPEDAGEM ,EXCETO DO PARLAMENTAR NO DISTRITO FEDERAL.";"0";"";"Maren Empreendimentos Hoteleiros LTDA";"415.416.600/0016-7";"00001415";"0";"2026-05-19T00:00:00";"684";"0";"684";"5";"2026";"0";"";"";"2238725";"";"";"";"3243";"8104858";"https://www.camara.leg.br/cota-parlamentar/documentos/publ/3243/2026/8104858.pdf"
"Fred Costa";"02505101620";"204494";"244";"2023";"MG";"PRD";"57";"3";"COMBUSTÍVEIS E LUBRIFICANTES.";"1";"Veículos Automotores";"POSTO LUPUS ISABEL BUENO LTDA";"025.072.570/0016-0";"69604";"0";"2026-02-27T00:00:00";"290.04";"0";"290.04";"2";"2026";"0";"";"";"2212905";"";"";"";"3387";"8057543";"https://www.camara.leg.br/cota-parlamentar/documentos/publ/3387/2026/8057543.pdf"
"Roberto Monteiro Pai";"45989508700";"220613";"322";"2023";"RJ";"PL";"57";"3";"COMBUSTÍVEIS E LUBRIFICANTES.";"1";"Veículos Automotores";"POSTOBELLO II COMERCIO DE COMBUSTIVEIS LTDA";"337.532.300/0018-0";"149032";"4";"2026-01-14T00:00:00";"230.39";"0";"230.39";"1";"2026";"0";"";"";"2206480";"";"";"";"3555";"8046083";"https://www.camara.leg.br/cota-parlamentar/nota-fiscal-eletronica?ideDocumentoFiscal=8046083"
"Luiz Carlos Busato";"05698960020";"141485";"500";"2023";"RS";"UNIÃO";"57";"13";"FORNECIMENTO DE ALIMENTAÇÃO DO PARLAMENTAR";"0";"";"BETTO S GRILL LTDA";"154.014.190/0020-3";"72154";"4";"2026-03-31T00:00:00";"74.32";"0";"74.32";"3";"2026";"0";"";"";"2222309";"";"";"";"1793";"8074485";"https://www.camara.leg.br/cota-parlamentar/nota-fiscal-eletronica?ideDocumentoFiscal=8074485"
"Daniel Trzeciak";"01297812077";"204409";"491";"2023";"RS";"PSDB";"57";"1";"MANUTENÇÃO DE ESCRITÓRIO DE APOIO À ATIVIDADE PARLAMENTAR";"0";"";"CLARO NXT TELECOMUNICACOES S/A";"669.702.290/0067-1";"0040953869";"0";"2026-07-28T00:00:00";"184.79";"0";"184.79";"7";"2026";"0";"";"";"2257695";"";"";"";"3328";"8142733";"https://www.camara.leg.br/cota-parlamentar/documentos/publ/3328/2026/8142733.pdf"
"Jack Rocha";"10106629700";"220527";"282";"2023";"ES";"PT";"57";"40";"COMPLEMENTAÇÃO DO AUXÍLIO-MORADIA";"0";"";"";"";"";"1";"";"2647";"";"-2647";"6";"2026";"0";"";"";"";"";"";"0.0";"3651";"5444";""
"Mário Negromonte Jr.";"00031226540";"178858";"208";"2023";"BA";"PSB";"57";"120";"LOCAÇÃO OU FRETAMENTO DE VEÍCULOS AUTOMOTORES";"0";"";"AAMJ EMPREENDIMENTOS E PARTICIPAÇÕES LTDA";"558.220.470/0012-2";"7";"0";"2026-06-10T00:00:00";"17500";"0";"17500";"5";"2026";"0";"";"";"2245855";"";"";"";"2996";"8118402";"https://www.camara.leg.br/cota-parlamentar/documentos/publ/2996/2026/8118402.pdf"
"Mauricio do Vôlei";"36009756847";"220628";"241";"2023";"MG";"PL";"57";"3";"COMBUSTÍVEIS E LUBRIFICANTES.";"1";"Veículos Automotores";"AUTO POSTO PRIMU'S - EIRELI";"149.074.490/0014-2";"808822";"0";"2026-01-15T00:00:00";"173.2";"0";"173.2";"1";"2026";"0";"";"";"2205148";"";"";"";"3566";"8043786";"https://www.camara.leg.br/cota-parlamentar/documentos/publ/3566/2026/8043786.pdf"
"Ricardo Ayres";"69196133104";"220543";"67";"2023";"TO";"REPUBLICANOS";"57";"3";"COMBUSTÍVEIS E LUBRIFICANTES.";"1";"Veículos Automotores";"MCM COMERCIO DE DERIVADOS DE PETROLEO LTDA";"974.865.340/0029-2";"27144";"4";"2026-06-29T00:00:00";"300.62";"0";"300.62";"6";"2026";"0";"";"";"2250827";"";"";"";"3708";"8128520";"https://www.camara.leg.br/cota-parlamentar/nota-fiscal-eletronica?ideDocumentoFiscal=8128520"
"Rodrigo de Castro";"83035605653";"141531";"268";"2023";"MG";"UNIÃO";"57";"8";"SERVIÇO DE SEGURANÇA PRESTADO POR EMPRESA ESPECIALIZADA.";"0";"";"PHOENIX TECNOLOGIA EM SEGURANCA ELETRONICA LTDA";"137.375.100/0019-8";"1776";"0";"2026-06-26T00:00:00";"272.76";"0";"272.76";"6";"2026";"0";"";"";"2253117";"";"";"";"1928";"8133085";"https://www.camara.leg.br/cota-parlamentar/documentos/publ/1928/2026/8133085.pdf"
"Beto Pereira";"69380007191";"204358";"433";"2023";"MS";"REPUBLICANOS";"57";"14";"HOSPEDAGEM ,EXCETO DO PARLAMENTAR NO DISTRITO FEDERAL.";"0";"";"HOTEL B & S LTDA";"192.748.620/0013-0";"30526";"0";"2026-07-15T00:00:00";"1853";"0";"1853";"7";"2026";"0";"";"";"2253608";"";"";"";"3432";"8134185";"https://www.camara.leg.br/cota-parlamentar/documentos/publ/3432/2026/8134185.pdf"
"Dimas Fabiano";"03694339639";"160599";"231";"2023";"MG";"PP";"57";"14";"HOSPEDAGEM ,EXCETO DO PARLAMENTAR NO DISTRITO FEDERAL.";"0";"";"MEDIEVAL HOTEL VARGINHA LTDA";"443.812.170/0016-4";"11880";"0";"2026-08-15T00:00:00";"435";"0";"435";"8";"2026";"0";"";"";"2262467";"";"";"";"2356";"8151846";"https://www.camara.leg.br/cota-parlamentar/documentos/publ/2356/2026/8151846.pdf"
"Reimont";"48751626691";"220606";"321";"2023";"RJ";"PT";"57";"122";"SERVIÇO DE TÁXI, PEDÁGIO E ESTACIONAMENTO";"0";"";"SINDICATO DOS PERMISSIONARIOS DE TAXIS E MOTORISTAS AUXILIARES DO DISTRITO FEDERAL";"000.317.080/0010-0";"137";"1";"2026-06-24T00:00:00";"99";"0";"99";"6";"2026";"0";"";"";"2248280";"";"";"";"3663";"8123505";"https://www.camara.leg.br/cota-parlamentar/documentos/publ/3663/2026/8123505.pdf"
"Miguel Ângelo";"11737232693";"171786";"250";"2023";"MG";"PT";"57";"3";"COMBUSTÍVEIS E LUBRIFICANTES.";"1";"Veículos Automotores";"SANTO POSTO CONTAGEM";"402.201.240/0010-5";"96053";"0";"2026-03-09T00:00:00";"100";"0";"100";"3";"2026";"0";"";"";"2219003";"";"";"";"3604";"8068259";"https://www.camara.leg.br/cota-parlamentar/documentos/publ/3604/2026/8068259.pdf"
"Leur Lomanto Júnior";"87594749120";"92102";"200";"2023";"BA";"UNIÃO";"57";"3";"COMBUSTÍVEIS E LUBRIFICANTES.";"1";"Veículos Automotores";"POSTO LB 052 LTDA";"403.585.840/0019-6";"273001";"4";"2026-04-10T00:00:00";"520.09";"0";"520.09";"4";"2026";"0";"";"";"2227807";"";"";"";"3345";"8084467";"https://www.camara.leg.br/cota-parlamentar/nota-fiscal-eletronica?ideDocumentoFiscal=8084467"
"Aguinaldo Ribeiro";"51921146400";"160527";"129";"2023";"PB";"PP";"57";"3";"COMBUSTÍVEIS E LUBRIFICANTES.";"1";"Veículos Automotores";"AUTO POSTO VIA ESTRUTURAL LTDA - LAGO SUL";"235.970.310/0025-8";"100499";"4";"2026-05-05T09:26:32";"150";"0";"150";"5";"2026";"0";"";"";"2232400";"";"";"";"2408";"8093119";"https://www.camara.leg.br/cota-parlamentar/nota-fiscal-eletronica?ideDocumentoFiscal=8093119"
"João Daniel";"51625091591";"178970";"179";"2023";"SE";"PT";"57";"3";"COMBUSTÍVEIS E LUBRIFICANTES.";"1";"Veículos Automotores";"POSTO RIO SERGIPE LTDA";"161.945.810/0018-0";"21742";"4";"2026-05-30T00:00:00";"453.7";"0";"453.7";"5";"2026";"0";"";"";"2241539";"";"";"";"3073";"8110149";"https://www.camara.leg.br/cota-parlamentar/nota-fiscal-eletronica?ideDocumentoFiscal=8110149"
"Heitor Schuch";"45479453068";"178964";"504";"2023";"RS";"PSD";"57";"3";"COMBUSTÍVEIS E LUBRIFICANTES.";"1";"Veículos Automotores";"CPS COMBUSTIVEIS LTDA";"053.691.420/0081-0";"214328";"4";"2026-06-11T17:09:20";"336.18";"0";"336.18";"6";"2026";"0";"";"";"2245784";"";"";"";"3056";"8118253";"https://www.camara.leg.br/cota-parlamentar/nota-fiscal-eletronica?ideDocumentoFiscal=8118253"
"Rodrigo Estacho";"07239567907";"223128";"535";"2023";"PR";"PSD";"57";"10";"TELEFONIA";"0";"";"CELULAR FUNCIONAL";"000.000.000/0000-1";"8148549";"0";"";"76.01";"0";"76.01";"3";"2026";"0";"";"";"0";"0";"";"";"3720";"0";""
"Juninho do Pneu";"07845799700";"204457";"308";"2023";"RJ";"PSDB";"57";"120";"LOCAÇÃO OU FRETAMENTO DE VEÍCULOS AUTOMOTORES";"0";"";"B R GONCALVES LTDA";"061.773.790/0019-6";"1682";"0";"2026-06-18T00:00:00";"512.08";"0";"512.08";"6";"2026";"0";"";"";"2247330";"";"";"";"3391";"8121569";"https://www.camara.leg.br/cota-parlamentar/documentos/publ/3391/2026/8121569.pdf"
"Delegado Paulo Bilynskyj";"06537203945";"220654";"353";"2023";"SP";"PL";"57";"14";"HOSPEDAGEM ,EXCETO DO PARLAMENTAR NO DISTRITO FEDERAL.";"0";"";"HOTEL VALE BOA VISTA LTDA";"052.512.790/0010-8";"46970";"0";"2026-08-07T00:00:00";"205";"0";"205";"8";"2026";"0";"";"";"2258615";"";"";"";"3620";"8144260";"https://www.camara.leg.br/cota-parlamentar/documentos/publ/3620/2026/8144260.pdf"
"Rafael Fera";"99668432215";"233594";"619";"2023";"RO";"PODE";"57";"122";"SERVIÇO DE TÁXI, PEDÁGIO E ESTACIONAMENTO";"0";"";"CONCESSIONÁRIA PORTO VELHO";"604.379.290/0010-4";"2629555";"0";"2026-03-11T00:00:00";"5.4";"0";"5.4";"3";"2026";"0";"";"";"2223845";"";"";"";"3794";"8077220";"https://www.camara.leg.br/cota-parlamentar/documentos/publ/3794/2026/8077220.pdf"
"Cobalchini";"33944709187";"98148";"472";"2023";"SC";"MDB";"57";"1";"MANUTENÇÃO DE ESCRITÓRIO DE APOIO À ATIVIDADE PARLAMENTAR";"0";"";"CELESC DISTRIBUICAO S.A";"083.367.830/0019-0";"078658295";"0";"2026-02-02T00:00:00";"46.38";"0";"46.38";"2";"2026";"0";"";"";"2212326";"";"";"";"3704";"8056513";"https://www.camara.leg.br/cota-parlamentar/documentos/publ/3704/2026/8056513.pdf"
"Geovania de Sá";"81095910949";"178966";"523";"2023";"SC";"REPUBLICANOS";"57";"14";"HOSPEDAGEM ,EXCETO DO PARLAMENTAR NO DISTRITO FEDERAL.";"0";"";"PIRES HOTEIS E TURISMO LTDA";"804.519.410/0034-2";"4582";"0";"2026-04-14T00:00:00";"370.28";"0";"370.28";"4";"2026";"0";"";"";"2226900";"";"";"";"2987";"8082461";"https://www.camara.leg.br/cota-parlamentar/documentos/publ/2987/2026/8082461.pdf"
"Andreia Siqueira";"54305810204";"220676";"19";"2023";"PA";"PSB";"57";"5";"DIVULGAÇÃO DA ATIVIDADE PARLAMENTAR.";"0";"";"WEVERSON SARMENTO DA PAIXÃO";"313.382.490/0013-5";"111";"0";"2026-01-03T00:00:00";"25000";"0";"25000";"1";"2026";"0";"";"";"2203633";"";"";"";"3552";"8041063";"https://www.camara.leg.br/cota-parlamentar/documentos/publ/3552/2026/8041063.pdf"
"Saulo Pedroso";"30420230874";"226837";"559";"2023";"SP";"PSD";"57";"10";"TELEFONIA";"0";"";"CELULAR FUNCIONAL";"000.000.000/0000-1";"8090675";"0";"";"182.86";"0";"182.86";"1";"2026";"0";"";"";"0";"0";"";"";"3748";"0";""
"Marussa Boldrin";"02710089114";"220572";"429";"2023";"GO";"REPUBLICANOS";"57";"3";"COMBUSTÍVEIS E LUBRIFICANTES.";"1";"Veículos Automotores";"POSTO Z+Z SANTA MARTA LTDA";"249.827.960/0019-3";"2097030";"4";"2026-04-17T00:00:00";"331.06";"0";"331.06";"4";"2026";"0";"";"";"2229908";"";"";"";"3638";"8088270";"https://www.camara.leg.br/cota-parlamentar/nota-fiscal-eletronica?ideDocumentoFiscal=8088270"
"Luiz Philippe de Orleans e Bragança";"11844856828";"204526";"368";"2023";"SP";"PL";"57";"122";"SERVIÇO DE TÁXI, PEDÁGIO E ESTACIONAMENTO";"0";"";"UBER DO BRASIL TECNOLOGIA LTDA.";"178.956.460/0018-7";"00";"1";"2026-04-14T00:00:00";"57.11";"0";"57.11";"4";"2026";"0";"";"";"2229913";"";"";"";"3220";"8088442";"https://www.camara.leg.br/cota-parlamentar/documentos/publ/3220/2026/8088442.pdf"
"Antonio Carlos Rodrigues";"19990448868";"220638";"335";"2023";"SP";"PODE";"57";"11";"SERVIÇOS POSTAIS";"0";"";"ECT - EMP. BRAS. DE CORREIOS E TELGRAFOS";"340.283.165/4862-1";"2983706696";"1";"2026-05-26T00:00:00";"61";"0";"61";"5";"2026";"0";"";"";"2239286";"";"";"";"3654";"8105987";"https://www.camara.leg.br/cota-parlamentar/documentos/publ/3654/2026/8105987.pdf"
"Flávia Morais";"54779537134";"160598";"422";"2023";"GO";"MDB";"57";"3";"COMBUSTÍVEIS E LUBRIFICANTES.";"1";"Veículos Automotores";"POSTO Z+Z SAO PEDRO LTDA";"507.806.840/0016-0";"223691";"0";"2026-02-21T00:00:00";"335.1";"0";"335.1";"2";"2026";"0";"";"";"2217426";"";"";"";"2229";"8065377";"https://www.camara.leg.br/cota-parlamentar/documentos/publ/2229/2026/8065377.pdf"
"Pedro Lucas Fernandes";"82994684349";"122974";"85";"2023";"MA";"UNIÃO";"57";"5";"DIVULGAÇÃO DA ATIVIDADE PARLAMENTAR.";"0";"";"AMF COMUNICACOES LTDA";"528.312.410/0018-6";"00000054";"0";"2026-02-19T00:00:00";"4000";"0";"4000";"2";"2026";"0";"";"";"2214098";"";"";"";"3199";"8053830";"https://www.camara.leg.br/cota-parlamentar/documentos/publ/3199/2026/8053830.pdf"
"Julia Zanatta";"04796165908";"220559";"483";"2023";"SC";"PL";"57";"3";"COMBUSTÍVEIS E LUBRIFICANTES.";"1";"Veículos Automotores";"POSTO PLANALTO LTDA";"834.673.570/0010-1";"947616";"4";"2026-06-30T16:46:45";"237.32";"0";"237.32";"6";"2026";"0";"";"";"2254062";"";"";"";"3629";"8135140";"https://www.camara.leg.br/cota-parlamentar/nota-fiscal-eletronica?ideDocumentoFiscal=8135140"
"Fernanda Melchionna";"00213461005";"204407";"496";"2023";"RS";"PSOL";"57";"123";"PASSAGENS TERRESTRES, MARÍTIMAS OU FLUVIAIS";"0";"";"Planalto Transportes ltda";"955.920.770/0010-4";"2138562";"0";"2026-03-04T00:00:00";"183.3";"0";"183.3";"3";"2026";"0";"";"";"2214244";"";"";"";"3384";"8059912";"https://www.camara.leg.br/cota-parlamentar/documentos/publ/3384/2026/8059912.pdf"
"Célia Xakriabá";"10312520611";"206018";"230";"2023";"MG";"PSOL";"57";"122";"SERVIÇO DE TÁXI, PEDÁGIO E ESTACIONAMENTO";"0";"";"ECO135 CONCESSIONARIA DE RODOVIAS S.A.";"302.651.000/0010-0";"5ECF642C";"0";"2026-07-24T00:00:00";"10.6";"0";"10.6";"7";"2026";"0";"";"";"2255869";"";"";"";"3609";"8138884";"https://www.camara.leg.br/cota-parlamentar/documentos/publ/3609/2026/8138884.pdf"
"Gabriel Nunes";"01082083542";"220708";"197";"2023";"BA";"PSD";"57";"14";"HOSPEDAGEM ,EXCETO DO PARLAMENTAR NO DISTRITO FEDERAL.";"0";"";"POUSADA FORTALEZA LTDA";"430.041.820/0018-1";"2026100000763";"0";"2026-06-29T00:00:00";"260";"0";"260";"6";"2026";"0";"";"";"2248923";"";"";"";"3645";"8124888";"https://www.camara.leg.br/cota-parlamentar/documentos/publ/3645/2026/8124888.pdf"
"Zé Neto";"38247186500";"204559";"217";"2023";"BA";"PT";"57";"14";"HOSPEDAGEM ,EXCETO DO PARLAMENTAR NO DISTRITO FEDERAL.";"0";"";"RA BARRAVENTO HOTEL LTDA";"642.933.440/0011-9";"2026888";"0";"2026-07-23T00:00:00";"333.09";"0";"333.09";"7";"2026";"0";"";"";"2255782";"";"";"";"3261";"8138700";"https://www.camara.leg.br/cota-parlamentar/documentos/publ/3261/2026/8138700.pdf"
"Denise Pessôa";"81193157072";"220553";"509";"2023";"RS";"PT";"57";"14";"HOSPEDAGEM ,EXCETO DO PARLAMENTAR NO DISTRITO FEDERAL.";"0";"";"hoteis e pousadas barreto e lopes ltda";"511.081.390/0019-4";"195";"0";"2026-03-11T00:00:00";"889";"0";"889";"3";"2026";"0";"";"";"2219666";"";"";"";"3677";"8068352";"https://www.camara.leg.br/cota-parlamentar/documentos/publ/3677/2026/8068352.pdf"
"José Rocha";"04789113515";"74554";"203";"2023";"BA";"UNIÃO";"57";"10";"TELEFONIA";"0";"";"CELULAR FUNCIONAL";"000.000.000/0000-1";"8090675";"0";"";"365.72";"0";"365.72";"1";"2026";"0";"";"";"0";"0";"";"";"1071";"0";""
"Rosana Valle";"10851776884";"204525";"388";"2023";"SP";"PL";"57";"120";"LOCAÇÃO OU FRETAMENTO DE VEÍCULOS AUTOMOTORES";"0";"";"SMART VEICULOS LTDA";"291.391.110/0016-5";"5356";"1";"2026-07-29T00:00:00";"3690";"0";"3690";"8";"2026";"0";"";"";"2256491";"";"";"";"3281";"8140283";"https://www.camara.leg.br/cota-parlamentar/documentos/publ/3281/2026/8140283.pdf"
"Josenildo";"43230849272";"220578";"12";"2023";"AP";"PDT";"57";"10";"TELEFONIA";"0";"";"CELULAR FUNCIONAL";"000.000.000/0000-1";"8156377";"0";"";"349.68";"0";"349.68";"7";"2026";"0";"";"";"0";"0";"";"";"3559";"0";""
"Renildo Calheiros";"20936079487";"73801";"154";"2023";"PE";"PCdoB";"57";"5";"DIVULGAÇÃO DA ATIVIDADE PARLAMENTAR.";"0";"";"STAMPA DIGITAL & MIDIA EXTERIOR LTDA";"198.407.090/0020-4";"173";"0";"2026-05-25T00:00:00";"22500";"0";"22500";"5";"2026";"0";"";"";"2238952";"";"";"";"652";"8105355";"https://www.camara.leg.br/cota-parlamentar/documentos/publ/652/2026/8105355.pdf"
"Alfredinho";"01133057888";"221148";"529";"2023";"SP";"PT";"57";"3";"COMBUSTÍVEIS E LUBRIFICANTES.";"1";"Veículos Automotores";"TONINHO TRINTA AUTO POSTO";"594.697.750/0015-3";"141922";"0";"2026-05-04T00:00:00";"200";"0";"200";"5";"2026";"0";"";"";"2237474";"";"";"";"3505";"8102353";"https://www.camara.leg.br/cota-parlamentar/documentos/publ/3505/2026/8102353.pdf"
"Helio Lopes";"00891743723";"204444";"303";"2023";"RJ";"PL";"57";"122";"SERVIÇO DE TÁXI, PEDÁGIO E ESTACIONAMENTO";"0";"";"UBER DO BRASIL TECNOLOGIA LTDA.";"178.956.460/0018-7";"S/Nº";"1";"2026-07-03T00:00:00";"19.97";"0";"19.97";"7";"2026";"0";"";"";"2250541";"";"";"";"3344";"8127986";"https://www.camara.leg.br/cota-parlamentar/documentos/publ/3344/2026/8127986.pdf"
"Stefano Aguiar";"00001608657";"92776";"267";"2023";"MG";"PSD";"57";"122";"SERVIÇO DE TÁXI, PEDÁGIO E ESTACIONAMENTO";"0";"";"UBER DO BRASIL TECNOLOGIA LTDA.";"178.956.460/0018-7";"sn";"1";"2026-07-08T00:00:00";"40.28";"0";"40.28";"7";"2026";"0";"";"";"2261949";"";"";"";"2430";"8150794";"https://www.camara.leg.br/cota-parlamentar/documentos/publ/2430/2026/8150794.pdf"
"Hugo Leal";"41365585620";"141450";"306";"2023";"RJ";"PSD";"57";"10";"TELEFONIA";"0";"";"RAMAL";"000.000.000/0000-6";"8094946";"0";"";"13.5";"0";"13.5";"3";"2026";"0";"";"";"0";"0";"";"";"1848";"0";""
"Pompeo de Mattos";"28346890087";"73486";"516";"2023";"RS";"PDT";"57";"3";"COMBUSTÍVEIS E LUBRIFICANTES.";"1";"Veículos Automotores";"PRAIA DE BELAS COMERCIO DE COMBUSTÍVEIS LTDA";"574.046.970/0018-3";"51974";"4";"2026-02-26T00:00:00";"170";"0";"170";"2";"2026";"0";"";"";"2215431";"";"";"";"1458";"8061847";"https://www.camara.leg.br/cota-parlamentar/nota-fiscal-eletronica?ideDocumentoFiscal=8061847"
"Chico Alencar";"26451379700";"74171";"292";"2023";"RJ";"PSOL";"57";"122";"SERVIÇO DE TÁXI, PEDÁGIO E ESTACIONAMENTO";"0";"";"99 POP";"180.335.520/0016-1";"SN";"1";"2026-03-27T00:00:00";"22.68";"0";"22.68";"3";"2026";"0";"";"";"2225418";"";"";"";"1557";"8080059";"https://www.camara.leg.br/cota-parlamentar/documentos/publ/1557/2026/8080059.pdf"
"Rosângela Reis";"64328929615";"220620";"265";"2023";"MG";"PL";"57";"3";"COMBUSTÍVEIS E LUBRIFICANTES.";"1";"Veículos Automotores";"AUTO POSTO REDE SOUZA LTDA";"059.078.220/0181-2";"621551";"0";"2026-04-28T00:00:00";"50";"0";"50";"4";"2026";"0";"";"";"2231126";"";"";"";"3582";"8090908";"https://www.camara.leg.br/cota-parlamentar/documentos/publ/3582/2026/8090908.pdf"
"Gervásio Maia";"88623327420";"204394";"133";"2023";"PB";"PCdoB";"57";"3";"COMBUSTÍVEIS E LUBRIFICANTES.";"1";"Veículos Automotores";"DANTAS COMBUSTIVEIS LTDA - ME";"076.542.830/0013-4";"213872";"4";"2026-06-27T00:00:00";"460.01";"0";"460.01";"6";"2026";"0";"";"";"2247913";"";"";"";"3401";"8122712";"https://www.camara.leg.br/cota-parlamentar/nota-fiscal-eletronica?ideDocumentoFiscal=8122712"
"Franciane Bayer";"01320484000";"220551";"510";"2023";"RS";"REPUBLICANOS";"57";"3";"COMBUSTÍVEIS E LUBRIFICANTES.";"1";"Veículos Automotores";"SIM REDE DE POSTOS LTDA - ESTEIO MEGA";"074.737.350/1804-8";"1317245";"4";"2026-06-07T15:23:09";"221.94";"0";"221.94";"6";"2026";"0";"";"";"2246806";"";"";"";"3514";"8120444";"https://www.camara.leg.br/cota-parlamentar/nota-fiscal-eletronica?ideDocumentoFiscal=8120444"
"Paulo Litro";"07196225902";"220685";"460";"2023";"PR";"UNIÃO";"57";"3";"COMBUSTÍVEIS E LUBRIFICANTES.";"1";"Veículos Automotores";"IRMAOS ALCANTARA & CIA LTDA";"256.298.090/0037-0";"549218";"4";"2026-02-05T10:28:53";"280.05";"0";"280.05";"2";"2026";"0";"";"";"2208116";"";"";"";"3696";"8048684";"https://www.camara.leg.br/cota-parlamentar/nota-fiscal-eletronica?ideDocumentoFiscal=8048684"
"Evair Vieira de Melo";"02261265794";"178871";"274";"2023";"ES";"REPUBLICANOS";"57";"3";"COMBUSTÍVEIS E LUBRIFICANTES.";"1";"Veículos Automotores";"AUTO POSTO ESMIG LTDA";"274.445.950/0012-0";"36566";"4";"2026-03-16T00:00:00";"2138.97";"0";"2138.97";"3";"2026";"0";"";"";"2219221";"";"";"";"2984";"8068653";"https://www.camara.leg.br/cota-parlamentar/nota-fiscal-eletronica?ideDocumentoFiscal=8068653"
"Vitor Lippi";"00168780860";"178992";"399";"2023";"SP";"PSD";"57";"122";"SERVIÇO DE TÁXI, PEDÁGIO E ESTACIONAMENTO";"0";"";"SEM PARAR INSTITUIÇÃO DE PAGAMENTO LTDA.";"040.882.080/0016-5";"676313350";"0";"2026-01-29T00:00:00";"255.29";"0";"255.29";"1";"2026";"0";"";"";"2207676";"";"";"";"2954";"8048077";"https://www.camara.leg.br/cota-parlamentar/documentos/publ/2954/2026/8048077.pdf"
"Jadyel Alencar";"64754570359";"220697";"117";"2023";"PI";"REPUBLICANOS";"57";"5";"DIVULGAÇÃO DA ATIVIDADE PARLAMENTAR.";"0";"";"ESTIMATIVA EDITORA E COMUNICACAO LTDA";"226.755.430/0014-1";"2415";"0";"2026-02-26T00:00:00";"2500";"0";"2500";"2";"2026";"0";"";"";"2212983";"";"";"";"3549";"8057695";"https://www.camara.leg.br/cota-parlamentar/documentos/publ/3549/2026/8057695.pdf"
"Pastor Eurico";"23340541434";"160642";"155";"2023";"PE";"PSDB";"57";"13";"FORNECIMENTO DE ALIMENTAÇÃO DO PARLAMENTAR";"0";"";"SERVICO NACIONAL DE APREND. COMERCIAL";"334.691.720/0067-2";"38";"4";"2026-03-17T00:00:00";"62.05";"0";"62.05";"3";"2026";"0";"";"";"2218598";"";"";"";"2264";"8067562";"https://www.camara.leg.br/cota-parlamentar/nota-fiscal-eletronica?ideDocumentoFiscal=8067562"
"Erika Kokay";"22441107100";"160575";"407";"2023";"DF";"PT";"57";"122";"SERVIÇO DE TÁXI, PEDÁGIO E ESTACIONAMENTO";"0";"";"UBER DO BRASIL TECNOLOGIA LTDA.";"178.956.460/0018-7";"6589478";"1";"2026-06-27T00:00:00";"35.33";"0";"35.33";"6";"2026";"0";"";"";"2258476";"";"";"";"2403";"8140160";"https://www.camara.leg.br/cota-parlamentar/documentos/publ/2403/2026/8140160.pdf"
"Aureo Ribeiro";"05355525725";"160512";"290";"2023";"RJ";"SOLIDARIEDADE";"57";"1";"MANUTENÇÃO DE ESCRITÓRIO DE APOIO À ATIVIDADE PARLAMENTAR";"0";"";"BROAD BRASIL LTDA";"489.496.410/0011-3";"1529";"0";"2026-03-24T00:00:00";"850";"0";"850";"3";"2026";"0";"";"";"2222400";"";"";"";"2384";"8074661";"https://www.camara.leg.br/cota-parlamentar/documentos/publ/2384/2026/8074661.pdf"
"Delegado Fabio Costa";"03861274418";"220583";"168";"2023";"AL";"PP";"57";"3";"COMBUSTÍVEIS E LUBRIFICANTES.";"1";"Veículos Automotores";"POSTO BOULANGERIE LTDA";"004.402.390/0018-2";"718779";"4";"2026-05-31T00:00:00";"360.1";"0";"360.1";"5";"2026";"0";"";"";"2241317";"";"";"";"3633";"8109744";"https://www.camara.leg.br/cota-parlamentar/nota-fiscal-eletronica?ideDocumentoFiscal=8109744"
"Talíria Petrone";"11138295752";"204464";"323";"2023";"RJ";"PSOL";"57";"1";"MANUTENÇÃO DE ESCRITÓRIO DE APOIO À ATIVIDADE PARLAMENTAR";"0";"";"Telefônica Brasil S/A - VIVO";"025.581.570/0016-2";"015619447";"0";"2026-02-13T00:00:00";"120";"0";"120";"2";"2026";"0";"";"";"2214763";"";"";"";"3385";"8060833";"https://www.camara.leg.br/cota-parlamentar/documentos/publ/3385/2026/8060833.pdf"
"Saullo Vianna";"77715748234";"220713";"42";"2023";"AM";"MDB";"57";"3";"COMBUSTÍVEIS E LUBRIFICANTES.";"1";"Veículos Automotores";"GONTIJO COMERCIO DE COMBUSTIVEIS LTDA";"225.753.790/0010-9";"22417";"4";"2026-08-18T00:00:00";"411.36";"0";"411.36";"8";"2026";"0";"";"";"2262052";"";"";"";"3674";"8151126";"https://www.camara.leg.br/cota-parlamentar/nota-fiscal-eletronica?ideDocumentoFiscal=8151126"
"Murillo Gouvea";"11519951779";"220617";"319";"2023";"RJ";"PSDB";"57";"3";"COMBUSTÍVEIS E LUBRIFICANTES.";"1";"Veículos Automotores";"ITA POSTO DE GASOLINA LTDA.";"297.957.210/0011-7";"10835";"4";"2026-07-21T09:48:57";"270.01";"0";"270.01";"7";"2026";"0";"";"";"2256013";"";"";"";"3606";"8139306";"https://www.camara.leg.br/cota-parlamentar/nota-fiscal-eletronica?ideDocumentoFiscal=8139306"
"Rafael Prudente";"00066296102";"220532";"415";"2023";"DF";"MDB";"57";"3";"COMBUSTÍVEIS E LUBRIFICANTES.";"1";"Veículos Automotores";"072 - 403 SUL - CASCOL COMBUSTIVEIS PARA VEICULOS LTDA";"003.065.970/0729-0";"721066";"4";"2026-06-13T00:00:00";"258.93";"0";"258.93";"6";"2026";"0";"";"";"2244929";"";"";"";"3710";"8116430";"https://www.camara.leg.br/cota-parlamentar/nota-fiscal-eletronica?ideDocumentoFiscal=8116430"
"Emanuel Pinheiro Neto";"00558574181";"198783";"403";"2023";"MT";"PSD";"57";"3";"COMBUSTÍVEIS E LUBRIFICANTES.";"1";"Veículos Automotores";"COMERCIAL AMAZONIA DE PETROLEO LTDA";"090.018.790/0270-8";"27743";"4";"2026-08-11T17:46:33";"433.26";"0";"433.26";"8";"2026";"0";"";"";"2260515";"";"";"";"3315";"8148202";"https://www.camara.leg.br/cota-parlamentar/nota-fiscal-eletronica?ideDocumentoFiscal=8148202"
"Afonso Motta";"10777296004";"178835";"490";"2023";"RS";"PDT";"57";"3";"COMBUSTÍVEIS E LUBRIFICANTES.";"1";"Veículos Automotores";"AUTO POSTO 303 NORTE LTDA";"381.942.120/0012-0";"69102";"4";"2026-05-19T00:00:00";"179.2";"0";"179.2";"5";"2026";"0";"";"";"2237270";"";"";"";"2880";"8102137";"https://www.camara.leg.br/cota-parlamentar/nota-fiscal-eletronica?ideDocumentoFiscal=8102137"
"Denise Pessôa";"81193157072";"220553";"509";"2023";"RS";"PT";"57";"5";"DIVULGAÇÃO DA ATIVIDADE PARLAMENTAR.";"0";"";"LORIGRAF GRAFICA E EDITORA LTDA.";"935.329.680/0014-0";"90922";"4";"2026-02-17T00:00:00";"2980";"0";"2980";"2";"2026";"0";"";"";"2210515";"";"";"";"3677";"8053123";"https://www.camara.leg.br/cota-parlamentar/nota-fiscal-eletronica?ideDocumentoFiscal=8053123"
"Messias Donato";"04365812726";"220530";"283";"2023";"ES";"UNIÃO";"57";"3";"COMBUSTÍVEIS E LUBRIFICANTES.";"1";"Veículos Automotores";"AUTO POSTO JAZAO LTDA";"305.514.850/0017-2";"1042580";"4";"2026-05-01T00:00:00";"510.07";"0";"510.07";"5";"2026";"0";"";"";"2231383";"";"";"";"3631";"8091414";"https://www.camara.leg.br/cota-parlamentar/nota-fiscal-eletronica?ideDocumentoFiscal=8091414"
"Luciano Amaral";"06376277411";"220581";"172";"2023";"AL";"PSD";"57";"10";"TELEFONIA";"0";"";"CLARO NXT TELECOMUNICACOES S/A";"669.702.290/0180-5";"0019222468";"0";"2026-06-24T00:00:00";"411.22";"266.5";"144.72";"6";"2026";"0";"";"";"2252716";"";"";"";"3621";"8132339";""
"Mauricio do Vôlei";"36009756847";"220628";"241";"2023";"MG";"PL";"57";"3";"COMBUSTÍVEIS E LUBRIFICANTES.";"1";"Veículos Automotores";"POSTO PIONEIRO CRISTALINA LTDA";"468.934.700/0012-2";"204681";"4";"2026-04-07T16:14:34";"286.82";"0";"286.82";"4";"2026";"0";"";"";"2225630";"";"";"";"3566";"8080401";"https://www.camara.leg.br/cota-parlamentar/nota-fiscal-eletronica?ideDocumentoFiscal=8080401"
"Alceu Moreira";"17968496004";"160559";"486";"2023";"RS";"MDB";"57";"3";"COMBUSTÍVEIS E LUBRIFICANTES.";"1";"Veículos Automotores";"AUTO POSTO DE COMBUSTIVEIS RENASCENCA LTDA";"725.000.690/0019-5";"578728";"4";"2026-02-10T00:00:00";"200";"0";"200";"2";"2026";"0";"";"";"2209743";"";"";"";"2379";"8051610";"https://www.camara.leg.br/cota-parlamentar/nota-fiscal-eletronica?ideDocumentoFiscal=8051610"
"Daniela Reinehr";"01932951997";"220557";"475";"2023";"SC";"PL";"57";"120";"LOCAÇÃO OU FRETAMENTO DE VEÍCULOS AUTOMOTORES";"0";"";"PONTA LOCACAO DE VEICULOS LTDA";"427.618.720/0011-2";"0757";"1";"2026-08-03T00:00:00";"8900";"0";"8900";"7";"2026";"0";"";"";"2258115";"";"";"";"3517";"8143481";"https://www.camara.leg.br/cota-parlamentar/documentos/publ/3517/2026/8143481.pdf"
"Roberta Roma";"94604690510";"220693";"216";"2023";"BA";"PL";"57";"3";"COMBUSTÍVEIS E LUBRIFICANTES.";"1";"Veículos Automotores";"MODELO DERIVADOS DE PETROLEO LTDA";"494.977.930/0019-5";"43197";"4";"2026-03-14T10:03:04";"100";"0";"100";"3";"2026";"0";"";"";"2219235";"";"";"";"3526";"8068634";"https://www.camara.leg.br/cota-parlamentar/nota-fiscal-eletronica?ideDocumentoFiscal=8068634"
"Felipe Becari";"35687945865";"220646";"358";"2023";"SP";"PODE";"57";"122";"SERVIÇO DE TÁXI, PEDÁGIO E ESTACIONAMENTO";"0";"";"CONC. ROD. INTEGRADAS DO OESTE S/A";"034.977.920/0014-0";"0017001011177400538003100E298";"0";"2026-03-20T00:00:00";"19.4";"0";"19.4";"3";"2026";"0";"";"";"2220971";"";"";"";"3568";"8071852";"https://www.camara.leg.br/cota-parlamentar/documentos/publ/3568/2026/8071852.pdf"
"Patrus Ananias";"17486440687";"74160";"249";"2023";"MG";"PT";"57";"122";"SERVIÇO DE TÁXI, PEDÁGIO E ESTACIONAMENTO";"0";"";"UBER DO BRASIL TECNOLOGIA LTDA.";"178.956.460/0018-7";"SN";"1";"2026-06-05T00:00:00";"13.96";"0";"13.96";"6";"2026";"0";"";"";"2247387";"";"";"";"1638";"8121703";"https://www.camara.leg.br/cota-parlamentar/documentos/publ/1638/2026/8121703.pdf"
"Silvye Alves";"90908856172";"220569";"430";"2023";"GO";"UNIÃO";"57";"3";"COMBUSTÍVEIS E LUBRIFICANTES.";"1";"Veículos Automotores";"AUTO POSTO JAMEL CECILIO LTDA";"084.200.710/0015-5";"308082";"4";"2026-04-17T00:00:00";"367.39";"0";"367.39";"4";"2026";"0";"";"";"2228082";"";"";"";"3530";"8084964";"https://www.camara.leg.br/cota-parlamentar/nota-fiscal-eletronica?ideDocumentoFiscal=8084964"
"Talíria Petrone";"11138295752";"204464";"323";"2023";"RJ";"PSOL";"57";"3";"COMBUSTÍVEIS E LUBRIFICANTES.";"1";"Veículos Automotores";"F A FERNANDES POSTO DE GASOLINA E SERVICOS";"101.692.130/0010-3";"394301";"4";"2026-07-31T17:35:14";"334.97";"0";"334.97";"7";"2026";"0";"";"";"2259009";"";"";"";"3385";"8145171";"https://www.camara.leg.br/cota-parlamentar/nota-fiscal-eletronica?ideDocumentoFiscal=8145171"
"Carlos Chiodini";"00503190942";"204361";"473";"2023";"SC";"MDB";"57";"3";"COMBUSTÍVEIS E LUBRIFICANTES.";"1";"Veículos Automotores";"AUTO POSTO AGF LTDA ME";"089.123.660/0014-9";"225269";"4";"2026-07-13T18:01:51";"200.86";"0";"200.86";"7";"2026";"0";"";"";"2255081";"";"";"";"3331";"8137158";"https://www.camara.leg.br/cota-parlamentar/nota-fiscal-eletronica?ideDocumentoFiscal=8137158"
"Alexandre Lindenmeyer";"47282428034";"220554";"494";"2023";"RS";"PT";"57";"3";"COMBUSTÍVEIS E LUBRIFICANTES.";"1";"Veículos Automotores";"RODA IX COMERCIO DE COMBUSTIVEIS";"509.609.800/0014-2";"790911";"4";"2026-06-07T00:00:00";"175";"0";"175";"6";"2026";"0";"";"";"2242715";"";"";"";"3554";"8112058";"https://www.camara.leg.br/cota-parlamentar/nota-fiscal-eletronica?ideDocumentoFiscal=8112058"
"Neto Carletto";"04738738500";"220703";"209";"2023";"BA";"AVANTE";"57";"3";"COMBUSTÍVEIS E LUBRIFICANTES.";"3";"Aeronaves";"AIR BP PETROBAHIA LTDA";"228.995.330/0035-1";"4216";"4";"2026-06-23T00:00:00";"2024";"0";"2024";"6";"2026";"0";"";"";"2262020";"";"";"";"3630";"8150982";"https://www.camara.leg.br/cota-parlamentar/nota-fiscal-eletronica?ideDocumentoFiscal=8150982"
"Arthur Oliveira Maia";"32604637553";"160600";"192";"2023";"BA";"UNIÃO";"57";"3";"COMBUSTÍVEIS E LUBRIFICANTES.";"1";"Veículos Automotores";"POSTO COUNTRY LTDA - EPP";"058.650.830/0028-6";"212910";"4";"2026-02-26T00:00:00";"295.08";"0";"295.08";"2";"2026";"0";"";"";"2215772";"";"";"";"2225";"8062472";"https://www.camara.leg.br/cota-parlamentar/nota-fiscal-eletronica?ideDocumentoFiscal=8062472"
"Paulo Litro";"07196225902";"220685";"460";"2023";"PR";"UNIÃO";"57";"3";"COMBUSTÍVEIS E LUBRIFICANTES.";"1";"Veículos Automotores";"G10  AUTO POSTO S.A.";"062.593.170/0012-3";"68735";"4";"2026-02-07T06:49:37";"190.06";"0";"190.06";"2";"2026";"0";"";"";"2208116";"";"";"";"3696";"8048680";"https://www.camara.leg.br/cota-parlamentar/nota-fiscal-eletronica?ideDocumentoFiscal=8048680"
"Delegado Matheus Laiola";"22651912808";"220701";"445";"2023";"PR";"UNIÃO";"57";"3";"COMBUSTÍVEIS E LUBRIFICANTES.";"1";"Veículos Automotores";"AUTO POSTO DO PAO DE QUEIJO";"033.098.630/0013-3";"860723";"4";"2026-05-11T20:11:52";"251.29";"0";"251.29";"5";"2026";"0";"";"";"2235006";"";"";"";"3599";"8097831";"https://www.camara.leg.br/cota-parlamentar/nota-fiscal-eletronica?ideDocumentoFiscal=8097831"
"Fernando Mineiro";"17003440482";"204445";"119";"2023";"RN";"PT";"57";"13";"FORNECIMENTO DE ALIMENTAÇÃO DO PARLAMENTAR";"0";"";"V L VEBER RESTAURANTE";"511.142.040/0019-4";"139433";"4";"2026-03-11T00:00:00";"90";"0";"90";"3";"2026";"0";"";"";"2219142";"";"";"";"3700";"8068511";"https://www.camara.leg.br/cota-parlamentar/nota-fiscal-eletronica?ideDocumentoFiscal=8068511"
"Eduardo Bismarck";"61882577353";"204541";"93";"2023";"CE";"PV";"57";"14";"HOSPEDAGEM ,EXCETO DO PARLAMENTAR NO DISTRITO FEDERAL.";"0";"";"COLONIAL HOTELARIA & SERVICOS LTDA";"112.756.950/0013-0";"5367";"0";"2026-07-12T00:00:00";"250";"0";"250";"7";"2026";"0";"";"";"2253583";"";"";"";"3396";"8134146";"https://www.camara.leg.br/cota-parlamentar/documentos/publ/3396/2026/8134146.pdf"
"Delegada Adriana Accorsi";"78283035134";"220565";"419";"2023";"GO";"PT";"57";"3";"COMBUSTÍVEIS E LUBRIFICANTES.";"1";"Veículos Automotores";"POSTO T- SETE LTDA";"011.357.140/0017-0";"15394";"4";"2026-03-31T12:49:45";"193";"0";"193";"3";"2026";"0";"";"";"2232452";"";"";"";"3578";"8093306";"https://www.camara.leg.br/cota-parlamentar/nota-fiscal-eletronica?ideDocumentoFiscal=8093306"
"Renata Abreu";"30669688800";"178989";"330";"2023";"SP";"PODE";"57";"5";"DIVULGAÇÃO DA ATIVIDADE PARLAMENTAR.";"0";"";"Facebook Serviços Online do Brasil Ltda.";"133.470.160/0011-7";"136443466";"0";"2026-05-03T00:00:00";"4998.95";"0";"4998.95";"4";"2026";"0";"";"";"2240902";"";"";"";"3081";"8109061";"https://www.camara.leg.br/cota-parlamentar/documentos/publ/3081/2026/8109061.pdf"
"Vicentinho";"12995398404";"74283";"526";"2023";"SP";"PT";"57";"120";"LOCAÇÃO OU FRETAMENTO DE VEÍCULOS AUTOMOTORES";"0";"";"MOVIDA LOCAÇÃO DE VEÍCULOS LTDA";"213.145.590/0385-8";"26697472";"1";"2026-01-29T00:00:00";"3489.23";"0";"3489.23";"1";"2026";"0";"";"";"2216814";"";"";"";"1699";"8063623";"https://www.camara.leg.br/cota-parlamentar/documentos/publ/1699/2026/8063623.pdf"
"Beto Richa";"54191750968";"220683";"443";"2023";"PR";"PSDB";"57";"3";"COMBUSTÍVEIS E LUBRIFICANTES.";"1";"Veículos Automotores";"ANTIGO SAO CRISTOVAO AUTO POSTO LTDA";"412.109.600/0016-3";"9400";"4";"2026-04-20T00:00:00";"242.07";"0";"242.07";"4";"2026";"0";"";"";"2229947";"";"";"";"3694";"8088493";"https://www.camara.leg.br/cota-parlamentar/nota-fiscal-eletronica?ideDocumentoFiscal=8088493"
"Paulo Litro";"07196225902";"220685";"460";"2023";"PR";"UNIÃO";"57";"3";"COMBUSTÍVEIS E LUBRIFICANTES.";"1";"Veículos Automotores";"AUTO POSTO CINCO ESTRELAS LTDA";"006.924.180/0177-4";"1318563";"4";"2026-02-04T18:43:45";"275.5";"0";"275.5";"2";"2026";"0";"";"";"2208116";"";"";"";"3696";"8048664";"https://www.camara.leg.br/cota-parlamentar/nota-fiscal-eletronica?ideDocumentoFiscal=8048664"
"Túlio Gadêlha";"06016298417";"157130";"163";"2023";"PE";"PSD";"57";"1";"MANUTENÇÃO DE ESCRITÓRIO DE APOIO À ATIVIDADE PARLAMENTAR";"0";"";"QUOCIENTE INTELIGENCIA POLITICA LTDA";"670.517.730/0017-8";"2";"0";"2026-07-31T00:00:00";"2999.83";"0";"2999.83";"7";"2026";"0";"";"";"2256117";"";"";"";"3419";"8139558";"https://www.camara.leg.br/cota-parlamentar/documentos/publ/3419/2026/8139558.pdf"
"Rafael Prudente";"00066296102";"220532";"415";"2023";"DF";"MDB";"57";"3";"COMBUSTÍVEIS E LUBRIFICANTES.";"1";"Veículos Automotores";"AUTO POSTO GAMA CENTRO LTDA";"314.030.630/0011-2";"92631";"4";"2026-05-23T00:00:00";"199";"0";"199";"5";"2026";"0";"";"";"2238573";"";"";"";"3710";"8104462";"https://www.camara.leg.br/cota-parlamentar/nota-fiscal-eletronica?ideDocumentoFiscal=8104462"
"Benedita da Silva";"36293334787";"73701";"291";"2023";"RJ";"PT";"57";"3";"COMBUSTÍVEIS E LUBRIFICANTES.";"1";"Veículos Automotores";"AUTO POSTO 302 SUL LTDA";"306.427.010/0019-5";"779413";"4";"2026-05-04T17:23:11";"350";"0";"350";"5";"2026";"0";"";"";"2231923";"";"";"";"188";"8092383";"https://www.camara.leg.br/cota-parlamentar/nota-fiscal-eletronica?ideDocumentoFiscal=8092383"
"Sidney Leite";"24067857268";"204557";"43";"2023";"AM";"PSD";"57";"3";"COMBUSTÍVEIS E LUBRIFICANTES.";"1";"Veículos Automotores";"TORRES COMERCIO DE COMBUSTIVEL LTDA";"436.074.100/0010-8";"174358";"4";"2026-04-20T14:20:17";"450";"0";"450";"4";"2026";"0";"";"";"2245049";"";"";"";"3293";"8116652";"https://www.camara.leg.br/cota-parlamentar/nota-fiscal-eletronica?ideDocumentoFiscal=8116652"
"Maurício Carvalho";"90399331204";"220609";"49";"2023";"RO";"UNIÃO";"57";"14";"HOSPEDAGEM ,EXCETO DO PARLAMENTAR NO DISTRITO FEDERAL.";"0";"";"GOMES VALADARES & DAL SANTOS DE SOUZA LTDA";"073.797.910/0015-1";"770";"0";"2026-06-09T00:00:00";"200";"0";"200";"6";"2026";"0";"";"";"2248336";"";"";"";"3683";"8123216";"https://www.camara.leg.br/cota-parlamentar/documentos/publ/3683/2026/8123216.pdf"
"Rubens Otoni";"13334727149";"74371";"425";"2023";"GO";"PT";"57";"10";"TELEFONIA";"0";"";"CELULAR FUNCIONAL";"000.000.000/0000-1";"8134887";"0";"";"548.58";"0";"548.58";"3";"2026";"0";"";"";"0";"0";"";"";"1686";"0";""
"Pezenti";"05735414933";"161440";"484";"2023";"SC";"MDB";"57";"10";"TELEFONIA";"0";"";"CELULAR FUNCIONAL";"000.000.000/0000-1";"8156246";"0";"";"116.56";"0";"116.56";"6";"2026";"0";"";"";"0";"0";"";"";"3625";"0";""
"Nilto Tatto";"03380916889";"178986";"382";"2023";"SP";"PT";"57";"10";"TELEFONIA";"0";"";"VIVO TELEFONICA BRASIL S.A";"025.581.570/0016-2";"9600128";"0";"2026-04-17T00:00:00";"178.99";"0";"178.99";"4";"2026";"0";"";"";"2230177";"";"";"";"3072";"8089009";""
"Dr. Victor Linhalis";"10204305756";"220528";"277";"2023";"ES";"PSB";"57";"1";"MANUTENÇÃO DE ESCRITÓRIO DE APOIO À ATIVIDADE PARLAMENTAR";"0";"";"ONE SUPRI LTDA ME";"602.390.330/0011-0";"136";"4";"2026-05-27T00:00:00";"515";"0";"515";"5";"2026";"0";"";"";"2239909";"";"";"";"3611";"8107209";"https://www.camara.leg.br/cota-parlamentar/nota-fiscal-eletronica?ideDocumentoFiscal=8107209"
"Helder Salomão";"76808742715";"178873";"279";"2023";"ES";"PT";"57";"1";"MANUTENÇÃO DE ESCRITÓRIO DE APOIO À ATIVIDADE PARLAMENTAR";"0";"";"EDP ESPIRITO SANTO DISTRIBUICAO DE ENERGIA S.A.";"281.526.500/0017-1";"051049985";"0";"2026-03-16T00:00:00";"374.58";"0";"374.58";"3";"2026";"0";"";"";"2220749";"";"";"";"2894";"8071521";"https://www.camara.leg.br/cota-parlamentar/documentos/publ/2894/2026/8071521.pdf"
"Delegada Ione";"94621632604";"220625";"236";"2023";"MG";"PL";"57";"3";"COMBUSTÍVEIS E LUBRIFICANTES.";"1";"Veículos Automotores";"Posto Virapuru Ltda";"177.597.210/0042-5";"116184";"0";"2026-01-30T00:00:00";"159.75";"0";"159.75";"1";"2026";"0";"";"";"2207398";"";"";"";"3689";"8047445";"https://www.camara.leg.br/cota-parlamentar/documentos/publ/3689/2026/8047445.pdf"
"Erika Kokay";"22441107100";"160575";"407";"2023";"DF";"PT";"57";"122";"SERVIÇO DE TÁXI, PEDÁGIO E ESTACIONAMENTO";"0";"";"UBER DO BRASIL TECNOLOGIA LTDA.";"178.956.460/0018-7";"921498";"1";"2026-02-09T00:00:00";"14.98";"0";"14.98";"2";"2026";"0";"";"";"2212804";"";"";"";"2403";"8057338";"https://www.camara.leg.br/cota-parlamentar/documentos/publ/2403/2026/8057338.pdf"
"Luiz Philippe de Orleans e Bragança";"11844856828";"204526";"368";"2023";"SP";"PL";"57";"122";"SERVIÇO DE TÁXI, PEDÁGIO E ESTACIONAMENTO";"0";"";"UBER DO BRASIL TECNOLOGIA LTDA.";"178.956.460/0018-7";"00";"1";"2026-03-10T00:00:00";"67";"0";"67";"3";"2026";"0";"";"";"2220536";"";"";"";"3220";"8071186";"https://www.camara.leg.br/cota-parlamentar/documentos/publ/3220/2026/8071186.pdf"
"Rogéria Santos";"87207656734";"220695";"220";"2023";"BA";"REPUBLICANOS";"57";"10";"TELEFONIA";"0";"";"CELULAR FUNCIONAL";"000.000.000/0000-1";"8090751";"0";"";"225.18";"0";"225.18";"1";"2026";"0";"";"";"0";"0";"";"";"3533";"0";""
"Bohn Gass";"12558206249";"160538";"499";"2023";"RS";"PT";"57";"13";"FORNECIMENTO DE ALIMENTAÇÃO DO PARLAMENTAR";"0";"";"TEMPERATTO RESTAURANTE LTDA";"109.604.180/0010-2";"87616";"4";"2026-05-04T00:00:00";"36.86";"0";"36.86";"5";"2026";"0";"";"";"2233449";"";"";"";"2405";"8095021";"https://www.camara.leg.br/cota-parlamentar/nota-fiscal-eletronica?ideDocumentoFiscal=8095021"
"Dani Cunha";"05469169707";"220603";"293";"2023";"RJ";"PL";"57";"3";"COMBUSTÍVEIS E LUBRIFICANTES.";"1";"Veículos Automotores";"AUTO POSTO CRUZADA PENINSULA LTDA.";"473.082.530/0019-0";"71099";"4";"2026-06-17T16:34:22";"252.8";"0";"252.8";"6";"2026";"0";"";"";"2245753";"";"";"";"3523";"8118198";"https://www.camara.leg.br/cota-parlamentar/nota-fiscal-eletronica?ideDocumentoFiscal=8118198"
"Roberta Roma";"94604690510";"220693";"216";"2023";"BA";"PL";"57";"3";"COMBUSTÍVEIS E LUBRIFICANTES.";"1";"Veículos Automotores";"Posto de Combustiveis Garantia Ltda (AGUAS CLARAS)";"725.784.380/0040-5";"6457";"4";"2026-02-20T17:58:01";"100";"0";"100";"2";"2026";"0";"";"";"2214207";"";"";"";"3526";"8059839";"https://www.camara.leg.br/cota-parlamentar/nota-fiscal-eletronica?ideDocumentoFiscal=8059839"
"Missionário José Olimpio";"79507646868";"160561";"614";"2023";"SP";"PL";"57";"3";"COMBUSTÍVEIS E LUBRIFICANTES.";"1";"Veículos Automotores";"CENTRO AUTOMOTIVO PAPA TIETE LTDA";"311.546.330/0018-8";"154210";"0";"2026-07-11T00:00:00";"256.51";"0";"256.51";"7";"2026";"0";"";"";"2254625";"";"";"";"2388";"8136260";"https://www.camara.leg.br/cota-parlamentar/documentos/publ/2388/2026/8136260.pdf"
"Duda Salabert";"04967383645";"220623";"237";"2023";"MG";"PSOL";"57";"1";"MANUTENÇÃO DE ESCRITÓRIO DE APOIO À ATIVIDADE PARLAMENTAR";"0";"";"INOVAR EMPREENDIMENTOS E NEGÓCIOS IMOBILIÁRIOS LTDA";"269.408.540/0014-1";"70804";"1";"2026-01-30T00:00:00";"7295.54";"6.15";"7289.39";"1";"2026";"0";"";"";"2211231";"";"";"";"3522";"8054400";"https://www.camara.leg.br/cota-parlamentar/documentos/publ/3522/2026/8054400.pdf"
"Sergio Souza";"75687658904";"178933";"467";"2023";"PR";"MDB";"57";"40";"COMPLEMENTAÇÃO DO AUXÍLIO-MORADIA";"0";"";"";"";"";"1";"";"3247";"";"-3247";"3";"2026";"0";"";"";"";"";"";"0.0";"3062";"5241";""
"Simone Marquetto";"25187356828";"220651";"395";"2023";"SP";"PP";"57";"13";"FORNECIMENTO DE ALIMENTAÇÃO DO PARLAMENTAR";"0";"";"ITU SP RESTAURANTE II LTDA";"542.879.140/0010-4";"25060";"0";"2026-01-21T00:00:00";"37.4";"9.9";"27.5";"1";"2026";"0";"";"";"2207510";"";"";"";"3596";"8047808";"https://www.camara.leg.br/cota-parlamentar/documentos/publ/3596/2026/8047808.pdf"
"Pedro Westphalen";"20040954072";"204406";"514";"2023";"RS";"PP";"57";"5";"DIVULGAÇÃO DA ATIVIDADE PARLAMENTAR.";"0";"";"EMISSORAS CENTRO-OESTE LTDA - ME";"899.968.390/0013-5";"000342";"0";"2026-04-30T00:00:00";"200";"0";"200";"4";"2026";"0";"";"";"2230855";"";"";"";"3280";"8090399";"https://www.camara.leg.br/cota-parlamentar/documentos/publ/3280/2026/8090399.pdf"
"Toninho Wandscheer";"18591035968";"178934";"470";"2023";"PR";"PP";"57";"1";"MANUTENÇÃO DE ESCRITÓRIO DE APOIO À ATIVIDADE PARLAMENTAR";"0";"";"COMPANHIA DE SANEAMENTO DO PARANA SANEPAR";"764.840.130/0014-5";"10282720";"0";"2026-06-19T00:00:00";"101.92";"0";"101.92";"6";"2026";"0";"";"";"2250631";"";"";"";"2940";"8128206";"https://www.camara.leg.br/cota-parlamentar/documentos/publ/2940/2026/8128206.pdf"
"Bohn Gass";"12558206249";"160538";"499";"2023";"RS";"PT";"57";"13";"FORNECIMENTO DE ALIMENTAÇÃO DO PARLAMENTAR";"0";"";"TEMPERATTO RESTAURANTE LTDA";"109.604.180/0010-2";"81201";"4";"2026-02-19T00:00:00";"42";"0";"42";"2";"2026";"0";"";"";"2212498";"";"";"";"2405";"8056803";"https://www.camara.leg.br/cota-parlamentar/nota-fiscal-eletronica?ideDocumentoFiscal=8056803"
"João Leão";"03905756587";"74550";"201";"2023";"BA";"PP";"57";"122";"SERVIÇO DE TÁXI, PEDÁGIO E ESTACIONAMENTO";"0";"";"WELLPARK - ESTACIONAMENTOS E SERVICOS LTDA.";"605.372.631/4440-0";"00061531";"1";"2026-03-05T00:00:00";"1080";"0";"1080";"3";"2026";"0";"";"";"2219510";"";"";"";"1063";"8069195";"https://www.camara.leg.br/cota-parlamentar/documentos/publ/1063/2026/8069195.pdf"
"Paulo Magalhães";"06015530553";"74574";"210";"2023";"BA";"PSD";"57";"3";"COMBUSTÍVEIS E LUBRIFICANTES.";"1";"Veículos Automotores";"PETRO ALPHA COMERCIO DE COMBUSTIVEIS S.A";"368.328.040/0010-2";"4850";"4";"2026-08-21T00:00:00";"200";"0";"200";"8";"2026";"0";"";"";"2261560";"";"";"";"1347";"8150215";"https://www.camara.leg.br/cota-parlamentar/nota-fiscal-eletronica?ideDocumentoFiscal=8150215"
"Roberta Roma";"94604690510";"220693";"216";"2023";"BA";"PL";"57";"3";"COMBUSTÍVEIS E LUBRIFICANTES.";"1";"Veículos Automotores";"NOVA CANDEIAS COMERCIO DE COMBUSTIVEL LTDA";"476.441.530/0013-5";"262926";"4";"2026-07-17T00:00:00";"300";"0";"300";"7";"2026";"0";"";"";"2256640";"";"";"";"3526";"8138554";"https://www.camara.leg.br/cota-parlamentar/nota-fiscal-eletronica?ideDocumentoFiscal=8138554"
"Denise Pessôa";"81193157072";"220553";"509";"2023";"RS";"PT";"57";"3";"COMBUSTÍVEIS E LUBRIFICANTES.";"1";"Veículos Automotores";"RONALDO BARBOSA DA FONSECA";"047.606.110/0019-9";"13874";"4";"2026-06-26T10:45:05";"250";"0";"250";"6";"2026";"0";"";"";"2252362";"";"";"";"3677";"8131008";"https://www.camara.leg.br/cota-parlamentar/nota-fiscal-eletronica?ideDocumentoFiscal=8131008"
"Guilherme Derrite";"31200606825";"204531";"344";"2023";"SP";"PP";"57";"14";"HOSPEDAGEM ,EXCETO DO PARLAMENTAR NO DISTRITO FEDERAL.";"0";"";"S E Hoteis Ltda.";"370.957.950/0017-9";"119866";"0";"2026-06-20T00:00:00";"396.24";"0";"396.24";"6";"2026";"0";"";"";"2246345";"";"";"";"3390";"8119444";"https://www.camara.leg.br/cota-parlamentar/documentos/publ/3390/2026/8119444.pdf"
"Afonso Hamm";"37040642034";"136811";"487";"2023";"RS";"PP";"57";"14";"HOSPEDAGEM ,EXCETO DO PARLAMENTAR NO DISTRITO FEDERAL.";"0";"";"ÁLVARO BRIGNOL PORTO JUNIOR";"080.674.060/0010-1";"202600000001534";"0";"2026-04-14T00:00:00";"125";"0";"125";"4";"2026";"0";"";"";"2229348";"";"";"";"1758";"8086379";"https://www.camara.leg.br/cota-parlamentar/documentos/publ/1758/2026/8086379.pdf"
"David Soares";"02112481770";"204511";"356";"2023";"SP";"PODE";"57";"14";"HOSPEDAGEM ,EXCETO DO PARLAMENTAR NO DISTRITO FEDERAL.";"0";"";"RIO PRETO HOTEIS";"182.249.990/0011-8";"146279";"0";"2026-02-04T00:00:00";"381.1";"0";"381.1";"2";"2026";"0";"";"";"2210037";"";"";"";"3227";"8052197";"https://www.camara.leg.br/cota-parlamentar/documentos/publ/3227/2026/8052197.pdf"
"Julia Zanatta";"04796165908";"220559";"483";"2023";"SC";"PL";"57";"120";"LOCAÇÃO OU FRETAMENTO DE VEÍCULOS AUTOMOTORES";"0";"";"PANTANAL VEÍCULOS LTDA";"073.193.230/0019-1";"28.707";"1";"2026-03-25T00:00:00";"6500";"0";"6500";"3";"2026";"0";"";"";"2221633";"";"";"";"3629";"8073256";"https://www.camara.leg.br/cota-parlamentar/documentos/publ/3629/2026/8073256.pdf"
"Felipe Carreras";"86488023420";"72442";"145";"2023";"PE";"PSB";"57";"3";"COMBUSTÍVEIS E LUBRIFICANTES.";"1";"Veículos Automotores";"LG AUTO POSTO LTDA";"075.867.170/0010-6";"433264";"4";"2026-04-11T11:25:31";"253.43";"0";"253.43";"4";"2026";"0";"";"";"2226212";"";"";"";"2924";"8081458";"https://www.camara.leg.br/cota-parlamentar/nota-fiscal-eletronica?ideDocumentoFiscal=8081458"
"Eriberto Medeiros";"49915320434";"220663";"148";"2023";"PE";"PSB";"57";"5";"DIVULGAÇÃO DA ATIVIDADE PARLAMENTAR.";"0";"";"IMPACTO COMUNICACAO E MARKETING LTDA";"412.469.500/0018-8";"2600000001168";"0";"2026-08-05T00:00:00";"9500";"0";"9500";"6";"2026";"0";"";"";"2257744";"";"";"";"3588";"8142811";"https://www.camara.leg.br/cota-parlamentar/documentos/publ/3588/2026/8142811.pdf"
"Pezenti";"05735414933";"161440";"484";"2023";"SC";"MDB";"57";"1";"MANUTENÇÃO DE ESCRITÓRIO DE APOIO À ATIVIDADE PARLAMENTAR";"0";"";"INCORPORADORA CAMBORIU LTDA";"184.780.090/0017-8";"S/N";"1";"2026-08-31T00:00:00";"3659.11";"0";"3659.11";"8";"2026";"0";"";"";"2263604";"";"";"";"3625";"8154044";"https://www.camara.leg.br/cota-parlamentar/documentos/publ/3625/2026/8154044.pdf"
"Igor Timo";"01374904619";"204508";"255";"2023";"MG";"UNIÃO";"57";"122";"SERVIÇO DE TÁXI, PEDÁGIO E ESTACIONAMENTO";"0";"";"VIA CRISTAIS";"579.909.330/0019-0";"UL3Q684B824G";"1";"2026-02-02T00:00:00";"11.4";"0";"11.4";"2";"2026";"0";"";"";"2209439";"";"";"";"3223";"8051078";"https://www.camara.leg.br/cota-parlamentar/documentos/publ/3223/2026/8051078.pdf"
"Jack Rocha";"10106629700";"220527";"282";"2023";"ES";"PT";"57";"10";"TELEFONIA";"0";"";"CELULAR FUNCIONAL";"000.000.000/0000-1";"8123397";"0";"";"182.86";"0";"182.86";"2";"2026";"0";"";"";"0";"0";"";"";"3651";"0";""
"Carlos Veras";"03987461411";"204426";"142";"2023";"PE";"PT";"57";"14";"HOSPEDAGEM ,EXCETO DO PARLAMENTAR NO DISTRITO FEDERAL.";"0";"";"IBIS ARCOVERDE";"604.982.590/0013-6";"00003028";"0";"2026-05-14T00:00:00";"293.27";"0";"293.27";"5";"2026";"0";"";"";"2239413";"";"";"";"3234";"8100262";"https://www.camara.leg.br/cota-parlamentar/documentos/publ/3234/2026/8100262.pdf"
"Miguel Ângelo";"11737232693";"171786";"250";"2023";"MG";"PT";"57";"3";"COMBUSTÍVEIS E LUBRIFICANTES.";"1";"Veículos Automotores";"AUTO SHOPPING DERIVADOS DE PETROLEO LTDA";"370.633.280/0105-8";"3646740";"4";"2026-02-03T00:00:00";"200";"0";"200";"2";"2026";"0";"";"";"2208048";"";"";"";"3604";"8048679";"https://www.camara.leg.br/cota-parlamentar/nota-fiscal-eletronica?ideDocumentoFiscal=8048679"
"Jorge Goetten";"43927998915";"214694";"482";"2023";"SC";"REPUBLICANOS";"57";"3";"COMBUSTÍVEIS E LUBRIFICANTES.";"1";"Veículos Automotores";"POSTO SONHO MEU LTDA - BRAVA";"165.810.450/0021-8";"1205160";"4";"2026-03-07T00:00:00";"190.04";"0";"190.04";"3";"2026";"0";"";"";"2216289";"";"";"";"3473";"8063494";"https://www.camara.leg.br/cota-parlamentar/nota-fiscal-eletronica?ideDocumentoFiscal=8063494"
"Marcelo Nilo";"11875194568";"204558";"641";"2023";"BA";"REPUBLICANOS";"57";"3";"COMBUSTÍVEIS E LUBRIFICANTES.";"1";"Veículos Automotores";"GUDRIN & GOMES LTDA";"262.872.370/0019-9";"1607341";"4";"2026-07-21T14:17:38";"310.08";"0";"310.08";"7";"2026";"0";"";"";"2255964";"";"";"";"3275";"8139077";"https://www.camara.leg.br/cota-parlamentar/nota-fiscal-eletronica?ideDocumentoFiscal=8139077"
"Túlio Gadêlha";"06016298417";"157130";"163";"2023";"PE";"PSD";"57";"120";"LOCAÇÃO OU FRETAMENTO DE VEÍCULOS AUTOMOTORES";"0";"";"PRALOC BRASIL LTDA";"141.666.200/0010-0";"2851";"1";"2026-07-03T00:00:00";"500";"0";"500";"7";"2026";"0";"";"";"2251388";"";"";"";"3419";"8129709";"https://www.camara.leg.br/cota-parlamentar/documentos/publ/3419/2026/8129709.pdf"
"Adilson Barroso";"05585378805";"221328";"519";"2023";"SP";"PL";"57";"1";"MANUTENÇÃO DE ESCRITÓRIO DE APOIO À ATIVIDADE PARLAMENTAR";"0";"";"AGROLANA AGRONEGÓCIOS";"133.546.190/0014-6";"33";"1";"2026-03-02T00:00:00";"3500";"0";"3500";"2";"2026";"0";"";"";"2213972";"";"";"";"3712";"8059503";"https://www.camara.leg.br/cota-parlamentar/documentos/publ/3712/2026/8059503.pdf"
"Gleisi Hoffmann";"67677061915";"107283";"451";"2023";"PR";"PT";"57";"10";"TELEFONIA";"0";"";"CLARO S.A.";"404.325.440/2246-9";"7264294";"0";"2026-07-24T00:00:00";"66.75";"0";"66.75";"7";"2026";"0";"";"";"2258760";"";"";"";"3430";"8144628";""
"Arthur Oliveira Maia";"32604637553";"160600";"192";"2023";"BA";"UNIÃO";"57";"14";"HOSPEDAGEM ,EXCETO DO PARLAMENTAR NO DISTRITO FEDERAL.";"0";"";"HAP Hotelaria LTDA";"473.046.990/0014-7";"202618132";"0";"2026-03-20T00:00:00";"500.45";"0";"500.45";"3";"2026";"0";"";"";"2224608";"";"";"";"2225";"8078643";"https://www.camara.leg.br/cota-parlamentar/documentos/publ/2225/2026/8078643.pdf"
"Patrus Ananias";"17486440687";"74160";"249";"2023";"MG";"PT";"57";"3";"COMBUSTÍVEIS E LUBRIFICANTES.";"1";"Veículos Automotores";"J MENDES DE AQUINO & CIA. LTDA - EPP";"429.786.680/0015-8";"239107";"0";"2026-03-07T00:00:00";"189.01";"0";"189.01";"3";"2026";"0";"";"";"2215803";"";"";"";"1638";"8062505";"https://www.camara.leg.br/cota-parlamentar/documentos/publ/1638/2026/8062505.pdf"
"Paulo Pimenta";"42844924034";"74400";"513";"2023";"RS";"PT";"57";"3";"COMBUSTÍVEIS E LUBRIFICANTES.";"1";"Veículos Automotores";"COML BUFFON COMB E TRANSP LTDA - POSTO 41";"934.892.430/0410-3";"2510620";"4";"2026-06-29T00:00:00";"316.96";"0";"316.96";"6";"2026";"0";"";"";"2253303";"";"";"";"1642";"8133133";"https://www.camara.leg.br/cota-parlamentar/nota-fiscal-eletronica?ideDocumentoFiscal=8133133"
"Dimas Fabiano";"03694339639";"160599";"231";"2023";"MG";"PP";"57";"122";"SERVIÇO DE TÁXI, PEDÁGIO E ESTACIONAMENTO";"0";"";"8aRAUTO PISTA FERNÂO DIAS S/A";"093.263.420/0017-0";"RJIQLU14JK9W";"0";"2026-03-21T00:00:00";"3.2";"0";"3.2";"3";"2026";"0";"";"";"2220184";"";"";"";"2356";"8070084";"https://www.camara.leg.br/cota-parlamentar/documentos/publ/2356/2026/8070084.pdf"
"José Rocha";"04789113515";"74554";"203";"2023";"BA";"UNIÃO";"57";"3";"COMBUSTÍVEIS E LUBRIFICANTES.";"1";"Veículos Automotores";"TREVO DERIVADOS DE PETROLEO LTDA";"144.861.530/0311-0";"9171";"4";"2026-02-23T00:00:00";"252.86";"0";"252.86";"2";"2026";"0";"";"";"2213145";"";"";"";"1071";"8058020";"https://www.camara.leg.br/cota-parlamentar/nota-fiscal-eletronica?ideDocumentoFiscal=8058020"
"Jandira Feghali";"43428169700";"74848";"305";"2023";"RJ";"PCdoB";"57";"3";"COMBUSTÍVEIS E LUBRIFICANTES.";"1";"Veículos Automotores";"POSTOBELLO II COMERCIO DE COMBUSTIVEIS LTDA";"337.532.300/0018-0";"155316";"4";"2026-04-17T00:00:00";"250";"0";"250";"4";"2026";"0";"";"";"2228033";"";"";"";"733";"8084617";"https://www.camara.leg.br/cota-parlamentar/nota-fiscal-eletronica?ideDocumentoFiscal=8084617"
"Laura Carneiro";"79401546720";"74856";"307";"2023";"RJ";"PSD";"57";"1";"MANUTENÇÃO DE ESCRITÓRIO DE APOIO À ATIVIDADE PARLAMENTAR";"0";"";"ACIR ADMINISTRADORA DE CONDOMÍNIO";"421.685.180/0018-9";"00792262";"1";"2026-05-13T00:00:00";"1499.66";"71.29";"1428.37";"6";"2026";"0";"";"";"2243689";"";"";"";"1118";"8114023";"https://www.camara.leg.br/cota-parlamentar/documentos/publ/1118/2026/8114023.pdf"
"Jack Rocha";"10106629700";"220527";"282";"2023";"ES";"PT";"57";"1";"MANUTENÇÃO DE ESCRITÓRIO DE APOIO À ATIVIDADE PARLAMENTAR";"0";"";"Liberty Cartuchos LTDA";"038.174.520/0015-9";"5189";"0";"2026-05-27T00:00:00";"2205";"0";"2205";"6";"2026";"0";"";"";"2240678";"";"";"";"3651";"8108607";"https://www.camara.leg.br/cota-parlamentar/documentos/publ/3651/2026/8108607.pdf"
"Ribamar Silva";"21462900801";"175765";"604";"2023";"SP";"PODE";"57";"3";"COMBUSTÍVEIS E LUBRIFICANTES.";"1";"Veículos Automotores";"AUTO POSTO QUINTA DO MARQUES LTDA";"094.720.830/0019-6";"30291";"0";"2026-05-21T00:00:00";"300";"0";"300";"5";"2026";"0";"";"";"2252325";"";"";"";"3784";"8131248";"https://www.camara.leg.br/cota-parlamentar/documentos/publ/3784/2026/8131248.pdf"
"Toninho Wandscheer";"18591035968";"178934";"470";"2023";"PR";"PP";"57";"3";"COMBUSTÍVEIS E LUBRIFICANTES.";"1";"Veículos Automotores";"BRASAL COMBUSTIVEIS LTDA";"000.976.260/0040-0";"1228893";"4";"2026-03-02T00:00:00";"150";"0";"150";"3";"2026";"0";"";"";"2219602";"";"";"";"2940";"8069385";"https://www.camara.leg.br/cota-parlamentar/nota-fiscal-eletronica?ideDocumentoFiscal=8069385"
"Túlio Gadêlha";"06016298417";"157130";"163";"2023";"PE";"PSD";"57";"3";"COMBUSTÍVEIS E LUBRIFICANTES.";"1";"Veículos Automotores";"S B COMERCIO DE PETROLEO LTDA";"108.870.860/0025-0";"390845";"4";"2026-04-10T16:28:35";"100";"0";"100";"4";"2026";"0";"";"";"2225739";"";"";"";"3419";"8080597";"https://www.camara.leg.br/cota-parlamentar/nota-fiscal-eletronica?ideDocumentoFiscal=8080597"
"Luciano Ducci";"20732376068";"178931";"457";"2023";"PR";"PSB";"57";"120";"LOCAÇÃO OU FRETAMENTO DE VEÍCULOS AUTOMOTORES";"0";"";"GUIA VEICULOS LTDA";"824.613.100/0017-8";"12738";"1";"2026-02-23T00:00:00";"3149.1";"0";"3149.1";"2";"2026";"0";"";"";"2220775";"";"";"";"2936";"8071597";"https://www.camara.leg.br/cota-parlamentar/documentos/publ/2936/2026/8071597.pdf"
"Julia Zanatta";"04796165908";"220559";"483";"2023";"SC";"PL";"57";"3";"COMBUSTÍVEIS E LUBRIFICANTES.";"1";"Veículos Automotores";"POSTO PLANALTO LTDA";"834.673.570/0010-1";"840829";"4";"2026-01-14T00:00:00";"209.69";"0";"209.69";"1";"2026";"0";"";"";"2205636";"";"";"";"3629";"8044589";"https://www.camara.leg.br/cota-parlamentar/nota-fiscal-eletronica?ideDocumentoFiscal=8044589"
"Jorge Solla";"19530773587";"178857";"204";"2023";"BA";"PT";"57";"13";"FORNECIMENTO DE ALIMENTAÇÃO DO PARLAMENTAR";"0";"";"VOVO DALVA COMERCIO DE ALIMENTOS LTDA";"043.373.800/0010-5";"4035";"4";"2026-05-15T00:00:00";"27";"0";"27";"5";"2026";"0";"";"";"2245435";"";"";"";"2938";"8116506";"https://www.camara.leg.br/cota-parlamentar/nota-fiscal-eletronica?ideDocumentoFiscal=8116506"
"Ricardo Guidi";"95128140997";"204362";"485";"2023";"SC";"PL";"57";"3";"COMBUSTÍVEIS E LUBRIFICANTES.";"1";"Veículos Automotores";"SAN PIETRO COMERCIO DE COMBUSTIVEIS E LUBRIFICANTES LTDA";"242.241.580/0010-3";"201275";"4";"2026-03-03T00:00:00";"319.36";"0";"319.36";"3";"2026";"0";"";"";"2215926";"";"";"";"3346";"8062761";"https://www.camara.leg.br/cota-parlamentar/nota-fiscal-eletronica?ideDocumentoFiscal=8062761"
"Luciano Ducci";"20732376068";"178931";"457";"2023";"PR";"PSB";"57";"3";"COMBUSTÍVEIS E LUBRIFICANTES.";"1";"Veículos Automotores";"AUTO POSTO TB LTDA";"205.198.950/0018-2";"1084019";"4";"2026-05-12T11:00:34";"164.02";"0";"164.02";"5";"2026";"0";"";"";"2235536";"";"";"";"2936";"8098788";"https://www.camara.leg.br/cota-parlamentar/nota-fiscal-eletronica?ideDocumentoFiscal=8098788"
"Henderson Pinto";"58022180297";"220672";"31";"2023";"PA";"UNIÃO";"57";"3";"COMBUSTÍVEIS E LUBRIFICANTES.";"1";"Veículos Automotores";"AUTO POSTO PIQUIATUBA LTDA";"010.047.690/0014-0";"97691";"4";"2026-04-18T00:00:00";"250.05";"0";"250.05";"4";"2026";"0";"";"";"2228262";"";"";"";"3585";"8085258";"https://www.camara.leg.br/cota-parlamentar/nota-fiscal-eletronica?ideDocumentoFiscal=8085258"
"Jorge Solla";"19530773587";"178857";"204";"2023";"BA";"PT";"57";"1";"MANUTENÇÃO DE ESCRITÓRIO DE APOIO À ATIVIDADE PARLAMENTAR";"0";"";"INFORMATICA EMPREENDIMENTOS IMOBILIARIOS LTDA";"149.976.880/0013-0";"s/n";"1";"2026-05-05T00:00:00";"2559.02";"0";"2559.02";"5";"2026";"0";"";"";"2235514";"";"";"";"2938";"8098741";"https://www.camara.leg.br/cota-parlamentar/documentos/publ/2938/2026/8098741.pdf"
"Bibo Nunes";"27236056049";"204388";"489";"2023";"RS";"PL";"57";"13";"FORNECIMENTO DE ALIMENTAÇÃO DO PARLAMENTAR";"0";"";"BAR E ASSADO GARIBALDI LTDA";"575.489.740/0012-1";"777";"4";"2026-07-12T00:00:00";"147.9";"0";"147.9";"7";"2026";"0";"";"";"2252052";"";"";"";"3273";"8130930";"https://www.camara.leg.br/cota-parlamentar/nota-fiscal-eletronica?ideDocumentoFiscal=8130930"
"Bibo Nunes";"27236056049";"204388";"489";"2023";"RS";"PL";"57";"3";"COMBUSTÍVEIS E LUBRIFICANTES.";"1";"Veículos Automotores";"COML BUFFON COMB E TRANSP LTDA - POSTO 10";"934.892.430/0100-7";"2770400";"4";"2026-07-24T13:32:49";"292.55";"0";"292.55";"7";"2026";"0";"";"";"2255089";"";"";"";"3273";"8136988";"https://www.camara.leg.br/cota-parlamentar/nota-fiscal-eletronica?ideDocumentoFiscal=8136988"
"Joseildo Ramos";"15963330572";"209189";"202";"2023";"BA";"PT";"57";"3";"COMBUSTÍVEIS E LUBRIFICANTES.";"1";"Veículos Automotores";"AUTO POSTO PRECIOSO DO OESTE LTDA";"070.233.950/0019-7";"868797";"4";"2026-03-12T00:00:00";"380.01";"0";"380.01";"3";"2026";"0";"";"";"2217460";"";"";"";"3452";"8065423";"https://www.camara.leg.br/cota-parlamentar/nota-fiscal-eletronica?ideDocumentoFiscal=8065423"
"Afonso Florence";"17734150500";"160508";"182";"2023";"BA";"PT";"57";"14";"HOSPEDAGEM ,EXCETO DO PARLAMENTAR NO DISTRITO FEDERAL.";"0";"";"RAYNADJA DE JESUS SILVA";"032.655.790/0029-3";"181";"0";"2026-06-20T00:00:00";"706";"0";"706";"6";"2026";"0";"";"";"2247719";"";"";"";"2406";"8122343";"https://www.camara.leg.br/cota-parlamentar/documentos/publ/2406/2026/8122343.pdf"
"Afonso Hamm";"37040642034";"136811";"487";"2023";"RS";"PP";"57";"13";"FORNECIMENTO DE ALIMENTAÇÃO DO PARLAMENTAR";"0";"";"MAGDA RITA RUVIARO HAMERMULLER";"481.364.570/0015-4";"195433";"4";"2026-05-25T00:00:00";"65";"0";"65";"5";"2026";"0";"";"";"2239285";"";"";"";"1758";"8105718";"https://www.camara.leg.br/cota-parlamentar/nota-fiscal-eletronica?ideDocumentoFiscal=8105718"
"Alceu Moreira";"17968496004";"160559";"486";"2023";"RS";"MDB";"57";"3";"COMBUSTÍVEIS E LUBRIFICANTES.";"1";"Veículos Automotores";"ABASTECEDORA DE COMBUSTIVEIS SINOS LTDA";"942.143.680/0010-4";"1652338";"4";"2026-04-16T00:00:00";"322.69";"0";"322.69";"4";"2026";"0";"";"";"2228322";"";"";"";"2379";"8085390";"https://www.camara.leg.br/cota-parlamentar/nota-fiscal-eletronica?ideDocumentoFiscal=8085390"
"Felipe Becari";"35687945865";"220646";"358";"2023";"SP";"PODE";"57";"122";"SERVIÇO DE TÁXI, PEDÁGIO E ESTACIONAMENTO";"0";"";"CONC. SISTEMA ANHANGUERA-BANDEIRANTES S/A";"024.518.480/0016-2";"00160010051778356012011045BD7";"0";"2026-05-09T00:00:00";"13.7";"0";"13.7";"5";"2026";"0";"";"";"2234658";"";"";"";"3568";"8097051";"https://www.camara.leg.br/cota-parlamentar/documentos/publ/3568/2026/8097051.pdf"
"Giovani Cherini";"31050778049";"160673";"502";"2023";"RS";"PL";"57";"3";"COMBUSTÍVEIS E LUBRIFICANTES.";"1";"Veículos Automotores";"POSTO AZEREDO ELGO LTDA JN";"946.257.040/0087-0";"131";"4";"2026-06-30T00:00:00";"234.81";"0";"234.81";"6";"2026";"0";"";"";"2248294";"";"";"";"2281";"8123498";"https://www.camara.leg.br/cota-parlamentar/nota-fiscal-eletronica?ideDocumentoFiscal=8123498"
"Waldenor Pereira";"10866655549";"160569";"219";"2023";"BA";"PT";"57";"5";"DIVULGAÇÃO DA ATIVIDADE PARLAMENTAR.";"0";"";"ESCALE MONT LTDA";"420.157.230/0010-4";"202600000000007";"0";"2026-03-24T00:00:00";"1500";"0";"1500";"3";"2026";"0";"";"";"2220521";"";"";"";"2288";"8071190";"https://www.camara.leg.br/cota-parlamentar/documentos/publ/2288/2026/8071190.pdf"
"Pedro Uczai";"47721855934";"160604";"481";"2023";"SC";"PT";"57";"3";"COMBUSTÍVEIS E LUBRIFICANTES.";"1";"Veículos Automotores";"POSTO MILAO LTDA";"060.104.280/0010-0";"332171";"4";"2026-06-26T16:13:38";"276.38";"0";"276.38";"6";"2026";"0";"";"";"2251367";"";"";"";"2243";"8128846";"https://www.camara.leg.br/cota-parlamentar/nota-fiscal-eletronica?ideDocumentoFiscal=8128846"
"Helena Lima";"44710623287";"220537";"4";"2023";"RR";"PSD";"57";"3";"COMBUSTÍVEIS E LUBRIFICANTES.";"1";"Veículos Automotores";"RR COMERCIO DE COMBUSTIVEIS LTDA  92";"134.522.540/0019-2";"6423";"4";"2026-05-08T00:00:00";"366.13";"0";"366.13";"5";"2026";"0";"";"";"2248684";"";"";"";"3557";"8120062";"https://www.camara.leg.br/cota-parlamentar/nota-fiscal-eletronica?ideDocumentoFiscal=8120062"
"Fernando Monteiro";"83146270463";"92699";"146";"2023";"PE";"PSD";"57";"10";"TELEFONIA";"0";"";"CELULAR FUNCIONAL";"000.000.000/0000-1";"8090675";"0";"";"91.43";"0";"91.43";"1";"2026";"0";"";"";"0";"0";"";"";"3090";"0";""
"Coronel Ulysses";"40598560297";"220590";"53";"2023";"AC";"UNIÃO";"57";"1";"MANUTENÇÃO DE ESCRITÓRIO DE APOIO À ATIVIDADE PARLAMENTAR";"0";"";"Silvania Maria Pedroza Vasconcelos";"435.453.512/20  -";"sn";"1";"2026-08-30T00:00:00";"8000";"0";"8000";"8";"2026";"0";"";"";"2263108";"";"";"";"3662";"8153121";"https://www.camara.leg.br/cota-parlamentar/documentos/publ/3662/2026/8153121.pdf"
"Talíria Petrone";"11138295752";"204464";"323";"2023";"RJ";"PSOL";"57";"122";"SERVIÇO DE TÁXI, PEDÁGIO E ESTACIONAMENTO";"0";"";"UBER DO BRASIL TECNOLOGIA LTDA.";"178.956.460/0018-7";"uuu0000oo00";"1";"2026-06-11T00:00:00";"13.98";"0";"13.98";"6";"2026";"0";"";"";"2249060";"";"";"";"3385";"8124909";"https://www.camara.leg.br/cota-parlamentar/documentos/publ/3385/2026/8124909.pdf"
"Augusto Coutinho";"33155623420";"160665";"141";"2023";"PE";"REPUBLICANOS";"57";"1";"MANUTENÇÃO DE ESCRITÓRIO DE APOIO À ATIVIDADE PARLAMENTAR";"0";"";"BROAD BRASIL LTDA";"489.496.410/0011-3";"1656";"0";"2026-06-23T00:00:00";"850";"0";"850";"6";"2026";"0";"";"";"2248394";"";"";"";"2236";"8123713";"https://www.camara.leg.br/cota-parlamentar/documentos/publ/2236/2026/8123713.pdf"
"Eriberto Medeiros";"49915320434";"220663";"148";"2023";"PE";"PSB";"57";"10";"TELEFONIA";"0";"";"CLARO S.A.";"404.325.440/1029-0";"4675323";"0";"2026-06-23T00:00:00";"224.54";"4.92";"219.62";"6";"2026";"0";"";"";"2252925";"";"";"";"3588";"8132682";""
"Ivoneide Caetano";"67016332500";"220696";"199";"2023";"BA";"PT";"57";"10";"TELEFONIA";"0";"";"CELULAR FUNCIONAL";"000.000.000/0000-1";"8146368";"0";"";"116.56";"0";"116.56";"4";"2026";"0";"";"";"0";"0";"";"";"3546";"0";""
"Juarez Costa";"47843080910";"204474";"401";"2023";"MT";"REPUBLICANOS";"57";"14";"HOSPEDAGEM ,EXCETO DO PARLAMENTAR NO DISTRITO FEDERAL.";"0";"";"PAIAGUAS HOTEIS LTDA";"019.821.560/0018-8";"153946";"0";"2026-07-02T00:00:00";"2402";"0";"2402";"7";"2026";"0";"";"";"2253279";"";"";"";"3237";"8133434";"https://www.camara.leg.br/cota-parlamentar/documentos/publ/3237/2026/8133434.pdf"
"Laura Carneiro";"79401546720";"74856";"307";"2023";"RJ";"PSD";"57";"3";"COMBUSTÍVEIS E LUBRIFICANTES.";"1";"Veículos Automotores";"CENTRO AUTOMOTIVO CRUZADA DA BARRA LTDA";"123.086.620/0010-2";"387276";"4";"2026-07-29T00:00:00";"222.75";"0";"222.75";"7";"2026";"0";"";"";"2255814";"";"";"";"1118";"8138753";"https://www.camara.leg.br/cota-parlamentar/nota-fiscal-eletronica?ideDocumentoFiscal=8138753"
"Rodrigo da Zaeli";"01739752910";"230767";"607";"2023";"MT";"PL";"57";"3";"COMBUSTÍVEIS E LUBRIFICANTES.";"1";"Veículos Automotores";"COM DE DERIV DE PETROLEO BALDUINO LTDA";"265.826.840/0017-0";"57888";"4";"2026-04-24T00:00:00";"474.15";"0";"474.15";"4";"2026";"0";"";"";"2229355";"";"";"";"3789";"8087314";"https://www.camara.leg.br/cota-parlamentar/nota-fiscal-eletronica?ideDocumentoFiscal=8087314"
"Carlos Chiodini";"00503190942";"204361";"473";"2023";"SC";"MDB";"57";"3";"COMBUSTÍVEIS E LUBRIFICANTES.";"1";"Veículos Automotores";"Posto Grid Ltda";"070.632.950/0043-7";"379804";"4";"2026-07-10T17:04:47";"200";"0";"200";"7";"2026";"0";"";"";"2255080";"";"";"";"3331";"8137100";"https://www.camara.leg.br/cota-parlamentar/nota-fiscal-eletronica?ideDocumentoFiscal=8137100"
"André Fernandes";"06634645361";"220657";"88";"2023";"CE";"PL";"57";"3";"COMBUSTÍVEIS E LUBRIFICANTES.";"1";"Veículos Automotores";"POSTO ALPHA COMERCIO DE COMBUSTIVEIS LTDA.";"293.320.760/0010-4";"7094";"0";"2026-05-16T00:00:00";"283.42";"0";"283.42";"5";"2026";"0";"";"";"2236142";"";"";"";"3525";"8099863";"https://www.camara.leg.br/cota-parlamentar/documentos/publ/3525/2026/8099863.pdf"
"Marcel van Hattem";"00731302060";"156190";"503";"2023";"RS";"NOVO";"57";"3";"COMBUSTÍVEIS E LUBRIFICANTES.";"1";"Veículos Automotores";"SIM REDE DE POSTOS LTDA - POA CEARA";"074.737.350/1626-6";"1460417";"4";"2026-02-19T20:30:04";"231.35";"0";"231.35";"2";"2026";"0";"";"";"2218041";"";"";"";"3299";"8066410";"https://www.camara.leg.br/cota-parlamentar/nota-fiscal-eletronica?ideDocumentoFiscal=8066410"
"Arnaldo Jardim";"04197807856";"141391";"339";"2023";"SP";"CIDADANIA";"57";"3";"COMBUSTÍVEIS E LUBRIFICANTES.";"1";"Veículos Automotores";"COMERCIAL PAGANO LTDA";"474.027.890/0033-2";"56784";"0";"2026-06-12T00:00:00";"295.06";"0";"295.06";"6";"2026";"0";"";"";"2251059";"";"";"";"1786";"8127252";"https://www.camara.leg.br/cota-parlamentar/documentos/publ/1786/2026/8127252.pdf"
"Daniel Trzeciak";"01297812077";"204409";"491";"2023";"RS";"PSDB";"57";"3";"COMBUSTÍVEIS E LUBRIFICANTES.";"1";"Veículos Automotores";"SAN REMO POSTO SERVICOS LTDA";"016.557.780/0052-5";"63448";"4";"2026-07-29T19:18:06";"295.09";"0";"295.09";"7";"2026";"0";"";"";"2257234";"";"";"";"3328";"8141789";"https://www.camara.leg.br/cota-parlamentar/nota-fiscal-eletronica?ideDocumentoFiscal=8141789"
"Silvio Antonio";"40450619320";"227310";"563";"2023";"MA";"PL";"57";"13";"FORNECIMENTO DE ALIMENTAÇÃO DO PARLAMENTAR";"0";"";"MARIETTA CNB";"006.837.480/0250-3";"32701";"4";"2026-05-20T00:00:00";"72";"0";"72";"5";"2026";"0";"";"";"2239155";"";"";"";"3750";"8105756";"https://www.camara.leg.br/cota-parlamentar/nota-fiscal-eletronica?ideDocumentoFiscal=8105756"
"Dani Cunha";"05469169707";"220603";"293";"2023";"RJ";"PL";"57";"3";"COMBUSTÍVEIS E LUBRIFICANTES.";"1";"Veículos Automotores";"Posto de Combustiveis Garantia Ltda";"725.784.380/0024-3";"40826";"4";"2026-07-01T00:00:00";"197.05";"0";"197.05";"7";"2026";"0";"";"";"2250792";"";"";"";"3523";"8128454";"https://www.camara.leg.br/cota-parlamentar/nota-fiscal-eletronica?ideDocumentoFiscal=8128454"
"Helder Salomão";"76808742715";"178873";"279";"2023";"ES";"PT";"57";"122";"SERVIÇO DE TÁXI, PEDÁGIO E ESTACIONAMENTO";"0";"";"UBER DO BRASIL TECNOLOGIA LTDA.";"178.956.460/0018-7";"s/n";"1";"2026-03-05T00:00:00";"10.95";"0";"10.95";"3";"2026";"0";"";"";"2230276";"";"";"";"2894";"8089121";"https://www.camara.leg.br/cota-parlamentar/documentos/publ/2894/2026/8089121.pdf"
"Franciane Bayer";"01320484000";"220551";"510";"2023";"RS";"REPUBLICANOS";"57";"3";"COMBUSTÍVEIS E LUBRIFICANTES.";"1";"Veículos Automotores";"ROTA 406 COMBUSTIVEIS LTDA";"311.656.070/0015-5";"88603";"4";"2026-01-30T11:48:51";"50";"0";"50";"1";"2026";"0";"";"";"2208325";"";"";"";"3514";"8049149";"https://www.camara.leg.br/cota-parlamentar/nota-fiscal-eletronica?ideDocumentoFiscal=8049149"
"Márcio Biolchi";"80686958004";"179001";"515";"2023";"RS";"MDB";"57";"1";"MANUTENÇÃO DE ESCRITÓRIO DE APOIO À ATIVIDADE PARLAMENTAR";"0";"";"PARLANET WEB E TECNOLOGIA EIRELI";"316.027.300/0019-6";"1014";"0";"2026-03-12T00:00:00";"800";"0";"800";"3";"2026";"0";"";"";"2217368";"";"";"";"3086";"8065271";"https://www.camara.leg.br/cota-parlamentar/documentos/publ/3086/2026/8065271.pdf"
"Pinheirinho";"10627817670";"204524";"261";"2023";"MG";"PP";"57";"5";"DIVULGAÇÃO DA ATIVIDADE PARLAMENTAR.";"0";"";"59.201.468 ANA JULIA GOMES DA SILVA";"592.014.680/0019-7";"20";"0";"2026-03-02T00:00:00";"6000";"0";"6000";"3";"2026";"0";"";"";"2214064";"";"";"";"3260";"8059136";"https://www.camara.leg.br/cota-parlamentar/documentos/publ/3260/2026/8059136.pdf"
"Waldenor Pereira";"10866655549";"160569";"219";"2023";"BA";"PT";"57";"5";"DIVULGAÇÃO DA ATIVIDADE PARLAMENTAR.";"0";"";"MARICELI RAMOS GONCALVES ANDRADE SENA";"484.473.100/0018-5";"202600000000032";"0";"2026-06-03T00:00:00";"2000";"1666.66";"333.34";"6";"2026";"0";"";"";"2243835";"";"";"";"2288";"8114379";"https://www.camara.leg.br/cota-parlamentar/documentos/publ/2288/2026/8114379.pdf"
"Helena Lima";"44710623287";"220537";"4";"2023";"RR";"PSD";"57";"3";"COMBUSTÍVEIS E LUBRIFICANTES.";"1";"Veículos Automotores";"MOCAPEL AUTO POSTO LTDA";"046.109.780/0012-6";"68643";"4";"2026-05-01T00:00:00";"260.37";"0";"260.37";"5";"2026";"0";"";"";"2234088";"";"";"";"3557";"8096126";"https://www.camara.leg.br/cota-parlamentar/nota-fiscal-eletronica?ideDocumentoFiscal=8096126"
"Julio Arcoverde";"77309766768";"66385";"118";"2023";"PI";"PP";"57";"3";"COMBUSTÍVEIS E LUBRIFICANTES.";"1";"Veículos Automotores";"ROCHA COMERCIO VAREJISTA DE DERIVADOS DE PETROLEO LTDA";"040.563.740/0018-0";"7289";"4";"2026-05-06T16:28:45";"300";"0";"300";"5";"2026";"0";"";"";"2234981";"";"";"";"3692";"8097806";"https://www.camara.leg.br/cota-parlamentar/nota-fiscal-eletronica?ideDocumentoFiscal=8097806"
"Delegado Fabio Costa";"03861274418";"220583";"168";"2023";"AL";"PP";"57";"5";"DIVULGAÇÃO DA ATIVIDADE PARLAMENTAR.";"0";"";"BARROS MELO COMUNICACAO LTDA";"110.353.800/0011-6";"3510";"0";"2026-05-25T00:00:00";"2500";"0";"2500";"5";"2026";"0";"";"";"2238533";"";"";"";"3633";"8103957";"https://www.camara.leg.br/cota-parlamentar/documentos/publ/3633/2026/8103957.pdf"
